{
  "render_offsets": {
    "tools": {
      "VR_hand_controller_position_adjust": [ 0.0, -0.30, -0.10 ],
      "VR_hand_controller_rotation_adjust": [ 22.5, 1.0, 0.0 ],
      "VR_hand_controller_scale": 0.8
    },
    "apple": {
      "VR_hand_controller_position_adjust": [ 0.0, -0.25, 0.2 ],
      "VR_hand_controller_rotation_adjust": [ -22.5, 5.0, 0.0 ],
      "VR_hand_controller_scale": 0.5
    },
    "stew": {
      "VR_hand_controller_position_adjust": [ 0.0, -0.35, 0.2 ],
      "VR_hand_controller_rotation_adjust": [ -25.5, 5.0, 0.0 ],
      "VR_hand_controller_scale": 0.5
    },
    "bread": {
      "VR_hand_controller_position_adjust": [ 0.0, -0.15, 0.3 ],
      "VR_hand_controller_rotation_adjust": [ 10.0, 5.0, 0.0 ],
      "VR_hand_controller_scale": 0.5
    },
    "saplings": {
      "VR_hand_controller_position_adjust": [ 0.55, -0.20, 0.40 ],
      "VR_hand_controller_rotation_adjust": [ -30.0, 5.0, 0.0 ],
      "VR_hand_controller_scale": 1.0
    },
    "flowers": {
      "VR_hand_controller_position_adjust": [ 0.55, -0.0, 0.45 ],
      "VR_hand_controller_rotation_adjust": [ -30.0, 5.0, 0.0 ],
      "VR_hand_controller_scale": 1.0
    },
    "meats": {
      "VR_hand_controller_position_adjust": [ 0.0, -0.30, 0.05 ],
      "VR_hand_controller_rotation_adjust": [ 10.0, 5.0, 0.0 ],
      "VR_hand_controller_scale": 0.5
    },
    "fishes": {
      "VR_hand_controller_position_adjust": [ 0.0, -0.25, -0.05 ],
      "VR_hand_controller_rotation_adjust": [ 20.0, 5.0, 0.0 ],
      "VR_hand_controller_scale": 0.5
    },
    "seeds": {
      "VR_hand_controller_position_adjust": [ 0.0, -0.35, 0.20 ],
      "VR_hand_controller_rotation_adjust": [ -22.5, 5.0, 0.0 ],
      "VR_hand_controller_scale": 0.5
    },
    "armor": {
      "VR_hand_controller_position_adjust": [ 0.0, -0.25, 0.20 ],
      "VR_hand_controller_rotation_adjust": [ -22.5, 0.0, 0.0 ],
      "VR_hand_controller_scale": 0.5
    },
    "string": {
      "VR_hand_controller_position_adjust": [ 0.0, -0.25, 0.20 ],
      "VR_hand_controller_rotation_adjust": [ -22.5, 5.0, 0.0 ],
      "VR_hand_controller_scale": 0.5
    },
    "helmets": {
      "VR_hand_controller_position_adjust": [ 0.0, -0.35, 0.25 ],
      "VR_hand_controller_rotation_adjust": [ -30.0, 5.0, 0.0 ],
      "VR_hand_controller_scale": 0.5
    },
    "chestplates": {
      "VR_hand_controller_position_adjust": [ 0.0, -0.28, 0.25 ],
      "VR_hand_controller_rotation_adjust": [ -30.0, 5.0, 0.0 ],
      "VR_hand_controller_scale": 0.5
    },
    "leggings": {
      "VR_hand_controller_position_adjust": [ 0.0, -0.30, 0.25 ],
      "VR_hand_controller_rotation_adjust": [ -30.0, 5.0, 0.0 ],
      "VR_hand_controller_scale": 0.5
    },
    "boots": {
      "VR_hand_controller_position_adjust": [ 0.0, -0.35, 0.25 ],
      "VR_hand_controller_rotation_adjust": [ -30.0, 5.0, 0.0 ],
      "VR_hand_controller_scale": 0.5
    },
    "doors": {
      "VR_hand_controller_position_adjust": [ 0.0, -0.35, 0.40 ],
      "VR_hand_controller_rotation_adjust": [ -30.0, 5.0, 0.0 ],
      "VR_hand_controller_scale": 0.7
    },
    "powders": {
      "VR_hand_controller_position_adjust": [ 0.0, -0.30, 0.20 ],
      "VR_hand_controller_rotation_adjust": [ -22.5, 5.0, 0.0 ],
      "VR_hand_controller_scale": 0.5
    },
    "miscellaneous": {
      "VR_hand_controller_position_adjust": [ 0.0, -0.25, 0.20 ],
      "VR_hand_controller_rotation_adjust": [ -22.5, 5.0, 0.0 ],
      "VR_hand_controller_scale": 0.5
    },
    "skull": {
      "VR_hand_controller_position_adjust": [ -0.25, -0.1, 0.0 ],
      "VR_hand_controller_rotation_adjust": [ -22.5, -130.0, 0.0 ],
      "VR_hand_controller_scale": 0.5
    },
    "cookie": {
      "VR_hand_controller_position_adjust": [ 0.0, -0.30, 0.20 ],
      "VR_hand_controller_rotation_adjust": [ -22.5, 5.0, 0.0 ],
      "VR_hand_controller_scale": 0.5
    },
    "melon": {
      "VR_hand_controller_position_adjust": [ 0.0, -0.30, 0.05 ],
      "VR_hand_controller_rotation_adjust": [ 10.0, 5.0, 0.0 ],
      "VR_hand_controller_scale": 0.5
    },
    "flesh": {
      "VR_hand_controller_position_adjust": [ 0.0, -0.25, -0.05 ],
      "VR_hand_controller_rotation_adjust": [ 20.0, 5.0, 0.0 ],
      "VR_hand_controller_scale": 0.5
    },
    "spider_eye": {
      "VR_hand_controller_position_adjust": [ 0.0, -0.30, 0.25 ],
      "VR_hand_controller_rotation_adjust": [ -35.5, 5.0, 0.0 ],
      "VR_hand_controller_scale": 0.5
    },
    "carrots": {
      "VR_hand_controller_position_adjust": [ 0.0, -0.25, -0.15 ],
      "VR_hand_controller_rotation_adjust": [ 30.0, 5.0, 0.0 ],
      "VR_hand_controller_scale": 0.5
    },
    "rabbit": {
      "VR_hand_controller_position_adjust": [ 0.0, -0.35, 0.30 ],
      "VR_hand_controller_rotation_adjust": [ -22.5, 5.0, 0.0 ],
      "VR_hand_controller_scale": 0.5
    },
    "beetroot": {
      "VR_hand_controller_position_adjust": [ 0.0, -0.35, 0.05 ],
      "VR_hand_controller_rotation_adjust": [ 5.0, 5.0, 0.0 ],
      "VR_hand_controller_scale": 0.5
    },
    "nether_wart": {
      "VR_hand_controller_position_adjust": [ 0.0, -0.35, 0.15 ],
      "VR_hand_controller_rotation_adjust": [ -22.5, 5.0, 0.0 ],
      "VR_hand_controller_scale": 0.5
    },
    "flint_and_steel": {
      "VR_hand_controller_position_adjust": [ 0.0, -0.2, 0.25 ],
      "VR_hand_controller_rotation_adjust": [ -30.5, 5.0, 0.0 ],
      "VR_hand_controller_scale": 0.5
    },
    "emerald": {
      "VR_hand_controller_position_adjust": [ 0.0, -0.30, 0.20 ],
      "VR_hand_controller_rotation_adjust": [ -22.5, 5.0, 0.0 ],
      "VR_hand_controller_scale": 0.5
    },
    "ingots": {
      "VR_hand_controller_position_adjust": [ 0.0, -0.25, -0.15 ],
      "VR_hand_controller_rotation_adjust": [ 40.5, 5.0, 0.0 ],
      "VR_hand_controller_scale": 0.5
    },
    "feather": {
      "VR_hand_controller_position_adjust": [ 0.0, -0.25, -0.15 ],
      "VR_hand_controller_rotation_adjust": [ 40.5, 5.0, 0.0 ],
      "VR_hand_controller_scale": 0.5
    },
    "flint": {
      "VR_hand_controller_position_adjust": [ 0.0, -0.30, 0.20 ],
      "VR_hand_controller_rotation_adjust": [ -22.5, 5.0, 0.0 ],
      "VR_hand_controller_scale": 0.5
    },
    "fermented_spider_eye": {
      "VR_hand_controller_position_adjust": [ 0.0, -0.35, 0.20 ],
      "VR_hand_controller_rotation_adjust": [ -22.5, 5.0, 0.0 ],
      "VR_hand_controller_scale": 0.5
    },
    "bed": {
      "VR_hand_controller_position_adjust": [ 0.0, -0.25, 0.1 ],
      "VR_hand_controller_rotation_adjust": [ -22.5, 0.0, 0.0 ],
      "VR_hand_controller_scale": 0.5
    },
    "sign": {
      "VR_hand_controller_position_adjust": [ 0.0, -0.20, 0.20 ],
      "VR_hand_controller_rotation_adjust": [ -22.5, 0.0, 0.0 ],
      "VR_hand_controller_scale": 0.5
    },
    "painting": {
      "VR_hand_controller_position_adjust": [ 0.0, -0.30, 0.30 ],
      "VR_hand_controller_rotation_adjust": [ -22.5, 2.0, 0.0 ],
      "VR_hand_controller_scale": 0.5
    },
    "frame": {
      "VR_hand_controller_position_adjust": [ 0.0, -0.30, 0.30 ],
      "VR_hand_controller_rotation_adjust": [ -22.5, 2.0, 0.0 ],
      "VR_hand_controller_scale": 0.5
    },
    "trident": {
      "VR_hand_controller_position_adjust": [ 0.4, -0.3, 0.2 ],
      "VR_hand_controller_rotation_adjust": [ 30.0, 90.0, 0.0 ],
      "VR_hand_controller_scale": 0.7
    },
    "kelp": {
      "VR_hand_controller_position_adjust": [ 0.0, -0.1, 0.0 ],
      "VR_hand_controller_rotation_adjust": [ 0.0, 0.0, 0.0 ],
      "VR_hand_controller_scale": 0.3
    },
    "dried_kelp": {
      "VR_hand_controller_position_adjust": [ 0.0, -0.1, 0.0 ],
      "VR_hand_controller_rotation_adjust": [ 0.0, 0.0, 0.0 ],
      "VR_hand_controller_scale": 0.3
    },
    "brewing_stand": {
      "VR_hand_controller_position_adjust": [ 0.0, -0.25, 0.15 ],
      "VR_hand_controller_rotation_adjust": [ -22.5, 0.0, 0.0 ],
      "VR_hand_controller_scale": 0.5
    },
    "cauldron": {
      "VR_hand_controller_position_adjust": [ 0.0, -0.35, 0.25 ],
      "VR_hand_controller_rotation_adjust": [ -22.5, 0.0, 0.0 ],
      "VR_hand_controller_scale": 0.5
    },
    "flower_pot": {
      "VR_hand_controller_position_adjust": [ 0.0, -0.35, 0.15 ],
      "VR_hand_controller_rotation_adjust": [ -20.0, 5.0, 0.0 ],
      "VR_hand_controller_scale": 0.5
    },
    "lead": {
      "VR_hand_controller_position_adjust": [ 0.0, -0.25, -0.08 ],
      "VR_hand_controller_rotation_adjust": [ 40.0, 5.0, 0.0 ],
      "VR_hand_controller_scale": 0.6
    },
    "name_tag": {
      "VR_hand_controller_position_adjust": [ 0.0, -0.25, -0.05 ],
      "VR_hand_controller_rotation_adjust": [ 20.0, 5.0, 0.0 ],
      "VR_hand_controller_scale": 0.5
    },
    "fishing_rods": {
      "VR_hand_controller_position_adjust": [ 0.03, -0.25, 0.15 ],
      "VR_hand_controller_rotation_adjust": [ -20.0, 0.0, 5.0 ],
      "VR_hand_controller_scale": 0.8
    },
    "shears": {
      "VR_hand_controller_position_adjust": [ 0.0, -0.25, -0.15 ],
      "VR_hand_controller_rotation_adjust": [ 40.5, 5.0, 0.0 ],
      "VR_hand_controller_scale": 0.5
    },
    "buckets": {
      "VR_hand_controller_position_adjust": [ 0.0, -0.25, 0.15 ],
      "VR_hand_controller_rotation_adjust": [ -22.5, 5.0, 0.0 ],
      "VR_hand_controller_scale": 0.5
    },
    "repeater": {
      "VR_hand_controller_position_adjust": [ 0.0, -0.25, -0.1 ],
      "VR_hand_controller_rotation_adjust": [ 10.0, 5.0, 0.0 ],
      "VR_hand_controller_scale": 0.5
    },
    "comparator": {
      "VR_hand_controller_position_adjust": [ 0.0, -0.30, 0.10 ],
      "VR_hand_controller_rotation_adjust": [ 0.0, 5.0, 0.0 ],
      "VR_hand_controller_scale": 0.5
    },
    "hopper": {
      "VR_hand_controller_position_adjust": [ 0.0, -0.30, 0.18 ],
      "VR_hand_controller_rotation_adjust": [ -20.0, 5.0, 0.0 ],
      "VR_hand_controller_scale": 0.5
    },
    "leather": {
      "VR_hand_controller_position_adjust": [ 0.0, -0.35, 0.20 ],
      "VR_hand_controller_rotation_adjust": [ -25.5, 5.0, 0.0 ],
      "VR_hand_controller_scale": 0.5
    },
    "rabbit_hide": {
      "VR_hand_controller_position_adjust": [ 0.0, -0.30, 0.20 ],
      "VR_hand_controller_rotation_adjust": [ -25.5, 5.0, 0.0 ],
      "VR_hand_controller_scale": 0.5
    },
    "bricks": {
      "VR_hand_controller_position_adjust": [ 0.0, -0.25, -0.15 ],
      "VR_hand_controller_rotation_adjust": [ 40.5, 5.0, 0.0 ],
      "VR_hand_controller_scale": 0.5
    },
    "quartz": {
      "VR_hand_controller_position_adjust": [ 0.0, -0.35, 0.10 ],
      "VR_hand_controller_rotation_adjust": [ 0.0, 5.0, 0.0 ],
      "VR_hand_controller_scale": 0.5
    },
    "paper": {
      "VR_hand_controller_position_adjust": [ 0.0, -0.35, -0.05 ],
      "VR_hand_controller_rotation_adjust": [ 25.0, 5.0, 0.0 ],
      "VR_hand_controller_scale": 0.5
    },
    "books": {
      "VR_hand_controller_position_adjust": [ 0.0, -0.35, -0.05 ],
      "VR_hand_controller_rotation_adjust": [ 25.0, 5.0, 0.0 ],
      "VR_hand_controller_scale": 0.5
    },
    "bone": {
      "VR_hand_controller_position_adjust": [ 0.0, -0.35, -0.15 ],
      "VR_hand_controller_rotation_adjust": [ 22.5, 5.0, 0.0 ],
      "VR_hand_controller_scale": 0.7
    },
    "wheat": {
      "VR_hand_controller_position_adjust": [ 0.0, -0.25, -0.10 ],
      "VR_hand_controller_rotation_adjust": [ 25.0, 5.0, 0.0 ],
      "VR_hand_controller_scale": 0.5
    },
    "blaze_rod": {
      "VR_hand_controller_position_adjust": [ 0.0, -0.30, -0.12 ],
      "VR_hand_controller_rotation_adjust": [ 22.5, 5.0, 0.0 ],
      "VR_hand_controller_scale": 0.7
    },
    "gold_nugget": {
      "VR_hand_controller_position_adjust": [ 0.0, -0.32, 0.10 ],
      "VR_hand_controller_rotation_adjust": [ -22.5, 5.0, 0.0 ],
      "VR_hand_controller_scale": 0.5
    },
    "glistering_melon": {
      "VR_hand_controller_position_adjust": [ -0.00, -0.05, -0.25 ],
      "VR_hand_controller_rotation_adjust": [ 90, 5.0, 0.0 ],
      "VR_hand_controller_scale": 0.5
    },
    "rabbit_foot": {
      "VR_hand_controller_position_adjust": [ 0.0, -0.30, -0.2 ],
      "VR_hand_controller_rotation_adjust": [ 40.5, 5.0, 0.0 ],
      "VR_hand_controller_scale": 0.5
    },
    "ghast_tear": {
      "VR_hand_controller_position_adjust": [ 0.0, -0.28, 0.09 ],
      "VR_hand_controller_rotation_adjust": [ -20.0, 5.0, 0.0 ],
      "VR_hand_controller_scale": 0.4
    },
    "slime_ball": {
      "VR_hand_controller_position_adjust": [ 0.0, -0.30, 0.20 ],
      "VR_hand_controller_rotation_adjust": [ -22.5, 5.0, 0.0 ],
      "VR_hand_controller_scale": 0.5
    },
    "bottles": {
      "VR_hand_controller_position_adjust": [ 0.0, -0.30, 0.20 ],
      "VR_hand_controller_rotation_adjust": [ -22.5, 5.0, 0.0 ],
      "VR_hand_controller_scale": 0.5
    },
    "splash_potions": {
      "VR_hand_controller_position_adjust": [ 0.0, -0.32, 0.18 ],
      "VR_hand_controller_rotation_adjust": [ -15.5, 5.0, 0.0 ],
      "VR_hand_controller_scale": 0.5
    },
    "sugar_cane": {
      "VR_hand_controller_position_adjust": [ 0.0, -0.25, -0.10 ],
      "VR_hand_controller_rotation_adjust": [ 25.0, 5.0, 0.0 ],
      "VR_hand_controller_scale": 0.5
    },
    "snow": {
      "VR_hand_controller_position_adjust": [ 0.05, 0.35, 0.10 ],
      "VR_hand_controller_rotation_adjust": [ -20.0, 0.0, 0.0 ],
      "VR_hand_controller_scale": 0.7
    },
    "fences": {
      "VR_hand_controller_position_adjust": [ 0.0, 0.0, 0.0 ],
      "VR_hand_controller_rotation_adjust": [ 0.0, 0.0, 0.0 ],
      "VR_hand_controller_scale": 1.0
    },
    "walls": {
      "VR_hand_controller_position_adjust": [ 0.35, -0.40, 0.50 ],
      "VR_hand_controller_rotation_adjust": [ 20.0, 1.5, 0.0 ],
      "VR_hand_controller_scale": 0.9
    },
    "carpets": {
      "VR_hand_controller_position_adjust": [ -0.0, -0.0, 0.10 ],
      "VR_hand_controller_rotation_adjust": [ 0.0, 0.0, 0.0 ],
      "VR_hand_controller_scale": 1.0
    },
    "plants": {
      "VR_hand_controller_position_adjust": [ 0.55, -0.20, 0.30 ],
      "VR_hand_controller_rotation_adjust": [ -30.0, 5.0, 0.0 ],
      "VR_hand_controller_scale": 1.0
    },
    "lilly_pad": {
      "VR_hand_controller_position_adjust": [ 0.0, -0.30, 0.35 ],
      "VR_hand_controller_rotation_adjust": [ -30.0, 0.0, 0.0 ],
      "VR_hand_controller_scale": 1.0
    },
    "anvils": {
      "VR_hand_controller_position_adjust": [ -0.00, -0.10, 0.0 ],
      "VR_hand_controller_rotation_adjust": [ 10.0, 1.5, 0.0 ],
      "VR_hand_controller_scale": 0.9
    },
    "grass": {
      "VR_hand_controller_position_adjust": [ 0.55, -0.20, 0.30 ],
      "VR_hand_controller_rotation_adjust": [ -30.0, 0.0, 0.0 ],
      "VR_hand_controller_scale": 1.0
    },
    "beacon": {
      "VR_hand_controller_position_adjust": [ 0.50, -0.50, 0.50 ],
      "VR_hand_controller_rotation_adjust": [ 0.0, 0.0, 0.0 ],
      "VR_hand_controller_scale": 1.0
    },
    "empty_map": {
      "VR_hand_controller_position_adjust": [ 0.0, -0.30, -0.05 ],
      "VR_hand_controller_rotation_adjust": [ 30.0, 5.0, 0.0 ],
      "VR_hand_controller_scale": 0.5
    },
    "stick": {
      "VR_hand_controller_position_adjust": [ 0.0, -0.30, -0.12 ],
      "VR_hand_controller_rotation_adjust": [ 22.5, 5.0, 0.0 ],
      "VR_hand_controller_scale": 0.7
    },
    "board": {
      "VR_hand_controller_position_adjust": [ 0.0, -0.25, 0.1 ],
      "VR_hand_controller_rotation_adjust": [ -22.5, 0.0, 0.0 ],
      "VR_hand_controller_scale": 0.5
    },
    "portfolio": {
      "VR_hand_controller_position_adjust": [ 0.0, -0.25, 0.1 ],
      "VR_hand_controller_rotation_adjust": [ -22.5, 0.0, 0.0 ],
      "VR_hand_controller_scale": 0.5
    },
    "bow": {
      "VR_hand_controller_position_adjust": [ 0.0, -0.60, -0.2 ],
      "VR_hand_controller_rotation_adjust": [ 0.0, 1.0, 0.0 ],
      "VR_hand_controller_scale": 0.8
    },
    "arrows": {
      "VR_hand_controller_position_adjust": [ 0.0, -0.35, -0.15 ],
      "VR_hand_controller_rotation_adjust": [ 22.5, 5.0, 0.0 ],
      "VR_hand_controller_scale": 0.7
    },
    "wings": {
      "VR_hand_controller_position_adjust": [ 0.0, -0.35, 0.40 ],
      "VR_hand_controller_rotation_adjust": [ -30.0, 5.0, 0.0 ],
      "VR_hand_controller_scale": 0.7
    },
    "stairs": {
      "VR_hand_controller_position_adjust": [ 0.0, -0.35, 0.40 ],
      "VR_hand_controller_rotation_adjust": [ -30.0, 5.0, 0.0 ],
      "VR_hand_controller_scale": 0.7
    },
    "bamboo": {
      "VR_hand_controller_position_adjust": [ 0.0, -0.1, 0.0 ],
      "VR_hand_controller_rotation_adjust": [ 0.0, 0.0, 0.0 ],
      "VR_hand_controller_scale": 0.3
    }
  }
}
