{  
   "format_version":"1.8.0",
   "animation_controllers":{  
      "controller.animation.polarbear.baby":{  
         "states":{  
            "baby":{  
               "parameters":[  
                  "query.is_baby"
               ],
               "animations":[  
                  {  
                     "baby_transform":[  
                        {  
                           "0.0":0.0,
                           "1.0":1.0
                        }
                     ]
                  }
               ]
            }
         }
      },
      "controller.animation.polarbear.move":{  
         "states":{  
            "default":{  
               "parameters":[  
                  "query.modified_move_speed"
               ],
               "animations":[  
                  {  
                     "walk":[  
                        {  
                           "0.0":0.0,
                           "1.0":1.0
                        }
                     ]
                  },
                  {  
                     "move":[  

                     ]
                  },
                  {  
                     "look_at_target":[  

                     ]
                  }
               ]
            }
         }
      }
   }
}