{
  "minecraft:entity": {
    "version": 0.1,

    "components": {
      "minecraft:identifier": {
        "id": "minecraft:endermite"
      },
      "minecraft:breathable": {
        "totalSupply": 15,
        "suffocateTime": 0
      },
      "minecraft:nameable": {
      },

      "minecraft:type_family": {
        "family": [ "endermite", "arthropod", "monster" ]
      },
      "minecraft:collision_box": {
        "width": 0.4,
        "height": 0.3
      },

      "minecraft:movement": {
        "value": 0.25
      },
		  "minecraft:health": {
        "value": 8,
        "max": 8
      },
      "minecraft:attack": {
        "damage": 2
      },

      "minecraft:behavior.float": {
        "priority": 0
      },

      "minecraft:behavior.melee_attack": {
        "priority": 3,
        "speed_multiplier": 1,
        "track_target": true
      },

      "minecraft:behavior.nearest_attackable_target": {
        "priority": 5,
        "within_radius":  8,
        "entity_types": [
          {
            "filters": { "other_with_families": [ "player", "enderman" ] },
            "max_dist": 8
          }
        ]
      },
      "minecraft:behavior.random_stroll": {
        "priority": 6,
        "speed_multiplier": 1
      },
      "minecraft:behavior.look_at_player": {
        "priority": 7,
        "look_distance": 6,
        "probability": 0.02
      },
      "minecraft:behavior.random_look_around": {
        "priority": 7
      }
    }
  }
}

