{
  "format_version": "1.8.0",
  "animation_controllers": {
    "controller.animation.creeper.head": {
      "states": {
        "default": {
          "animations": [ { "creeper_head": [] } ]
        }
      }
    },
    "controller.animation.creeper.swelling": {
      "states": {
        "default": {
          "animations": [ { "creeper_swelling": [] } ]
        }
      }
    },
    "controller.animation.creeper.legs": {
      "states": {
        "default": {
          "animations": [ { "creeper_legs": [] } ]
        }
      }
    }
  }
}
