{
  "format_version": "1.10",
  "render_controllers": {
    "controller.render.bow": {
      "arrays": {
        "textures": {
          "Array.icons": [
            "texture.default",
            "texture.bow_pulling_0",
            "texture.bow_pulling_1",
            "texture.bow_pulling_2",
            "texture.enchanted"
          ]
        },
        "geometries": {
          "Array.geo": [
            "geometry.default",
            "geometry.bow_pulling_0",
            "geometry.bow_pulling_1",
            "geometry.bow_pulling_2"
          ]
        }
      },
      "geometry": "Array.geo[query.anim_time]",
      //"materials": [ { "*": "query.isEnchanted ? Material.enchanted : Material.default" } ],
      "materials": [ { "*": "Material.default" } ],
      "textures": [ "Texture.default", "Texture.enchanted" ]
    }
  }
}
