{
  "format_version": "1.8.0",
  "minecraft:client_entity": {
    "description": {
      "identifier": "minecraft:armor_stand",
      "materials": {
        "default": "armor_stand",
        "armor": "armor",
        "armor_enchanted": "armor_enchanted",
        "armor_leather": "armor_leather",
        "armor_leather_enchanted": "armor_leather_enchanted"
      },
      "textures": {
        "default": "textures/entity/armor_stand",
        "leather": "textures/models/armor/leather_1",
        "leather_leggings": "textures/models/armor/leather_2",
        "chain": "textures/models/armor/chain_1",
        "chain_leggings": "textures/models/armor/chain_2",
        "iron": "textures/models/armor/iron_1",
        "iron_leggings": "textures/models/armor/iron_2",
        "diamond": "textures/models/armor/diamond_1",
        "diamond_leggings": "textures/models/armor/diamond_2",
        "gold": "textures/models/armor/gold_1",
        "gold_leggings": "textures/models/armor/gold_2",
        "turtle": "textures/models/armor/turtle_1",
        "enchanted": "textures/misc/enchanted_item_glint"
      },
      "animations": {
        "default_pose": "animation.armor_stand.default_pose",
        "no_pose": "animation.armor_stand.no_pose",
        "solemn_pose": "animation.armor_stand.solemn_pose",
        "athena_pose": "animation.armor_stand.athena_pose",
        "brandish_pose": "animation.armor_stand.brandish_pose",
        "honor_pose": "animation.armor_stand.honor_pose",
        "entertain_pose": "animation.armor_stand.entertain_pose",
        "salute_pose": "animation.armor_stand.salute_pose",
        "riposte_pose": "animation.armor_stand.riposte_pose",
        "zombie_pose": "animation.armor_stand.zombie_pose",
        "cancan_a_pose": "animation.armor_stand.cancan_a_pose",
        "cancan_b_pose": "animation.armor_stand.cancan_b_pose",
        "hero_pose": "animation.armor_stand.hero_pose",
        "wiggle": "animation.armor_stand.wiggle"
      },
      "animation_controllers": [
        { "pose": "controller.animation.armor_stand.pose" },
        { "wiggling": "controller.animation.armor_stand.wiggle" }
      ],
      "geometry": {
        "default": "geometry.armor_stand",
        "armor": "geometry.humanoid.armor1",
        "armor_leggings": "geometry.humanoid.armor2"
      },
      "render_controllers": [
        "controller.render.armor.chest.v1.0",
        "controller.render.armor.legs.v1.0",
        "controller.render.armor.feet.v1.0",
        "controller.render.armor.head.v1.0",
        "controller.render.armor_stand"
      ]
    }
  }
}