{
  "items": {
    "apple": {
      "icon": "apple",
      "category": "Nature",
      "use_animation": "eat",

      "render_offsets": "apple"
    },
    "golden_apple": {
      "icon": "apple_golden",
      "category": "Nature",
      "use_animation": "eat",
      "hover_text_color": "aqua",

      "render_offsets": "apple"
    },
    "appleEnchanted": {
      "icon": "apple_golden",
      "category": "Nature",
      "use_animation": "eat",
      "hover_text_color": "light_purple",

      "render_offsets": "apple"
    },
    "mushroom_stew": {
      "icon": "mushroom_stew",
      "category": "Equipment",
      "use_animation": "eat",

      "render_offsets": "stew"
    },
    "bread": {
      "icon": "bread",
      "category": "Equipment",
      "use_animation": "eat",

      "render_offsets": "stew"
    },
    "porkchop": {
      "icon": "porkchop_raw",
      "category": "Nature",
      "use_animation": "eat",

      "render_offsets": "meats"
    },
    "cooked_porkchop": {
      "icon": "porkchop_cooked",
      "category": "Equipment",
      "use_animation": "eat",

      "render_offsets": "meats"
    },
    "fish": {
      "icon": "fish",
      "category": "Nature",
      "use_animation": "eat",

      "render_offsets": "fishes"
    },
    "salmon": {
      "icon": "salmon",
      "category": "Nature",
      "use_animation": "eat",

      "render_offsets": "fishes"
    },
    "clownfish": {
      "icon": "clownfish",
      "category": "Nature",
      "use_animation": "eat",

      "render_offsets": "fishes"
    },
    "pufferfish": {
      "icon": "pufferfish",
      "category": "Nature",
      "use_animation": "eat",

      "render_offsets": "fishes"
    },
    "cooked_fish": {
      "icon": "cooked_fish",
      "category": "Equipment",
      "use_animation": "eat",

      "render_offsets": "fishes"
    },
    "cooked_salmon": {
      "icon": "cooked_salmon",
      "category": "Equipment",
      "use_animation": "eat",

      "render_offsets": "fishes"
    },
    "cookie": {
      "icon": "cookie",
      "category": "Equipment",
      "use_animation": "eat",

      "render_offsets": "cookie"
    },
    "melon": {
      "icon": "melon",
      "category": "Nature",
      "use_animation": "eat",

      "render_offsets": "melon"
    },
    "beef": {
      "icon": "beef_raw",
      "category": "Nature",
      "use_animation": "eat",

      "render_offsets": "meats"
    },
    "cooked_beef": {
      "icon": "beef_cooked",
      "category": "Equipment",
      "use_animation": "eat",

      "render_offsets": "meats"
    },
    "chicken": {
      "icon": "chicken_raw",
      "category": "Nature",
      "use_animation": "eat",

      "render_offsets": "meats"
    },
    "cooked_chicken": {
      "icon": "chicken_cooked",
      "category": "Equipment",
      "use_animation": "eat",

      "render_offsets": "meats"
    },
    "muttonRaw": {
      "icon": "mutton_raw",
      "category": "Nature",
      "use_animation": "eat",

      "render_offsets": "meats"
    },
    "muttonCooked": {
      "icon": "mutton_cooked",
      "category": "Equipment",
      "use_animation": "eat",

      "render_offsets": "meats"
    },
    "dried_kelp": {
      "icon": "dried_kelp",
      "category": "Equipment",
      "use_animation": "eat",

      "render_offsets": "dried_kelp"
    },
    "rotten_flesh": {
      "icon": "rotten_flesh",
      "category": "Nature",
      "use_animation": "eat",

      "render_offsets": "flesh"
    },
    "spider_eye": {
      "icon": "spider_eye",
      "category": "Nature",
      "use_animation": "eat",

      "render_offsets": "spider_eye"
    },
    "potato": {
      "icon": "potato",
      "category": "Nature",
      "use_animation": "eat",

      "render_offsets": "miscellaneous"
    },
    "baked_potato": {
      "icon": "potato_baked",
      "category": "Equipment",
      "use_animation": "eat",

      "render_offsets": "miscellaneous"
    },
    "poisonous_potato": {
      "icon": "potato_poisonous",
      "category": "Nature",
      "use_animation": "eat",

      "render_offsets": "miscellaneous"
    },
    "carrot": {
      "icon": "carrot",
      "category": "Nature",
      "use_animation": "eat",

      "render_offsets": "carrots"
    },
    "golden_carrot": {
      "icon": "carrot_golden",
      "category": "Nature",
      "use_animation": "eat",

      "render_offsets": "carrots"
    },
    "pumpkin_pie": {
      "icon": "pumpkin_pie",
      "category": "Equipment",
      "use_animation": "eat",

      "render_offsets": "miscellaneous"
    },
    "beetroot": {
      "icon": "beetroot",
      "category": "Nature",
      "use_animation": "eat",

      "render_offsets": "beetroot"
    },
    "beetroot_soup": {
      "icon": "beetroot_soup",
      "category": "Equipment",
      "use_animation": "eat",

      "render_offsets": "miscellaneous"
    },
    "rabbit": {
      "icon": "rabbit",
      "category": "Nature",
      "use_animation": "eat",

      "render_offsets": "rabbit"
    },
    "cooked_rabbit": {
      "icon": "rabbit_cooked",
      "category": "Equipment",
      "use_animation": "eat",

      "render_offsets": "rabbit"
    },
    "rabbit_stew": {
      "icon": "rabbit_stew",
      "category": "Equipment",
      "use_animation": "eat",

      "render_offsets": "stew"
    },
    "wheat_seeds": {
      "icon": "seeds_wheat",
      "category": "Nature",

      "render_offsets": "seeds"
    },
    "pumpkin_seeds": {
      "icon": "seeds_pumpkin",
      "category": "Nature",

      "render_offsets": "seeds"
    },
    "melon_seeds": {
      "icon": "seeds_melon",
      "category": "Nature",

      "render_offsets": "seeds"
    },
    "nether_wart": {
      "icon": "nether_wart",
      "category": "Nature",

      "render_offsets": "nether_wart"
    },
    "beetroot_seeds": {
      "icon": "seeds_beetroot",
      "category": "Nature",

      "render_offsets": "seeds"
    },
    "flint_and_steel": {
      "render_offsets": "flint_and_steel"
    },
    "coal": {
      "render_offsets": "miscellaneous"
    },
    "diamond": {
      "render_offsets": "miscellaneous"
    },
    "emerald": {
      "render_offsets": "emerald"
    },
    "iron_ingot": {
      "render_offsets": "ingots"
    },
    "gold_ingot": {
      "render_offsets": "ingots"
    },
    "string": {
      "render_offsets": "string"
    },
    "feather": {
      "render_offsets": "feather"
    },
    "gunpowder": {
      "render_offsets": "powders"
    },
    "glowstone_dust": {
      "render_offsets": "powders"
    },
    "bowl": {
      "render_offsets": "miscellaneous"
    },
    "flint": {
      "render_offsets": "flint"
    },
    "fermented_spider_eye": {
      "render_offsets": "fermented_spider_eye"
    },
    "bed": {
      "render_offsets": "bed"
    },
    "sign": {
      "render_offsets": "sign"
    },
    "painting": {
      "render_offsets": "painting"
    },
    "frame": {
      "render_offsets": "frame"
    },
    "brewing_stand": {
      "render_offsets": "brewing_stand"
    },
    "cauldron": {
      "render_offsets": "cauldron"
    },
    "flower_pot": {
      "render_offsets": "flower_pot"
    },
    "skull": {
      "render_offsets": "skull"
    },
    "wooden_door": {
      "render_offsets": "doors"
    },
    "iron_door": {
      "render_offsets": "doors"
    },
    "spruce_door": {
      "render_offsets": "doors"
    },
    "birch_door": {
      "render_offsets": "doors"
    },
    "jungle_door": {
      "render_offsets": "doors"
    },
    "acacia_door": {
      "render_offsets": "doors"
    },
    "dark_oak_door": {
      "render_offsets": "doors"
    },
    "redstone": {
      "render_offsets": "powders"
    },
    "lead": {
      "render_offsets": "lead"
    },
    "name_tag": {
      "render_offsets": "name_tag"
    },
    "nautilus_shell": {
      "render_offsets": "miscellaneous"
    },
    "heart_of_the_sea": {
      "render_offsets": "miscellaneous"
    },
    "fishing_rod": {
      "render_offsets": "fishing_rods"
    },
    "shears": {
      "render_offsets": "shears"
    },
    "clock": {
      "render_offsets": "miscellaneous"
    },
    "compass": {
      "render_offsets": "miscellaneous"
    },
    "minecart": {
      "render_offsets": "miscellaneous"
    },
    "chest_minecart": {
      "render_offsets": "miscellaneous"
    },
    "minecartFurnace": {
      "render_offsets": "miscellaneous"
    },
    "tnt_minecart": {
      "render_offsets": "miscellaneous"
    },
    "hopper_minecart": {
      "render_offsets": "miscellaneous"
    },
    "boat": {
      "render_offsets": "miscellaneous"
    },
    "saddle": {
      "render_offsets": "miscellaneous"
    },
    "bucket": {
      "render_offsets": "buckets"
    },
    "horsearmorleather": {
      "render_offsets": "armor"
    },
    "horsearmoriron": {
      "render_offsets": "armor"
    },
    "horsearmorgold": {
      "render_offsets": "armor"
    },
    "horsearmordiamond": {
      "render_offsets": "armor"
    },
    "spawn_egg": {
      "render_offsets": "miscellaneous"
    },
    "repeater": {
      "render_offsets": "repeater"
    },
    "comparator": {
      "render_offsets": "comparator"
    },
    "hopper": {
      "render_offsets": "hopper"
    },
    "snowball": {
      "render_offsets": "miscellaneous"
    },
    "leather": {
      "render_offsets": "leather"
    },
    "rabbit_hide": {
      "render_offsets": "rabbit_hide"
    },
    "clay_ball": {
      "render_offsets": "powders"
    },
    "sugar": {
      "render_offsets": "powders"
    },
    "brick": {
      "render_offsets": "bricks"
    },
    "netherbrick": {
      "render_offsets": "bricks"
    },
    "quartz": {
      "render_offsets": "quartz"
    },
    "paper": {
      "render_offsets": "paper"
    },
    "book": {
      "render_offsets": "books"
    },
    "bone": {
      "render_offsets": "bone"
    },
    "wheat": {
      "render_offsets": "wheat"
    },
    "egg": {
      "render_offsets": "miscellaneous"
    },
    "netherStar": {
      "render_offsets": "miscellaneous"
    },
    "magma_cream": {
      "render_offsets": "miscellaneous"
    },
    "blaze_rod": {
      "render_offsets": "blaze_rod"
    },
    "gold_nugget": {
      "render_offsets": "gold_nugget"
    },
    "speckled_melon": {
      "render_offsets": "glistering_melon"
    },
    "rabbit_foot": {
      "render_offsets": "rabbit_foot"
    },
    "ghast_tear": {
      "render_offsets": "ghast_tear"
    },
    "slime_ball": {
      "render_offsets": "slime_ball"
    },
    "blaze_powder": {
      "render_offsets": "miscellaneous"
    },
    "carrotOnAStick": {
      "render_offsets": "fishing_rods"
    },
    "glass_bottle": {
      "render_offsets": "bottles"
    },
    "prismarine_shard": {
      "render_offsets": "miscellaneous"
    },
    "prismarine_crystals": {
      "render_offsets": "miscellaneous"
    },
    "potion": {
      "render_offsets": "bottles"
    },
    "enchanted_book": {
      "render_offsets": "books"
    },
    "dye": {
      "render_offsets": "powders"
    },
    "splash_potion": {
      "render_offsets": "splash_potions"
    },
    "ender_pearl": {
      "render_offsets": "miscellaneous"
    },
    "fireball": {
      "render_offsets": "miscellaneous"
    },
    "experience_bottle": {
      "render_offsets": "bottles"
    },
    "cake": {
      "render_offsets": "miscellaneous"
    },
    "reeds": {
      "render_offsets": "sugar_cane"
    },
    "snow_layer": {
      "render_offsets": "snow"
    },
    "fence": {
      "render_offsets": "fences"
    },
    "cobblestone_wall": {
      "render_offsets": "walls"
    },
    "carpet": {
      "render_offsets": "carpets"
    },
    "yellow_flower": {
      "render_offsets": "flowers"
    },
    "red_flower": {
      "render_offsets": "flowers"
    },
    "double_plant": {
      "render_offsets": "plants"
    },
    "waterlilly": {
      "render_offsets": "lilly_pad"
    },
    "anvil": {
      "render_offsets": "anvils"
    },
    "tallgrass": {
      "render_offsets": "grass"
    },
    "seagrass": {
      "render_offsets": "grass"
    },
    "sapling": {
      "render_offsets": "saplings"
    },
    "beacon": {
      "render_offsets": "beacon"
    },
    "emptyMap": {
      "render_offsets": "empty_map"
    },
    "stick": {
      "render_offsets": "stick"
    },
    "wooden_sword": {
      "render_offsets": "tools"
    },
    "wooden_shovel": {
      "render_offsets": "tools"
    },
    "wooden_pickaxe": {
      "render_offsets": "tools"
    },
    "wooden_axe": {
      "render_offsets": "tools"
    },
    "wooden_hoe": {
      "render_offsets": "tools"
    },
    "stone_sword": {
      "render_offsets": "tools"
    },
    "stone_shovel": {
      "render_offsets": "tools"
    },
    "stone_pickaxe": {
      "render_offsets": "tools"
    },
    "stone_axe": {
      "render_offsets": "tools"
    },
    "stone_hoe": {
      "render_offsets": "tools"
    },
    "iron_sword": {
      "render_offsets": "tools"
    },
    "iron_shovel": {
      "render_offsets": "tools"
    },
    "iron_pickaxe": {
      "render_offsets": "tools"
    },
    "iron_axe": {
      "render_offsets": "tools"
    },
    "iron_hoe": {
      "render_offsets": "tools"
    },
    "golden_sword": {
      "render_offsets": "tools"
    },
    "golden_shovel": {
      "render_offsets": "tools"
    },
    "golden_pickaxe": {
      "render_offsets": "tools"
    },
    "golden_axe": {
      "render_offsets": "tools"
    },
    "golden_hoe": {
      "render_offsets": "tools"
    },
    "diamond_sword": {
      "render_offsets": "tools"
    },
    "diamond_shovel": {
      "render_offsets": "tools"
    },
    "diamond_pickaxe": {
      "render_offsets": "tools"
    },
    "diamond_axe": {
      "render_offsets": "tools"
    },
    "diamond_hoe": {
      "render_offsets": "tools"
    },
    "leather_helmet": {
      "render_offsets": "helmets"
    },
    "leather_chestplate": {
      "render_offsets": "chestplates"
    },
    "leather_leggings": {
      "render_offsets": "leggings"
    },
    "leather_boots": {
      "render_offsets": "boots"
    },
    "chainmail_helmet": {
      "render_offsets": "helmets"
    },
    "chainmail_chestplate": {
      "render_offsets": "chestplates"
    },
    "chainmail_leggings": {
      "render_offsets": "leggings"
    },
    "chainmail_boots": {
      "render_offsets": "boots"
    },
    "iron_helmet": {
      "render_offsets": "helmets"
    },
    "iron_chestplate": {
      "render_offsets": "chestplates"
    },
    "iron_leggings": {
      "render_offsets": "leggings"
    },
    "iron_boots": {
      "render_offsets": "boots"
    },
    "golden_helmet": {
      "render_offsets": "helmets"
    },
    "golden_chestplate": {
      "render_offsets": "chestplates"
    },
    "golden_leggings": {
      "render_offsets": "leggings"
    },
    "golden_boots": {
      "render_offsets": "boots"
    },
    "diamond_helmet": {
      "render_offsets": "helmets"
    },
    "diamond_chestplate": {
      "render_offsets": "chestplates"
    },
    "diamond_leggings": {
      "render_offsets": "leggings"
    },
    "diamond_boots": {
      "render_offsets": "boots"
    },
    "board": {
      "render_offsets": "board"
    },
    "portfolio": {
      "render_offsets": "portfolio"
    },
    "camera": {
      "icon": "camera",
      "category": "Items",
      "use_animation": "camera"
    },
    "bow": {
      "render_offsets": "bow"
    },
    "arrow": {
      "render_offsets": "arrows"
    },
    "elytra": {
      "render_offsets": "wings"
    },
    "ender_eye": {
      "render_offsets": "miscellaneous"
    },
    "chorus_fruit_popped": {
      "render_offsets": "miscellaneous"
    },
    "chorus_fruit": {
      "render_offsets": "miscellaneous"
    },
    "dragon_breath": {
      "render_offsets": "bottles"
    },
    "lingering_potion": {
      "render_offsets": "bottles"
    },
    "end_crystal": {
      "render_offsets": "miscellaneous"
    },
    "kelp": {
      "render_offsets": "kelp"
    },
    "trident": {
      "render_offsets": "trident"
    },
    "medicine": {
      "icon_atlas": "medicine"
    }
  }
}
