{
  "format_version": "1.8.0",
  "geometry.endermite": {
    "texturewidth": 64,
    "textureheight": 32,
    "bones": [
      {
        "name": "section_0",
        "parent": "section_1",
        "pivot": [ 0.0, 0.0, 0 ],
        "cubes": [
          {
            "origin": [ -2, 0, -4.5 ],
            "size": [ 4, 3, 2 ],
            "uv": [ 0.0, 0.0 ]
          }
        ]
      },
      {
        "name": "section_1",
        "pivot": [ 0.0, 0.0, 0.0 ],
        "cubes": [
          {
            "origin": [ -3, 0, -2.5 ],
            "size": [ 6, 4, 5 ],
            "uv": [ 0.0, 5.0 ]
          }
        ]
      },
      {
        "name": "section_2",
        "parent": "section_1",
        "pivot": [ 0.0, 0.0, 0.0 ],
        "cubes": [
          {
            "origin": [ -1.5, 0, 2.5 ],
            "size": [ 3, 3, 1 ],
            "uv": [ 0.0, 14.0 ]
          }
        ]
      },
      {
        "name": "section_3",
        "parent": "section_2",
        "pivot": [ 0.0, 0.0, 0.0 ],
        "cubes": [
          {
            "origin": [ -0.5, 0, 3.5 ],
            "size": [ 1, 2.0, 1 ],
            "uv": [ 0.0, 18.0 ]
          }
        ]
      }
    ]
  }
}