{
  "format_version": "1.8.0",
  "geometry.llamaspit": {
    "visible_bounds_width": 1,
    "visible_bounds_height": 1,
    "visible_bounds_offset": [ 0, 0.5, 0 ],
    "texturewidth": 64,
    "textureheight": 64,
    "bones": [
      {
        "name": "body",
        "pivot": [ 0.0, 24.0, 0.0 ],
        "cubes": [
          {
            "origin": [ -4.0, 22.0, 0.0 ],
            "size": [ 2.0, 2.0, 2.0 ],
            "uv": [ 0, 0 ]
          },
          {
            "origin": [ 0.0, 26.0, 0.0 ],
            "size": [ 2.0, 2.0, 2.0 ],
            "uv": [ 0, 0 ]
          },
          {
            "origin": [ 0.0, 22.0, -4.0 ],
            "size": [ 2.0, 2.0, 2.0 ],
            "uv": [ 0, 0 ]
          },
          {
            "origin": [ 0.0, 22.0, 0.0 ],
            "size": [ 2.0, 2.0, 2.0 ],
            "uv": [ 0, 0 ]
          },
          {
            "origin": [ 2.0, 22.0, 0.0 ],
            "size": [ 2.0, 2.0, 2.0 ],
            "uv": [ 0, 0 ]
          },
          {
            "origin": [ 0.0, 20.0, 0.0 ],
            "size": [ 2.0, 2.0, 2.0 ],
            "uv": [ 0, 0 ]
          },
          {
            "origin": [ 0.0, 22.0, 2.0 ],
            "size": [ 2.0, 2.0, 2.0 ],
            "uv": [ 0, 0 ]
          }
        ]
      }
    ]
  },
  "geometry.llama.v1.8": {
    "visible_bounds_width": 2,
    "visible_bounds_height": 2.5,
    "visible_bounds_offset": [ 0, 1, 0 ],
    "texturewidth": 128,
    "textureheight": 64,
    "bones": [
      {
        "name": "head",
        "parent": "body",
        "pivot": [ 0.0, 17.0, -6.0 ],
        "cubes": [
          {
            "origin": [ -2.0, 27.0, -16.0 ],
            "size": [ 4.0, 4.0, 9.0 ],
            "uv": [ 0, 0 ]
          },
          {
            "origin": [ -4.0, 15.0, -12.0 ],
            "size": [ 8.0, 18.0, 6.0 ],
            "uv": [ 0, 14 ]
          },
          {
            "origin": [ -4.0, 33.0, -10.0 ],
            "size": [ 3.0, 3.0, 2.0 ],
            "uv": [ 17, 0 ]
          },
          {
            "origin": [ 1.0, 33.0, -10.0 ],
            "size": [ 3.0, 3.0, 2.0 ],
            "uv": [ 17, 0 ]
          }
        ]
      },
      {
        "name": "chest1",
        "parent":  "body",
        "pivot": [ -8.5, 21.0, 3.0 ],
        "rotation": [ 0.0, 90.0, 0.0 ],
        "cubes": [
          {
            "origin": [ -11.5, 13.0, 3.0 ],
            "size": [ 8.0, 8.0, 3.0 ],
            "uv": [ 45, 28 ]
          }
        ]
      },
      {
        "name": "chest2",
        "parent": "body",
        "pivot": [ 5.5, 21.0, 3.0 ],
        "rotation": [ 0.0, 90.0, 0.0 ],
        "cubes": [
          {
            "origin": [ 2.5, 13.0, 3.0 ],
            "size": [ 8.0, 8.0, 3.0 ],
            "uv": [ 45, 41 ]
          }
        ]
      },
      {
        "name": "body",
        "pivot": [ 0.0, 19.0, 2.0 ],
        "bind_pose_rotation": [ 90.0, 0.0, 0.0 ],
        "cubes": [
          {
            "origin": [ -6.0, 11.0, -5.0 ],
            "size": [ 12.0, 18.0, 10.0 ],
            "uv": [ 29, 0 ]
          }
        ]
      },
      {
        "name": "leg0",
        "parent": "body",
        "pivot": [ -3.5, 14.0, 6.0 ],
        "cubes": [
          {
            "origin": [ -5.5, 0.0, 4.0 ],
            "size": [ 4.0, 14.0, 4.0 ],
            "uv": [ 29, 29 ]
          }
        ]
      },
      {
        "name": "leg1",
        "parent": "body",
        "pivot": [ 3.5, 14.0, 6.0 ],
        "cubes": [
          {
            "origin": [ 1.5, 0.0, 4.0 ],
            "size": [ 4.0, 14.0, 4.0 ],
            "uv": [ 29, 29 ]
          }
        ]
      },
      {
        "name": "leg2",
        "parent": "body",
        "pivot": [ -3.5, 14.0, -5.0 ],
        "cubes": [
          {
            "origin": [ -5.5, 0.0, -7.0 ],
            "size": [ 4.0, 14.0, 4.0 ],
            "uv": [ 29, 29 ]
          }
        ]
      },
      {
        "name": "leg3",
        "parent": "body",
        "pivot": [ 3.5, 14.0, -5.0 ],
        "cubes": [
          {
            "origin": [ 1.5, 0.0, -7.0 ],
            "size": [ 4.0, 14.0, 4.0 ],
            "uv": [ 29, 29 ]
          }
        ]
      }
    ]
  }
}