{
  "format_version": "1.10.0",
  "minecraft:entity": {
    "description": {
      "identifier": "minecraft:villager_v2",
      "is_spawnable": true,
      "is_summonable": true,
      "is_experimental": true
    },
  
    "component_groups": {
      "become_witch": {
        "minecraft:transformation": {
          "into": "minecraft:witch",
          "delay": 0.5
        }
      },
      
      "work_schedule": {
        "minecraft:scheduler": [
          {
            "scheduled_event": {
              "filters": {
                "all_of": [
                  { "test": "hourly_clock_time", "operator": ">=", "value": 0 },
                  { "test": "hourly_clock_time", "operator": "<", "value": 8000 }
                ]
              },
              "event": "minecraft:schedule_work_pro_villager"
            }
          },
          {
            "scheduled_event": {
              "filters": {
                "all_of": [
                  { "test": "hourly_clock_time", "operator": ">=", "value": 8000 },
                  { "test": "hourly_clock_time", "operator": "<", "value": 10000 }
                ]
              },
              "event": "minecraft:schedule_gather_villager"
            }
          },
          {
            "scheduled_event": {
              "filters": {
                "all_of": [
                  { "test": "hourly_clock_time", "operator": ">=", "value": 10000 },
                  { "test": "hourly_clock_time", "operator": "<", "value": 11000 }
                ]
              },
              "event": "minecraft:schedule_work_pro_villager"
            }
          },
          {
            "scheduled_event": {
              "filters": {
                "all_of": [
                  { "test": "hourly_clock_time", "operator": ">=", "value": 11000 },
                  { "test": "hourly_clock_time", "operator": "<", "value": 12000 }
                ]
              },
              "event": "minecraft:schedule_home_villager"
            }
          },
          {
            "scheduled_event": {
              "filters": {
                "all_of": [
                  { "test": "hourly_clock_time", "operator": ">=", "value": 12000 },
                  { "test": "hourly_clock_time", "operator": "<", "value": 24000 }
                ]
              },
              "event": "minecraft:schedule_bed_villager"
            }
          }
        ]
      },

      "basic_schedule": {
        "minecraft:scheduler": [
           {
             "scheduled_event": {
               "filters": {
                 "all_of": [
                   { "test": "hourly_clock_time", "operator": ">=", "value": 0 },
                   { "test": "hourly_clock_time", "operator": "<", "value": 8000 }
                 ]
               },
               "event": "minecraft:schedule_wander_villager"
             }
           },
           {
             "scheduled_event": {
               "filters": {
                 "all_of": [
                   { "test": "hourly_clock_time", "operator": ">=", "value": 8000 },
                   { "test": "hourly_clock_time", "operator": "<", "value": 10000}
                 ]
               },
               "event": "minecraft:schedule_gather_villager"
             }
           },
           {
             "scheduled_event": {
               "filters": {
                 "all_of": [
                   { "test": "hourly_clock_time", "operator": ">=", "value": 10000 },
                   { "test": "hourly_clock_time", "operator": "<", "value": 11000 }
                 ]
               },
               "event": "minecraft:schedule_wander_villager"
             }
           },
           {
             "scheduled_event": {
               "filters": {
                 "all_of": [
                   { "test": "hourly_clock_time", "operator": ">=", "value": 11000 },
                   { "test": "hourly_clock_time", "operator": "<", "value": 12000 }
                 ]
               },
               "event": "minecraft:schedule_home_villager"
             }
           },
           {
             "scheduled_event": {
               "filters": {
                 "all_of": [
                   { "test": "hourly_clock_time", "operator": ">=", "value": 12000 },
                   { "test": "hourly_clock_time", "operator": "<", "value": 24000 }
                 ]
               },
               "event": "minecraft:schedule_bed_villager"
             }
           }
         ]
      },

      "child_schedule": {
        "minecraft:scheduler": [
        {
          "scheduled_event": {
            "filters": {
              "all_of": [
                { "test": "hourly_clock_time", "operator": ">=", "value": 0 },
                { "test": "hourly_clock_time", "operator": "<", "value": 11000 }
              ]
            },
            "event": "minecraft:schedule_play_villager"
          }
        },
        {
          "scheduled_event": {
            "filters": {
              "all_of": [
                { "test": "hourly_clock_time", "operator": ">=", "value": 11000 },
                { "test": "hourly_clock_time", "operator": "<", "value": 12000 }
              ]
            },
            "event": "minecraft:schedule_home_villager"
          }
        },
        {
          "scheduled_event": {
            "filters": {
              "all_of": [
                { "test": "hourly_clock_time", "operator": ">=", "value": 12000 },
                { "test": "hourly_clock_time", "operator": "<", "value": 24000 }
              ]
            },
            "event": "minecraft:schedule_bed_villager"
          }
        }
       ]
      },

      "jobless_schedule": {
         "minecraft:scheduler": [
         {
           "scheduled_event": {
             "filters": {
               "all_of": [
                 { "test": "hourly_clock_time", "operator": ">=", "value": 2000 },
                 { "test": "hourly_clock_time", "operator": "<", "value": 13000 }
               ]
             },
             "event": "minecraft:schedule_wander_villager"
           }
         },
         {
           "scheduled_event": {
             "filters": {
               "all_of": [
                 { "test": "hourly_clock_time", "operator": ">=", "value": 13000 },
                 { "test": "hourly_clock_time", "operator": "<", "value": 14000 }
               ]
             },
             "event": "minecraft:schedule_home_villager"
           }
         },
        {
          "scheduled_event": {
            "filters": {
              "all_of": [
                { "test": "hourly_clock_time", "operator": ">=", "value": 14000 },
                { "test": "hourly_clock_time", "operator": "<", "value": 24000 }
              ]
            },
            "event": "minecraft:schedule_bed_villager"
          }
        },
        {
           "scheduled_event": {
             "filters": {
               "all_of": [
                 { "test": "hourly_clock_time", "operator": ">=", "value": 0 },
                 { "test": "hourly_clock_time", "operator": "<", "value": 2000 }
               ]
             },
             "event": "minecraft:schedule_bed_villager"
           }
         }
       ]
      },

      "fisher_schedule": {
        "minecraft:scheduler": [
          {
            "scheduled_event": {
              "filters": {
                "all_of": [
                  { "test": "hourly_clock_time", "operator": ">=", "value": 0 },
                  { "test": "hourly_clock_time", "operator": "<", "value": 8000 }
                ]
              },
              "event": "minecraft:schedule_work_fisher"
            }
          },
          {
            "scheduled_event": {
              "filters": {
                "all_of": [
                  { "test": "hourly_clock_time", "operator": ">=", "value": 8000 },
                  { "test": "hourly_clock_time", "operator": "<", "value": 10000 }
                ]
              },
              "event": "minecraft:schedule_gather_villager"
            }
          },
          {
            "scheduled_event": {
              "filters": {
                "all_of": [
                  { "test": "hourly_clock_time", "operator": ">=", "value": 10000 },
                  { "test": "hourly_clock_time", "operator": "<", "value": 11000 }
                ]
              },
              "event": "minecraft:schedule_work_fisher"
            }
          },
          {
            "scheduled_event": {
              "filters": {
                "all_of": [
                  { "test": "hourly_clock_time", "operator": ">=", "value": 11000 },
                  { "test": "hourly_clock_time", "operator": "<", "value": 12000 }
                ]
              },
              "event": "minecraft:schedule_home_villager"
            }
          },
          {
            "scheduled_event": {
              "filters": {
                "all_of": [
                  { "test": "hourly_clock_time", "operator": ">=", "value": 12000 },
                  { "test": "hourly_clock_time", "operator": "<", "value": 24000 }
                ]
              },
              "event": "minecraft:schedule_bed_villager"
            }
          }
        ]
      },

      "librarian_schedule": {
        "minecraft:scheduler": [
          {
            "scheduled_event": {
              "filters": {
                "all_of": [
                  { "test": "hourly_clock_time", "operator": ">=", "value": 0 },
                  { "test": "hourly_clock_time", "operator": "<", "value": 8000 }
                ]
              },
              "event": "minecraft:schedule_work_librarian"
            }
          },
          {
            "scheduled_event": {
              "filters": {
                "all_of": [
                  { "test": "hourly_clock_time", "operator": ">=", "value": 8000 },
                  { "test": "hourly_clock_time", "operator": "<", "value": 10000 }
                ]
              },
              "event": "minecraft:schedule_gather_villager"
            }
          },
          {
            "scheduled_event": {
              "filters": {
                "all_of": [
                  { "test": "hourly_clock_time", "operator": ">=", "value": 10000 },
                  { "test": "hourly_clock_time", "operator": "<", "value": 11000 }
                ]
              },
              "event": "minecraft:schedule_work_librarian"
            }
          },
          {
            "scheduled_event": {
              "filters": {
                "all_of": [
                  { "test": "hourly_clock_time", "operator": ">=", "value": 11000 },
                  { "test": "hourly_clock_time", "operator": "<", "value": 12000 }
                ]
              },
              "event": "minecraft:schedule_home_villager"
            }
          },
          {
            "scheduled_event": {
              "filters": {
                "all_of": [
                  { "test": "hourly_clock_time", "operator": ">=", "value": 12000 },
                  { "test": "hourly_clock_time", "operator": "<", "value": 24000 }
                ]
              },
              "event": "minecraft:schedule_bed_villager"
            }
          }
        ]
      },

      "farmer_schedule": {
        "minecraft:scheduler": [
          {
            "scheduled_event": {
              "filters": {
                "all_of": [
                  { "test": "hourly_clock_time", "operator": ">=", "value": 0 },
                  { "test": "hourly_clock_time", "operator": "<", "value": 8000 }
                ]
              },
              "event": "minecraft:schedule_work_farmer"
            }
          },
          {
            "scheduled_event": {
              "filters": {
                "all_of": [
                  { "test": "hourly_clock_time", "operator": ">=", "value": 8000 },
                  { "test": "hourly_clock_time", "operator": "<", "value": 10000 }
                ]
              },
              "event": "minecraft:schedule_gather_villager"
            }
          },
          {
            "scheduled_event": {
              "filters": {
                "all_of": [
                  { "test": "hourly_clock_time", "operator": ">=", "value": 10000 },
                  { "test": "hourly_clock_time", "operator": "<", "value": 11000 }
                ]
              },
              "event": "minecraft:schedule_work_farmer"
            }
          },
          {
            "scheduled_event": {
              "filters": {
                "all_of": [
                  { "test": "hourly_clock_time", "operator": ">=", "value": 11000 },
                  { "test": "hourly_clock_time", "operator": "<", "value": 12000 }
                ]
              },
              "event": "minecraft:schedule_home_villager"
            }
          },
          {
            "scheduled_event": {
              "filters": {
                "all_of": [
                  { "test": "hourly_clock_time", "operator": ">=", "value": 12000 },
                  { "test": "hourly_clock_time", "operator": "<", "value": 24000 }
                ]
              },
              "event": "minecraft:schedule_bed_villager"
            }
          }
        ]
      },
      
      //every goal that has to do with villagers working should go here (work goals, secondary goals)
      //so they can be successfuly removed on schedule change
      "job_specific_goals" : {
        "minecraft:behavior.inspect_bookshelf": {},
        "minecraft:behavior.harvest_farm_block" : {},
        "minecraft:behavior.explore_outskirts" : {}
      },
      
      "work_schedule_villager": {
        "minecraft:behavior.work": {
          "priority": 4,
          "speed_multiplier": 0.5,
          "goal_cooldown": 0,
          "sound_delay_min": 50,
          "sound_delay_max": 70
        }
      },

      "work_schedule_fisher": {
      
      },

      "work_schedule_farmer": {
        "minecraft:shareables": {
          "items": [
            {
              "item": "minecraft:bread",
              "want_amount": 3,
              "surplus_amount": 6
            },
            {
              "item": "minecraft:carrot",
              "want_amount": 60,
              "surplus_amount": 4
            },
            {
              "item": "minecraft:potato",
              "want_amount": 60,
              "surplus_amount": 24
            },
            {
              "item": "minecraft:beetroot",
              "want_amount": 60,
              "surplus_amount": 24
            },
            {
              "item": "minecraft:wheat_seeds",
              "want_amount": 64,
              "surplus_amount": 64
            },
            {
              "item": "minecraft:beetroot_seeds",
              "want_amount": 64,
              "surplus_amount": 64
            },
            {
              "item": "minecraft:wheat",
              "want_amount": 45,
              "surplus_amount": 18,
              "craft_into": "minecraft:bread"
            }
          ]
        },
        "minecraft:behavior.harvest_farm_block": {
          "priority": 4,
          "speed_multiplier": 0.5
        }
      },

      "work_schedule_librarian": {
        "minecraft:behavior.inspect_bookshelf": {
          "priority": 5,
          "speed_multiplier": 0.6,
          "search_range": 4,
          "search_height": 3,
          "goal_radius": 0.8,
          "search_count": 0
        }
      },

      "play_schedule_villager": {

      },

      "gather_schedule_villager": {
        "minecraft:behavior.mingle": {
          "priority": 5,
          "speed_multiplier": 0.5,
          "duration": 30,
          "cooldown_time": 10
        }
      },

      "home_schedule_villager": {

      },

      "bed_schedule_villager": {
        "minecraft:behavior.sleep": {
          "priority": 4,
          "goal_radius": 1.5,
          "speed_multiplier": 0.6,
          "sleep_collider_height": 0.3,
          "sleep_collider_width": 1.0,
          "sleep_y_offset": 0.6
        }
      },


      "wander_schedule_villager" : {
        "minecraft:behavior.explore_outskirts": {
          "priority": 5,
          "explore_dist": 6.0,
          "wait_time": 200,
          "speed_multiplier": 0.6
        }
      },

      "become_zombie": {
        "minecraft:transformation": {
          "into": "minecraft:zombie_villager_v2"
        }
      },

      "behavior_peasant": {
        "minecraft:shareables": {
          "items": [
            {
              "item": "minecraft:bread",
              "want_amount": 3,
              "surplus_amount": 6
            },
            {
              "item": "minecraft:carrot",
              "want_amount": 60,
              "surplus_amount": 4
            },
            {
              "item":"minecraft:potato",
              "want_amount": 60,
              "surplus_amount": 24
            },
            {
              "item": "minecraft:beetroot",
              "want_amount": 60,
              "surplus_amount": 24
            },
            {
              "item": "minecraft:wheat_seeds",
              "want_amount": 64,
              "surplus_amount": 64
            },
            {
              "item": "minecraft:beetroot_seeds",
              "want_amount": 64,
              "surplus_amount": 64
            },
            {
              "item":"minecraft:wheat",
              "want_amount": 45,
              "surplus_amount": 18,
              "craft_into": "minecraft:bread"
            }
          ]
        }
      },

      "behavior_non_peasant": {
        "minecraft:shareables": {
          "items": [
            {
              "item": "minecraft:bread",
              "want_amount": 3,
              "surplus_amount": 6
            },
            {
              "item": "minecraft:carrot",
              "want_amount": 12,
              "surplus_amount": 24
            },
            {
              "item":"minecraft:potato",
              "want_amount": 12,
              "surplus_amount": 24
            },
            {
              "item":"minecraft:beetroot",
              "want_amount": 12,
              "surplus_amount": 24
            }
          ]
        }
      },

      // a grouping of components that should never be added
      // however, they are here to flush out any artifact component groups
      // that might linger between villager job switches
      "trade_components": {
        "minecraft:behavior.trade_interest": {},
        "minecraft:trade_table": {}
      },
      
      "unskilled": {
          "minecraft:type_family": {
            "family": [ "villager", "peasant" ]
          },
          "minecraft:variant": {
            "value": 0
          }
        },

      "farmer":{
        "minecraft:type_family": {
          "family":[ "villager", "peasant", "farmer" ]          
        },
        "minecraft:variant": {
          "value": 1
        },
        "minecraft:behavior.trade_interest": {
          "priority": 1,
          "within_radius": 6.0,
          "interest_time": 45.0,
          "remove_item_time": 1.0,
          "carried_item_switch_time": 2.0,
          "cooldown": 2.0
        },
        "minecraft:trade_table": {
          "display_name": "entity.villager.farmer",
          "table": "trading/farmer_trades.json"
        }
      },

      "fisherman":{
        "minecraft:type_family": {
          "family":[ "villager", "peasant", "fisherman" ]          
        },
        "minecraft:variant": {
          "value": 2
        },
        "minecraft:behavior.trade_interest": {
          "priority": 1,
          "within_radius": 6.0,
          "interest_time": 45.0,
          "remove_item_time": 1.0,
          "carried_item_switch_time": 2.0,
          "cooldown": 2.0
        },
        "minecraft:trade_table": {
          "display_name": "entity.villager.fisherman",
          "table": "trading/fisherman_trades.json"
        }
      },

      "shepherd":{
        "minecraft:type_family": {
          "family":[ "villager", "peasant", "shepherd" ]          
        },
        "minecraft:variant": {
          "value": 3
        },
        "minecraft:behavior.trade_interest": {
          "priority": 1,
          "within_radius": 6.0,
          "interest_time": 45.0,
          "remove_item_time": 1.0,
          "carried_item_switch_time": 2.0,
          "cooldown": 2.0
        },
        "minecraft:trade_table": {
          "display_name": "entity.villager.shepherd",
          "table": "trading/shepherd_trades.json"
        }
      },

      "fletcher":{
        "minecraft:type_family": {
          "family":[ "villager", "peasant", "fletcher" ]          
        },
        "minecraft:variant": {
          "value": 4
        },
        "minecraft:behavior.trade_interest": {
          "priority": 1,
          "within_radius": 6.0,
          "interest_time": 45.0,
          "remove_item_time": 1.0,
          "carried_item_switch_time": 2.0,
          "cooldown": 2.0
        },
        "minecraft:trade_table": {
          "display_name": "entity.villager.fletcher",
          "table": "trading/fletcher_trades.json"
        }
      },

      "librarian":{
        "minecraft:type_family": {
          "family":[ "villager", "librarian" ]          
        },
        "minecraft:variant": {
          "value": 5
        },
        "minecraft:behavior.trade_interest": {
          "priority": 1,
          "within_radius": 6.0,
          "interest_time": 45.0,
          "remove_item_time": 1.0,
          "carried_item_switch_time": 2.0,
          "cooldown": 2.0
        },
        "minecraft:trade_table": {
          "display_name": "entity.villager.librarian",
          "table": "trading/librarian_trades.json"
        }
      },

      "cartographer":{
        "minecraft:type_family": {
          "family":[ "villager", "cartographer" ]          
        },
        "minecraft:variant": {
          "value": 6
        },
        "minecraft:behavior.trade_interest": {
          "priority": 1,
          "within_radius": 6.0,
          "interest_time": 45.0,
          "remove_item_time": 1.0,
          "carried_item_switch_time": 2.0,
          "cooldown": 2.0
        },
        "minecraft:trade_table": {
          "display_name": "entity.villager.cartographer",
          "table": "trading/cartographer_trades.json"
        }
      },

      "cleric":{
        "minecraft:type_family": {
          "family":[ "villager", "priest", "cleric" ]          
        },
        "minecraft:variant": {
          "value": 7
        },
        "minecraft:behavior.trade_interest": {
          "priority": 1,
          "within_radius": 6.0,
          "interest_time": 45.0,
          "remove_item_time": 1.0,
          "carried_item_switch_time": 2.0,
          "cooldown": 2.0
        },
        "minecraft:trade_table": {
          "display_name": "entity.villager.cleric",
          "table": "trading/cleric_trades.json"
        }
      },

      "armorer":{
        "minecraft:type_family": {
          "family":[ "villager", "blacksmith", "armorer" ]          
        },
        "minecraft:variant": {
          "value": 8
        },
        "minecraft:behavior.trade_interest": {
          "priority": 1,
          "within_radius": 6.0,
          "interest_time": 45.0,
          "remove_item_time": 1.0,
          "carried_item_switch_time": 2.0,
          "cooldown": 2.0
        },
        "minecraft:trade_table": {
          "display_name": "entity.villager.armor",
          "table": "trading/armorer_trades.json"
        }
      },

      "weaponsmith":{
        "minecraft:type_family": {
          "family":[ "villager", "blacksmith", "weaponsmith" ]          
        },
        "minecraft:variant": {
          "value": 9
        },
        "minecraft:behavior.trade_interest": {
          "priority": 1,
          "within_radius": 6.0,
          "interest_time": 45.0,
          "remove_item_time": 1.0,
          "carried_item_switch_time": 2.0,
          "cooldown": 2.0
        },    
        "minecraft:trade_table": {
          "display_name": "entity.villager.weapon",
          "table": "trading/weapon_smith_trades.json"
        }
      },

      "toolsmith":{
        "minecraft:type_family": {
          "family":[ "villager", "blacksmith", "toolsmith" ]          
        },
        "minecraft:variant": {
          "value": 10
        },
        "minecraft:behavior.trade_interest": {
          "priority": 1,
          "within_radius": 6.0,
          "interest_time": 45.0,
          "remove_item_time": 1.0,
          "carried_item_switch_time": 2.0,
          "cooldown": 2.0
        },      
        "minecraft:trade_table": {
          "display_name": "entity.villager.tool",
          "table": "trading/tool_smith_trades.json"
        }
      },

      "butcher":{
        "minecraft:type_family": {
          "family":[ "villager", "artisan", "butcher" ]          
        },
        "minecraft:variant": {
          "value": 11
        },
        "minecraft:behavior.trade_interest": {
          "priority": 1,
          "within_radius": 6.0,
          "interest_time": 45.0,
          "remove_item_time": 1.0,
          "carried_item_switch_time": 2.0,
          "cooldown": 2.0
        },
        "minecraft:trade_table": {
          "display_name": "entity.villager.butcher",
          "table": "trading/butcher_trades.json"
        }
      },

      "leatherworker":{
        "minecraft:type_family": {
          "family":[ "villager", "artisan", "leatherworker" ]          
        },
        "minecraft:variant": {
          "value": 12
        },
        "minecraft:behavior.trade_interest": {
          "priority": 1,
          "within_radius": 6.0,
          "interest_time": 45.0,
          "remove_item_time": 1.0,
          "carried_item_switch_time": 2.0,
          "cooldown": 2.0
        }, 
        "minecraft:trade_table": {
          "display_name": "entity.villager.leather",
          "table": "trading/leather_worker_trades.json"
        }
      },

      "mason":{
        "minecraft:type_family": {
          "family":[ "villager", "artisan", "stone_mason" ]          
        },
        "minecraft:variant": {
          "value": 13
        },
        "minecraft:behavior.trade_interest": {
          "priority": 1,
          "within_radius": 6.0,
          "interest_time": 45.0,
          "remove_item_time": 1.0,
          "carried_item_switch_time": 2.0,
          "cooldown": 2.0
        }, 
        "minecraft:trade_table": {
          "display_name": "entity.villager.mason",
          "table": "trading/stone_mason_trades.json"
        }
      },

      "nitwit":{
        "minecraft:type_family": {
          "family":[ "villager", "peasant", "nitwit" ]          
        },
        "minecraft:variant": {
          "value": 14
        }
      },

      "baby": {
        "minecraft:is_baby": {  },
        "minecraft:scale": {
          "value":0.5
        },
        "minecraft:ageable": {
          "duration": 1200,
          "grow_up": {
            "event": "minecraft:ageable_grow_up",
            "target": "self"
          }
        },
        "minecraft:behavior.take_flower":{
          "priority": 7
        },
        "minecraft:behavior.play": {
          "priority": 8,
          "speed_multiplier": 0.32
        },
        "minecraft:preferred_path" : {
          "max_fall_blocks" : 1,
          "jump_cost" : 5,
          "default_block_cost" : 1.5,
          "preferred_path_blocks" : [
            { 
              "cost" : 0,
              "blocks" : [ 
                "grass_path"
              ]
            },
            { 
              "cost" : 1,
              "blocks" : [ 
                "cobblestone", 
                "stone",
                "stonebrick",
                "sandstone",
                "mossy_cobblestone",
                "stone_slab",
                "stone_slab2",
                "stone_slab3",
                "stone_slab4",
                "double_stone_slab",
                "double_stone_slab2",
                "double_stone_slab3",
                "double_stone_slab4",
                "wooden_slab",
                "double_wooden_slab",
                "planks",
                "brick_block",
                "nether_brick",
                "red_nether_brick",
                "end_bricks",
                "red_sandstone",
                "stained_glass",
                "glass",
                "glowstone",
                "prismarine",
                "emerald_block",
                "diamond_block",
                "lapis_block",
                "gold_block",
                "redstone_block",
                "purple_glazed_terracotta",
                "white_glazed_terracotta",
                "orange_glazed_terracotta",
                "magenta_glazed_terracotta",
                "light_blue_glazed_terracotta",
                "yellow_glazed_terracotta",
                "lime_glazed_terracotta",
                "pink_glazed_terracotta",
                "gray_glazed_terracotta",
                "silver_glazed_terracotta",
                "cyan_glazed_terracotta",
                "blue_glazed_terracotta",
                "brown_glazed_terracotta",
                "green_glazed_terracotta",
                "red_glazed_terracotta",
                "black_glazed_terracotta"
               ]
            },
            { 
              "cost" : 50,
              "blocks" : [ 
                "bed"
              ]
            }
          ]
        }
      },

      "adult": {
        "minecraft:behavior.make_love": {
          "priority": 6
        },
        "minecraft:behavior.receive_love": {
          "priority": 7
        },
        "minecraft:preferred_path" : {
          "max_fall_blocks" : 1,
          "jump_cost" : 20,
          "default_block_cost" : 3,
          "preferred_path_blocks" : [
            { 
              "cost" : 0,
              "blocks" : [ 
                "grass_path"
              ]
            },
            { 
              "cost" : 1,
              "blocks" : [ 
                "cobblestone", 
                "stone",
                "stonebrick",
                "sandstone",
                "mossy_cobblestone",
                "stone_slab",
                "stone_slab2",
                "stone_slab3",
                "stone_slab4",
                "double_stone_slab",
                "double_stone_slab2",
                "double_stone_slab3",
                "double_stone_slab4",
                "wooden_slab",
                "double_wooden_slab",
                "planks",
                "brick_block",
                "nether_brick",
                "red_nether_brick",
                "end_bricks",
                "red_sandstone",
                "stained_glass",
                "glass",
                "glowstone",
                "prismarine",
                "emerald_block",
                "diamond_block",
                "lapis_block",
                "gold_block",
                "redstone_block",
                "purple_glazed_terracotta",
                "white_glazed_terracotta",
                "orange_glazed_terracotta",
                "magenta_glazed_terracotta",
                "light_blue_glazed_terracotta",
                "yellow_glazed_terracotta",
                "lime_glazed_terracotta",
                "pink_glazed_terracotta",
                "gray_glazed_terracotta",
                "silver_glazed_terracotta",
                "cyan_glazed_terracotta",
                "blue_glazed_terracotta",
                "brown_glazed_terracotta",
                "green_glazed_terracotta",
                "red_glazed_terracotta",
                "black_glazed_terracotta"
               ]
            },
            { 
              "cost" : 50,
              "blocks" : [ 
                "bed"
              ]
            }
          ]
        }
      },
      "desert_villager": {
        "minecraft:mark_variant": {
          "value": 1
        }
      },

      "jungle_villager": {
        "minecraft:mark_variant": {
          "value": 2
        }
      },

      "savanna_villager": {
        "minecraft:mark_variant": {
          "value": 3
        }
      },

      "snow_villager": {
        "minecraft:mark_variant": {
          "value": 4
        }
      },

      "swamp_villager": {
        "minecraft:mark_variant": {
          "value": 5
        }
      },

      "taiga_villager": {
        "minecraft:mark_variant": {
          "value": 6
        }
      }
    },

    "components": {
      "minecraft:type_family": {
        "family": "villager"
      },
      "minecraft:mark_variant": {
        "value": 0 // Villagers have the Plains biome skin by default
      },
      "minecraft:breathable": {
        "totalSupply": 15,
        "suffocateTime": 0
      },
      "minecraft:health": {
        "value": 20,
        "max": 20
      },
      "minecraft:collision_box": {
        "width": 0.6,
        "height": 1.8
      },
      "minecraft:nameable": {
      },
      "minecraft:movement": {
        "value": 0.5
      },
      "minecraft:navigation.walk": {
        "can_path_over_water": true,
        "can_pass_doors": true,
        "can_open_doors": true,
        "avoid_water": true
      },
      "minecraft:annotation.open_door": {
      },
      "minecraft:movement.basic": {
      },
      "minecraft:jump.static": {
      },
      "minecraft:can_climb": {
      },
      "minecraft:inventory": {
        "inventory_size": 8,
        "private": true
      },
      "minecraft:damage_sensor": [
        {
          "on_damage": {
            "filters": { "test" :  "is_family", "subject" : "other", "value" :  "lightning" },
            "event": "become_witch"
          },
          "deals_damage": false
        },
        {
          "on_damage": {
            "filters": {
			  "any_of": [
			    {"test": "is_family", "subject": "other", "value": "zombie"},
			    {"test": "is_family", "subject": "other", "value": "husk"}
			  ],
			  "all_of": [
			    {"test": "has_damage", "value": "fatal"}
			  ]
            },
            "event": "become_zombie"
          }
        }
      ],

      "minecraft:behavior.float": {
        "priority": 0
      },
      "minecraft:behavior.trade_with_player": {
        "priority": 1
      },
      "minecraft:behavior.look_at_trading_player": {
        "priority": 2
      },
      "minecraft:behavior.panic": {
        "priority": 3,
        "speed_multiplier": 0.6
      },
      "minecraft:behavior.avoid_mob_type": {
        "priority": 3,
        "entity_types": [
          {
            "filters": { 
                "any_of": [
                  { "test" : "is_family", "subject" : "other", "value" : "zombie"},
                  { "test" : "is_family", "subject" : "other", "value" : "zombie_villager"},
                  { "test" : "is_family", "subject" : "other", "value" : "zombie_pigman"},
                  { "test" : "is_family", "subject" : "other", "value" : "illager"},
				  { "test" : "is_family", "subject" : "other", "value" : "vex"}
                ]
            },
            "max_dist": 8,
            "walk_speed_multiplier": 0.6,
            "sprint_speed_multiplier": 0.6
          }
        ]
      },
      "minecraft:behavior.move_indoors": {
        "priority": 4,
        "speed_multiplier": 0.8
      },
      "minecraft:behavior.restrict_open_door": {
        "priority": 5
      },
      "minecraft:behavior.move_towards_restriction": {
        "priority": 7,
        "speed_multiplier": 0.6
      },
      "minecraft:behavior.share_items": {
        "priority": 8,
        "max_dist": 3,
        "goal_radius":  2.0,
        "speed_multiplier": 0.5,
        "entity_types": [
          {
            "filters": { "test" :  "is_family", "subject" : "other", "value" :  "villager"}
          }
        ]
      },
      "minecraft:behavior.pickup_items": {
        "priority": 9,
        "max_dist": 3,
        "goal_radius": 2,
        "speed_multiplier": 0.5
      },
      "minecraft:behavior.random_stroll": {
        "priority": 11,
        "speed_multiplier": 0.6
      },
      "minecraft:behavior.look_at_player": {
        "priority": 12,
        "look_distance": 8,
        "probability": 0.02
      },
	    "minecraft:physics": {
      }
    },
    "events":{
      "become_witch": {
        "add": {
          "component_groups": [
            "become_witch"
          ]
        }
      },
      "become_zombie": {
        "sequence": [
          {
            "filters": {"test": "is_difficulty", "value": "normal"},
            "randomize": [
              {
                "weight": 50,
                "add": { "component_groups": [ "become_zombie" ] }
              },
              {
                "weight": 50
              }
            ]
          },
          {
            "filters": {"test": "is_difficulty", "value": "hard"},
            "add": {
              "component_groups": [
                "become_zombie"
              ]
            }
          }
        ]
      },
      "minecraft:entity_spawned": {
        "sequence": [
          {
            "filters": { "test": "has_component", "operator": "!=", "value": "minecraft:variant" },
            "randomize": [
              {
                "weight": 5,
                "add": { "component_groups": [ "baby", "child_schedule" ] }
              },
              {
                "weight": 95,
                "add": { "component_groups": [ "adult", "basic_schedule" ] }
              }
            ]
          },
          {
            "filters": { "test": "has_component", "operator": "!=", "value": "minecraft:variant" },
            "randomize": [
              {
                "weight": 1,
                "add": { "component_groups": [ "farmer", "behavior_peasant" ] }
              },
              {
                "weight": 1,
                "add": { "component_groups": [ "fisherman", "behavior_peasant" ] }
              },
              {
                "weight": 1,
                "add": { "component_groups": [ "shepherd", "behavior_peasant" ] }
              },
              {
                "weight": 1,
                "add": { "component_groups": [ "fletcher", "behavior_peasant" ] }
              },
              {
                "weight": 1,
                "add": { "component_groups": [ "librarian", "behavior_non_peasant" ] }
              },
              {
                "weight": 1,
                "add": { "component_groups": [ "cartographer", "behavior_non_peasant" ] }
              },
              {
                "weight": 1,
                "add": { "component_groups": [ "cleric", "behavior_non_peasant" ] }
              },
              {
                "weight": 1,
                "add": { "component_groups": [ "armorer", "behavior_non_peasant" ] }
              },
              {
                "weight": 1,
                "add": { "component_groups": [ "weaponsmith", "behavior_non_peasant" ] }
              },
              {
                "weight": 1,
                "add": { "component_groups": [ "toolsmith", "behavior_non_peasant" ] }
              },
              {
                "weight": 1,
                "add": { "component_groups": [ "butcher", "behavior_non_peasant" ] }
              },
              {
                "weight": 1,
                "add": { "component_groups": [ "leatherworker", "behavior_non_peasant" ] }
	            },
	            {
                "weight": 1,
                "add": { "component_groups": [ "mason", "behavior_non_peasant" ] }
              },
              {
                "weight": 1,
                "add": { "component_groups": [ "nitwit", "behavior_peasant" ] }
              }
            ]
          },
          {
            "filters": { 
              "any_of": [
                { "test": "has_biome_tag", "value": "desert" },
                { "test": "has_biome_tag", "value": "mesa" }
              ]
            },
            "add": { "component_groups": [ "desert_villager" ] }
          },
          {
            "filters": { "test": "has_biome_tag", "value": "jungle" },
            "add": { "component_groups": [ "jungle_villager" ] }
          },
          {
            "filters": { "test": "has_biome_tag", "value": "savanna" },
            "add": { "component_groups": [ "savanna_villager" ] }
          },
          {
            "filters": {
              "any_of": [
                { 
                  "all_of": [
                    { "test": "has_biome_tag", "value": "cold" },
                    { "test": "has_biome_tag", "operator": "!=", "value": "ocean" }
                  ]
                },
                { "test": "has_biome_tag", "value": "frozen" }
              ]
            },
            "add": { "component_groups": [ "snow_villager" ] }
          },
          {
            "filters": { "test": "has_biome_tag", "value": "swamp" },
            "add": { "component_groups": [ "swamp_villager" ] }
          },
          {
            "filters": {
              "all_of": [
                {
                  "any_of": [
                    { "test": "has_biome_tag", "value": "taiga" },
                    { "test": "has_biome_tag", "value": "extreme_hills" }
                  ]
                },
                { "test": "has_biome_tag", "operator": "!=", "value": "cold" }
              ]
            },
            "add": { "component_groups": [ "taiga_villager" ] }
          }
        ]
      },

      "minecraft:entity_transformed": {
        "sequence": [
          // Transform baby zombie to baby villager
          {
            "filters": { "test": "has_component", "subject": "other", "value": "minecraft:is_baby" },
            "add": { "component_groups": [ "baby" ] }
          },
          // Transform adult zombie to adult villager
          {
            "filters": { "test": "has_component", "subject": "other", "operator": "!=", "value": "minecraft:is_baby" },
            "add": { "component_groups": [ "adult" ] }
          },

          // Transform farmer zombie to farmer villager
          {
            "filters": { "test": "is_family", "subject": "other", "value": "farmer"},
            "add": { "component_groups": [ "farmer", "behavior_peasant" ] }
          },
          // Transform fisherman zombie to fisherman villager
          {
            "filters": { "test": "is_family", "subject": "other", "value": "fisherman"},
            "add": { "component_groups": [ "fisherman", "behavior_peasant" ] }
          },
          // Transform shepherd zombie to shepherd villager
          {
            "filters": { "test": "is_family", "subject": "other", "value": "shepherd" },
            "add": { "component_groups": [ "shepherd", "behavior_peasant" ] }
          },
          // Transform fletcher zombie to fletcher villager
          {
            "filters": { "test": "is_family", "subject": "other", "value": "fletcher" },
            "add": { "component_groups": [ "fletcher", "behavior_peasant" ] }
          },
          // Transform librarian zombie to librarian villager
          {
            "filters": { "test": "is_family", "subject": "other", "value": "librarian" },
            "add": { "component_groups": [ "librarian", "behavior_non_peasant" ] }
          },
          // Transform cartographer zombie to cartographer villager
          {
            "filters": { "test": "is_family", "subject": "other", "value": "cartographer" },
            "add": { "component_groups": [ "cartographer", "behavior_non_peasant" ] }
          },
          // Transform cleric zombie to cleric villager
          {
            "filters": { "test": "is_family", "subject": "other", "value": "cleric" },
            "add": { "component_groups": [ "cleric", "behavior_non_peasant" ] }
          },
          // Transform armorer zombie to armorer villager
          {
            "filters": { "test": "is_family", "subject": "other", "value": "armorer" },
            "add": { "component_groups": [ "armorer", "behavior_non_peasant" ] }
          },
          // Transform weaponsmith zombie to weaponsmith villager
          {
            "filters": { "test": "is_family", "subject": "other", "value": "weaponsmith" },
            "add": { "component_groups": [ "weaponsmith", "behavior_non_peasant" ] }
          },
          // Transform toolsmith zombie to toolsmith villager
          {
            "filters": { "test": "is_family", "subject": "other", "value": "toolsmith" },
            "add": { "component_groups": [ "toolsmith", "behavior_non_peasant" ] }
          },
          // Transform butcher zombie to butcher villager
          {
            "filters": { "test": "is_family", "subject": "other", "value": "butcher" },
            "add": { "component_groups": [ "butcher", "behavior_non_peasant" ] }
          },
          // Transform leatherworker zombie to leatherworker villager
          {
            "filters": { "test": "is_family", "subject": "other", "value": "leatherworker" },
            "add": { "component_groups": [ "leatherworker", "behavior_non_peasant" ] }
          },
          // Transform mason zombie to mason villager
          {
            "filters": { "test": "is_family", "subject": "other", "value": "stone_mason" },
            "add": { "component_groups": [ "mason", "behavior_non_peasant" ] }
          },
          // Transform nitwit zombie to nitwit villager
          {
            "filters": { "test": "is_family", "subject": "other", "value": "nitwit" },
            "add": { "component_groups": [ "nitwit", "behavior_peasant" ] }
          },

          // Transform desert zombie to desert villager
          {
            "filters": { "test": "is_mark_variant", "subject": "other", "value": 1 },
            "add": { "component_groups": [ "desert_villager" ] }
          },
          // Transform jungle zombie to jungle villager
          {
            "filters": { "test": "is_mark_variant", "subject": "other", "value": 2 },
            "add": { "component_groups": [ "jungle_villager" ] }
          },
          // Transform jungle zombie to jungle villager
          {
            "filters": { "test": "is_mark_variant", "subject": "other", "value": 3 },
            "add": { "component_groups": [ "savanna_villager" ] }
          },
          // Transform jungle zombie to jungle villager
          {
            "filters": { "test": "is_mark_variant", "subject": "other", "value": 4 },
            "add": { "component_groups": [ "snow_villager" ] }
          },
          // Transform jungle zombie to jungle villager
          {
            "filters": { "test": "is_mark_variant", "subject": "other", "value": 5 },
            "add": { "component_groups": [ "swamp_villager" ] }
          },
          // Transform jungle zombie to jungle villager
          {
            "filters": { "test": "is_mark_variant", "subject": "other", "value": 6 },
            "add": { "component_groups": [ "taiga_villager" ] }
          }
        ]
      },

      "minecraft:entity_born": {
        "sequence": [
          {
            "add": { "component_groups": [ "baby", "unskilled", "child_schedule" ] }
          },
          {
            "filters": { "test": "has_biome_tag", "value": "desert" },
            "add": { "component_groups": [ "desert_villager" ] }
          },
          {
            "filters": { "test": "has_biome_tag", "value": "jungle" },
            "add": { "component_groups": [ "jungle_villager" ] }
          },
          {
            "filters": { "test": "has_biome_tag", "value": "savanna" },
            "add": { "component_groups": [ "savanna_villager" ] }
          },
          {
            "filters": {
              "any_of": [
                { "test": "has_biome_tag", "value": "cold" },
                { "test": "has_biome_tag", "value": "frozen" }
              ]
            },
            "add": { "component_groups": [ "snow_villager" ] }
          },
          {
            "filters": { "test": "has_biome_tag", "value": "swamp" },
            "add": { "component_groups": [ "swamp_villager" ] }
          },
          {
            "filters": { "test": "has_biome_tag", "value": "taiga" },
            "add": { "component_groups": [ "taiga_villager" ] }
          }
        ]
      },
        
      "minecraft:spawn_farmer": {
        "randomize": [
          {
            "weight": 5,
            "add": { "component_groups": [ "farmer", "adult", "behavior_peasant", "basic_schedule" ] },
            "remove": { "component_groups": [ "baby", "child_schedule" ] }
          },
          {
            "weight": 5,
            "add": { "component_groups": [ "fisherman", "adult", "behavior_peasant", "basic_schedule" ] },
            "remove": { "component_groups": [ "baby", "child_schedule" ] }
          },
          {
            "weight": 5,
            "add": { "component_groups": [ "shepherd", "adult", "behavior_peasant", "basic_schedule" ] },
            "remove": { "component_groups": [ "baby", "child_schedule" ] }
          },
          {
            "weight": 5,
            "add": { "component_groups": [ "fletcher", "adult", "behavior_peasant", "basic_schedule" ] },
            "remove": { "component_groups": [ "baby", "child_schedule" ] }
          }
        ]
      },
      
      "minecraft:spawn_librarian": {
        "randomize": [
          {
            "weight": 20,
            "add": { "component_groups": [ "librarian", "adult", "behavior_non_peasant", "basic_schedule" ] },
            "remove": { "component_groups": [ "baby", "child_schedule" ] }
          },
          {
            "weight": 20,
            "add": { "component_groups": [ "cartographer", "behavior_non_peasant", "basic_schedule" ] },
            "remove": { "component_groups": [ "baby", "child_schedule" ] }
          }
        ]
      },
      
      "minecraft:spawn_cleric": {
        "add": { "component_groups": [ "cleric", "adult", "behavior_non_peasant", "basic_schedule" ] },
        "remove": { "component_groups": [ "baby", "child_schedule" ] }
      },
      
      "minecraft:spawn_armorer": {
        "randomize": [
          {
            "weight": 6,
            "add": { "component_groups": [ "armorer", "adult", "behavior_non_peasant", "basic_schedule" ] },
            "remove": { "component_groups": [ "baby", "child_schedule" ] }
          },
          {
            "weight": 6,
            "add": { "component_groups": [ "weaponsmith", "adult", "behavior_non_peasant", "basic_schedule" ] },
            "remove": { "component_groups": [ "baby", "child_schedule" ] }
          },
          {
            "weight": 6,
            "add": { "component_groups": [ "toolsmith", "adult", "behavior_non_peasant", "basic_schedule" ] },
            "remove": { "component_groups": [ "baby", "child_schedule" ] }
          }
        ]
      },
      
      "minecraft:spawn_butcher": {
        "randomize": [
          {
            "weight": 10,
            "add": { "component_groups": [ "butcher", "adult", "behavior_non_peasant", "basic_schedule" ] },
            "remove": { "component_groups": [ "baby", "child_schedule" ] }
          },
          {
            "weight": 10,
            "add": { "component_groups": [ "leatherworker", "adult", "behavior_non_peasant", "basic_schedule" ] },
            "remove": { "component_groups": [ "baby", "child_schedule" ] }
          },
          {
            "weight": 10,
            "add": { "component_groups": [ "mason", "adult", "behavior_non_peasant", "work_schedule" ] },
            "remove": { "component_groups": [ "baby", "child_schedule" ] }
          }
        ]
      },
      
      "minecraft:ageable_grow_up": {
        "randomize": [
          {
            "weight": 10,
            "remove": { "component_groups": [ "baby", "child_schedule" ] },
            "add": { "component_groups": [ "adult", "nitwit", "jobless_schedule" ] }
          },
          {
            "weight": 90,
            "remove": { "component_groups": [ "baby", "child_schedule" ] },
            "add": { "component_groups": [ "adult", "unskilled", "basic_schedule" ] }
          }
        ]
      },
      
      "minecraft:become_unskilled": {
        "remove": { "component_groups": [ "baby", "child_schedule", "job_specific_goals", "trade_components" ] },
        "add": { "component_groups": [ "adult", "unskilled", "behavior_non_peasant", "basic_schedule" ] }
      },
      
      "minecraft:become_cleric": {
	      "remove": { "component_groups": [ "baby", "child_schedule", "job_specific_goals", "trade_components" ] },
        "add": { "component_groups": [ "cleric", "adult", "behavior_non_peasant", "work_schedule" ] }
      },
      
      "minecraft:become_farmer": {
	      "remove": { "component_groups": [ "baby", "child_schedule", "job_specific_goals", "trade_components" ] },
        "add": { "component_groups": [ "farmer", "adult", "farmer_schedule" ] }
      },
      
      "minecraft:become_fisherman": {
      	"remove": { "component_groups": [ "baby", "child_schedule", "job_specific_goals", "trade_components" ] },
        "add": { "component_groups": [ "fisherman", "adult", "behavior_non_peasant", "fisher_schedule" ] }
      },
      
      "minecraft:become_fletcher": {
	      "remove": { "component_groups": [ "baby", "child_schedule", "job_specific_goals", "trade_components" ] },
        "add": { "component_groups": [ "fletcher", "adult", "behavior_non_peasant", "work_schedule" ] }
      },
      
      "minecraft:become_librarian": {
	      "remove": { "component_groups": [ "baby", "child_schedule", "job_specific_goals", "trade_components" ] },
        "add": { "component_groups": [ "librarian", "adult", "behavior_non_peasant", "librarian_schedule" ] }
      },
      
      "minecraft:become_cartographer": {
	      "remove": { "component_groups": [ "baby", "child_schedule", "job_specific_goals", "trade_components" ] },
        "add": { "component_groups": [ "cartographer", "adult", "behavior_non_peasant", "work_schedule" ] }
      },
      
      "minecraft:become_armorer": {
      	"remove": { "component_groups": [ "baby", "child_schedule", "job_specific_goals", "trade_components" ] },
        "add": { "component_groups": [ "armorer", "adult", "behavior_non_peasant", "work_schedule" ] }
      },
      
      "minecraft:become_weaponsmith": {
	      "remove": { "component_groups": [ "baby", "child_schedule", "job_specific_goals", "trade_components" ] },
        "add": { "component_groups": [ "weaponsmith", "adult", "behavior_non_peasant", "work_schedule" ] }
      },
      
      "minecraft:become_toolsmith": {
	      "remove": { "component_groups": [ "baby", "child_schedule", "job_specific_goals", "trade_components" ] },
        "add": { "component_groups": [ "toolsmith", "adult", "behavior_non_peasant", "work_schedule" ] }
      },
      
      "minecraft:become_butcher": {
	      "remove": { "component_groups": [ "baby", "child_schedule", "job_specific_goals", "trade_components" ] },
        "add": { "component_groups": [ "butcher", "adult", "behavior_non_peasant", "work_schedule" ] }
      },
      
      "minecraft:become_leatherworker": {
	      "remove": { "component_groups": [ "baby", "child_schedule", "job_specific_goals", "trade_components" ] },
        "add": { "component_groups": [ "leatherworker", "adult", "behavior_non_peasant", "work_schedule" ] }
      },
      
      "minecraft:become_sheperd": {
	      "remove": { "component_groups": [ "baby", "child_schedule", "job_specific_goals", "trade_components" ] },
        "add": { "component_groups": [ "shepherd", "adult", "behavior_non_peasant", "work_schedule" ] }
      },
      
      "minecraft:become_mason": {
        "remove": { "component_groups": [ "baby", "child_schedule", "job_specific_goals", "trade_components" ] },
        "add": { "component_groups": [ "mason", "adult", "behavior_non_peasant", "work_schedule" ] }
      },
      
      
      "minecraft:schedule_wander_villager": {
        "remove": { "component_groups": [ "home_schedule_villager", "bed_schedule_villager", "wander_schedule_villager", "job_specific_goals", "play_schedule_villager" ] },
        "add": { "component_groups": [ "wander_schedule_villager" ] }
      },
      
      "minecraft:schedule_gather_villager": {
        "remove": { "component_groups": [ "bed_schedule_villager", "wander_schedule_villager", "home_schedule_villager", "job_specific_goals", "play_schedule_villager" ] },
        "add": { "component_groups": [ "gather_schedule_villager" ] }
      },
      
      "minecraft:schedule_home_villager": {
        "remove": { "component_groups": [ "bed_schedule_villager", "wander_schedule_villager", "gather_schedule_villager", "job_specific_goals", "play_schedule_villager" ] },
        "add": { "component_groups": [ "home_schedule_villager" ] }
      },
      
      "minecraft:schedule_bed_villager": {
        "remove": { "component_groups": [ "home_schedule_villager", "gather_schedule_villager", "wander_schedule_villager", "job_specific_goals", "play_schedule_villager" ] },
        "add": { "component_groups": [ "bed_schedule_villager" ] }
      },
      
      "minecraft:schedule_play_villager": {
        "remove": { "component_groups": [ "home_schedule_villager", "gather_schedule_villager", "wander_schedule_villager", "bed_schedule_villager", "job_specific_goals" ] },
        "add": { "component_groups": [ "play_schedule_villager" ] }
      },
      
      "minecraft:schedule_work_pro_villager": {
        "remove": { "component_groups": [ "home_schedule_villager", "gather_schedule_villager", "wander_schedule_villager", "bed_schedule_villager", "play_schedule_villager" ] },
        "add": { "component_groups": [ "work_schedule_villager" ] }
      },
      
      "minecraft:schedule_work_farmer": {
        "remove": { "component_groups": [ "home_schedule_villager", "gather_schedule_villager", "wander_schedule_villager", "bed_schedule_villager", "job_specific_goals", "play_schedule_villager" ] },
        "add": { "component_groups": [ "work_schedule_farmer" ] }
      },
      
      "minecraft:schedule_work_fisher": {
        "remove": { "component_groups": [ "home_schedule_villager", "gather_schedule_villager", "wander_schedule_villager", "bed_schedule_villager", "job_specific_goals", "play_schedule_villager" ] },
        "add": { "component_groups": [ "work_schedule_fisher" ] }
      },
      
      "minecraft:schedule_work_librarian": {
        "remove": { "component_groups": [ "home_schedule_villager", "gather_schedule_villager", "wander_schedule_villager", "bed_schedule_villager", "job_specific_goals", "play_schedule_villager" ] },
        "add": { "component_groups": [ "work_schedule_librarian" ] }
       }
    }
  }
}