{
  "format_version": "1.8.0",
  "minecraft:entity": {
    "description": {
      "identifier": "minecraft:wandering_trader",
      "is_spawnable": true,
      "is_summonable": true,
      "is_experimental": true
    },

    "component_groups": {
      "managed": {
        "minecraft:managed_wandering_trader": {}
      },
      "despawning": {
        "minecraft:type_family": {
          "family": [ "wandering_trader", "wandering_trader_despawning" ]
        }
      }
    },

    "components": {
      "minecraft:type_family": {
        "family": [ "wandering_trader" ]
      },
      "minecraft:timer": {
        "looping": false,
        "random_time_choices": [
          { "weight": 50, "value": 2400 },
          { "weight": 50, "value": 3600 }
        ],
        "time_down_event": {
          "event": "minecraft:start_despawn",
          "target": "self"
        }
      },
      "minecraft:spawn_entity": [
        {
          "min_wait_time": 0,
          "max_wait_time": 0,
          "spawn_entity": "llama",
          "spawn_event": "minecraft:from_wandering_trader",
          "single_use": true,
          "num_to_spawn": 2,
          "should_leash": true
        }
      ],
      "minecraft:trade_table": {
        "display_name": "entity.wandering_trader.name",
        "table": "trading/wandering_trader_trades.json"
      },
      "minecraft:breathable": {
        "totalSupply": 15,
        "suffocateTime": 0
      },
      "minecraft:health": {
        "value": 20,
        "max": 20
      },
      "minecraft:collision_box": {
        "width": 0.6,
        "height": 1.8
      },
      "minecraft:movement": {
        "value": 0.5
      },
      "minecraft:navigation.walk": {
        "can_path_over_water": true,
        "can_pass_doors": true,
        "can_open_doors": true,
        "avoid_water": true
      },
      "minecraft:movement.basic": {
      },
      "minecraft:jump.static": {
      },
      "minecraft:can_climb": {
      },
      "minecraft:behavior.float": {
        "priority": 0
      },
      "minecraft:despawn": {
        "remove_child_entities": true,
        "filters": {
          "all_of": [
            { "test": "is_family", "subject": "self", "value": "wandering_trader_despawning" },
            { "test": "distance_to_nearest_player", "operator": ">", "value": 24 }
          ]
        }
      },
      "minecraft:behavior.trade_with_player": {
        "priority": 1
      },
      "minecraft:behavior.look_at_trading_player": {
        "priority": 2
      },
      "minecraft:behavior.panic": {
        "priority": 3,
        "speed_multiplier": 0.6
      },
      "minecraft:behavior.avoid_mob_type": {
        "priority": 3,
        "entity_types": [
          {
            "filters": {
              "any_of": [
                { "test": "is_family", "subject": "other", "value": "zombie" },
                { "test": "is_family", "subject": "other", "value": "zombie_villager" },
                { "test": "is_family", "subject": "other", "value": "zombie_pigman" },
                { "test": "is_family", "subject": "other", "value": "illager" },
                { "test": "is_family", "subject": "other", "value": "vex" }
              ]
            },
            "max_dist": 8,
            "walk_speed_multiplier": 0.6,
            "sprint_speed_multiplier": 0.6
          }
        ]
      },
      "minecraft:behavior.restrict_open_door": {
        "priority": 4
      },
      "minecraft:behavior.open_door": {
        "priority": 5,
        "close_door_after": true
      },
      "minecraft:behavior.move_towards_restriction": {
        "priority": 6,
        "speed_multiplier": 0.6
      },
      "minecraft:behavior.look_at_player": {
        "priority": 7,
        "look_distance": 8,
        "probability": 0.02
      },
      "minecraft:behavior.random_look_around": {
        "priority": 8
      },
      "minecraft:physics": {
      }
    },
    "events": {
      "minecraft:scheduled": {
        "add": {
          "component_groups": [
            "managed"
          ]
        }
      },
      "minecraft:start_despawn": {
        "add": {
          "component_groups": [
            "despawning"
          ]
        }
      }
    }
  }
}
