{
  "format_version": "1.8.0",
  "animations": {
    "animation.evoker.general": {
      "loop": true,
      "bones": {
        "rightarm": {
          "scale": 0.0
        },
        "leftarm": {
          "scale": 0.0
        },
        "arms": {
         "position": [ 0.0, "-3.0 - this", "-1.0 - this" ],
         "rotation": [ "-42.97 - this", "- this", "- this" ],
         "scale": 1.0
        }
      }
    },
    "animation.evoker.casting": {
      "loop": true,
      "bones": {
        "rightarm": {
          "rotation": [ "Math.cos(query.life_time * 763.4) * 14.3239 - this", "-this", "135.0 - this" ],
          "scale": 1.0
        },
        "leftarm": {
          "rotation": [ "Math.cos(query.life_time * 763.4) * 14.3239 - this", "-this", "-135.0 - this" ],
          "scale": 1.0
        },
        "arms": {
          "scale": 0
        }
      }
    },
    "animation.evoker.casting.v1.0": {
      "loop": true,
      "bones": {
        "rightarm": {
          "rotation": [ "Math.cos(query.life_time * 763.4) * 14.3239 - this", "-this", "135.0 - this" ],
          "position": [ "-5.0 - this", 0.0, "-this" ]
        },
        "leftarm": {
          "rotation": [ "Math.cos(query.life_time * 763.4) * 14.3239 - this", "-this", "-135.0 - this" ],
          "position": [ "5.0 - this", 0.0, "-this" ]
        }
      }
    },
    "animation.evoker.general.v1.0": {
      "loop": true,
      "bones": {
        "arms": {
          "position": [ 0.0, "-3.0 - this", "-1.0 - this" ],
          "rotation": [ "-42.97 - this", "- this", "- this" ]
        }
      }
    }
  }
}
