{
  "format_version": "1.8.0",
  "animations": {
    "animation.phantom.base_pose": {
      "loop": true,
      "bones": {
        "body": {
          "position": [ 0.0, -20.0, 0.0 ],
          "rotation": [ "-query.target_x_rotation", 0.0, 0.0 ]
        }
      }
    },
    "animation.phantom.move": {
      "loop": true,
      "bones": {
        "wing0": { "rotation": [ 0.0, 0.0, "variable.wingRotZ" ] },
        "wingtip0": { "rotation": [ 0.0, 0.0, "variable.wingRotZ" ] },
        "wing1": { "rotation": [ 0.0, 0.0, "-variable.wingRotZ" ] },
        "wingtip1": { "rotation": [ 0.0, 0.0, "-variable.wingRotZ" ] },
        "tail": { "rotation": [ "variable.tailRotX", 0.0, 0.0 ] },
        "tailtip": { "rotation": [ "variable.tailRotX", 0.0, 0.0 ] }
      }
    }
  }
}