{
  "format_version": "1.8.0",
  "animations": {
    "animation.sheep.setup": {
      "loop": true,
      "bones": {
        "head": {
          "position": [ 0.0, "-6.0 - this", 0.0 ]
        },
        "body": {
          "rotation": [ "-this", 0.0, 0.0 ]
        }
      }
    },
    "animation.sheep.baby_transform": {
      "loop": true,
      "bones": {
        "head": {
          "scale": 2.0,
          "position": [ 0.0, 4.0, 4.0 ]
        }
      }
    },
    "animation.sheep.grazing": {
      "loop": true,
      "bones": {
        "head": {
          "position": {
            "0.0": [ 0.0, 0.0, 0.0 ],
            "0.2": [ 0.0, -9.0, 0.0 ],
            "1.8": [ 0.0, -9.0, 0.0 ],
            "2.0": [ 0.0, 0.0, 0.0 ]
          },
          "rotation": {
            "0.2": {
              "pre": [ 36.0, 0.0, 0.0 ],
              "post": [ "180.0 * (0.2 + 0.07 * Math.sin(query.key_frame_lerp_time * 1644.39))", 0.0, 0.0 ],
              "lerp_mode": "linear"
            },
            "1.8": {
              "pre": [ "180.0 * (0.2 + 0.07 * Math.sin(query.key_frame_lerp_time * 1644.39))", 0.0, 0.0 ],
              "post": [ 36.0, 0.0, 0.0 ]
            }
          }
        }
      }
    }
  }
}