{
  "namespace": "beacon",
  //---------------------------------------------------------------------------
  // Screens
  //---------------------------------------------------------------------------

  "beacon_screen@common.inventory_screen_common": {
    "controls": [
      { "@common.container_gamepad_helpers": { } },
      { "@common.screen_background": { } },
      {
        "@common.root_panel": {
          "layer": 1,
          "size": [ 256, 219 ],
          "controls": [
            { "@common.input_panel": { } },
            { "@common.common_panel": { } },
            {
              "beacon_inventory": {
                "type": "panel",
                "controls": [
                  {
                    "@beacon.beacon_panel": {
                      "offset": [ 0, 4 ],
                      "layer": 1
                    }
                  },
                  {
                    "payment_panel@beacon.payment_panel": {
                      "offset": [ 0, 8 ],
                      "layer": 2
                    }                 
                  },
                  { "@common.inventory_panel_bottom_half": { } },
                  { "@common.hotbar_grid_template": { } },
                  { "@common.inventory_selected_icon_button": { } }
                ]
              }
            }
          ]
        }
      }
    ]
  },

  "image_atlas": {
    "type": "image",
    "texture": "textures/gui/gui"
  },

  "pyramid_image@beacon.image_atlas": {
    "size": [ 19, 20 ],
    "uv_size": [ 19, 20 ],
    "anchor_to": "top_left",
    "anchor_from": "top_middle"
  },
  "pyramid_panel": {
    "type": "panel",
    "size": [ "100%", "100%" ],
    "anchor_to": "top_middle",
    "anchor_from": "top_middle",
    "controls": [
      {
        "level1@beacon.pyramid_image": {
          "uv": [ 144, 228 ],
          "offset": [ -98, 18 ]
        }
      },
      {
        "level2@beacon.pyramid_image": {
          "uv": [ 163, 228 ],
          "offset": [ -98, 43 ]
        }
      },
      {
        "level3@beacon.pyramid_image": {
          "uv": [ 182, 228 ],
          "offset": [ -98, 68 ]
        }
      },
      {
        "level4@beacon.pyramid_image": {
          "uv": [ 201, 228 ],
          "offset": [ 42, 18 ]
        }
      }
    ]
  },
  "item_seperator@beacon.image_atlas": {
    "size": [ 5, 18 ],
    "uv_size": [ 5, 18 ],
    "uv": [ 171, 206 ],
    "anchor_to": "top_left",
    "anchor_from": "top_left"
  },
  "item_renderer": {
    "type": "custom",
    "renderer": "inventory_item_renderer",
    "size": [ 18, 18 ],
    "anchor_to": "top_left",
    "anchor_from": "top_left"
  },
  "usable_items_panel": {
    "type": "panel",
    "size": [ 82, 18 ],
    "controls": [
      {
        "emerald@beacon.item_renderer": {
          "offset": [ 0, 0 ],
          "property_bag": {
            "#item_id_aux": 25427968
          }
        }
      },
      {
        "@beacon.item_seperator": {
          "offset": [ 16, 0 ]
        }
      },
      {
        "diamond@beacon.item_renderer": {
          "offset": [ 22, 0 ],
          "property_bag": {
            "#item_id_aux": 17301504
          }
        }
      },
      {
        "@beacon.item_seperator": {
          "offset": [ 38, 0 ]
        }
      },
      {
        "gold@beacon.item_renderer": {
          "offset": [ 44, 0 ],
          "property_bag": {
            "#item_id_aux": 17432576
          }
        }
      },
      {
        "@beacon.item_seperator": {
          "offset": [ 60, 0 ]
        }
      },
      {
        "iron@beacon.item_renderer": {
          "offset": [ 66, 0 ],
          "property_bag": {
            "#item_id_aux": 17367040
          }
        }
      }
    ]
  },
  "base_image@beacon.image_atlas": {
    "$image_size|default": [ 18, 18 ],
    "size": "$image_size",
    "$image_uv_size|default": [ 18, 18 ],
    "uv_size": "$image_uv_size",
    "uv": "$image_uv",
    "bindings": [
      {
        "binding_name": "#button_visible",
        "binding_name_override": "#visible",
        "binding_collection_name": "$button_name",
        "binding_type": "collection"
      }
    ]
  },
  "hover_text@common.hover_text": {
    "bindings": [
      {
        "binding_name": "#button_hover",
        "binding_name_override": "#hover_text",
        "binding_collection_name": "$button_name",
        "binding_type": "collection"
      }
    ]
  },
  "hover_state@common.button_state_hover": {
    "controls": [
      { "@beacon.hover_text": { } }
    ]
  },

  "button_unchecked_default@beacon.image_atlas": {
    "uv_size": [ 22, 22 ],
    "uv": [ 166, 184 ]
  },
  "button_unchecked_hover@beacon.image_atlas": {
    "size": [ 22, 22 ],
    "uv_size": [ 22, 22 ],
    "uv": [ 232, 184 ],
    "controls": [
      { "@beacon.hover_text": { } }
    ]
  },
  "button_checked_hover@beacon.image_atlas": {
    "uv_size": [ 22, 22 ],
    "uv": [ 188, 184 ],
    "controls": [
      { "@beacon.hover_text": { } }
    ]
  },
  "button_locked@beacon.image_atlas": {
    "uv_size": [ 22, 22 ],
    "uv": [ 210, 184 ]
  },
  "button_locked_hover@beacon.image_atlas": {
    "uv_size": [ 22, 22 ],
    "uv": [ 210, 184 ],
    "controls": [
      { "@beacon.hover_text": { } }
    ]
  },
  "button_checked@beacon.image_atlas": {
    "uv_size": [ 22, 22 ],
    "uv": [ 188, 184 ]
  },
  "toggle_button@common.toggle": {
    "size": [ 22, 22 ],
    "layer": 1,
    "$toggle_name": "$button_name",
    "$unchecked_control": "beacon.button_unchecked_default",
    "$checked_control": "beacon.button_checked",
    "$unchecked_hover_control": "beacon.button_unchecked_hover",
    "$checked_hover_control": "beacon.button_checked_hover",
    "$unchecked_locked_control": "beacon.button_locked",
    "$checked_locked_control": "beacon.button_locked",
    "$unchecked_locked_hover_control": "beacon.button_locked_hover",
    "$checked_locked_hover_control": "beacon.button_locked_hover",

    "bindings": [
      {
        "binding_name": "#button_visible",
        "binding_name_override": "#visible",
        "binding_collection_name": "$button_name",
        "binding_type": "collection"
      },
      {
        "binding_collection_name": "$button_name",
        "binding_type": "collection_details"
      },
      {
        "binding_type": "collection",
        "binding_name": "#selected",
        "binding_condition": "visible",
        "binding_collection_name": "$button_name",
        "binding_name_override": "#toggle_state"
      }
    ],
    "button_mappings": [
      {
        "from_button_id": "button.menu_select",
        "to_button_id": "button.menu_ok",
        "mapping_type": "pressed"
      },
      {
        "from_button_id": "button.menu_ok",
        "to_button_id": "button.menu_ok",
        "mapping_type": "pressed"
      }
    ]
  },
  "base_button@common.button": {
    "size": [ 22, 22 ],
    "layer": 0,
    "bindings": [
      {
        "binding_name": "$button_active",
        "binding_name_override": "#visible",
        "binding_collection_name": "$button_name",
        "binding_type": "collection"
      },
      {
        "binding_collection_name": "$button_name",
        "binding_type": "collection_details"
      }
    ],
    "controls": [
      {
        "default@common.button_state_default": {
          "uv_size": [ 22, 22 ],
          "uv": [ 166, 184 ]
        }
      },
      {
        "hover@beacon.hover_state": {
          "uv_size": [ 22, 22 ],
          "uv": [ 232, 184 ]
        }
      },
      {
        "pressed@common.button_state_pressed": {
          "uv_size": [ 22, 22 ],
          "uv": [ 188, 184 ]
        }

      }
    ]
  },
  "active_button@beacon.base_button": {
    "$button_active": "#active",
    "button_mappings": [
      {
        "from_button_id": "button.menu_select",
        "to_button_id": "button.menu_ok",
        "mapping_type": "pressed"
      },
      {
        "from_button_id": "button.menu_ok",
        "to_button_id": "button.menu_ok",
        "mapping_type": "pressed"
      }
    ]
  },
  "inactive_button@beacon.base_button": {
    "$button_active": "#inactive",
    "pressed_control": "",
    "button_mappings": [ ],
    "controls": [
      {
        "default@common.button_state_default": {
          "uv_size": [ 22, 22 ],
          "uv": [ 210, 184 ]
        }
      },
      {
        "hover@beacon.hover_state": {
          "uv_size": [ 22, 22 ],
          "uv": [ 210, 184 ]
        }
      }
    ]
  },
  "selected_button@beacon.base_button": {
    "$button_active": "#selected",
    "button_mappings": [ ],
    "pressed_control": "",
    "controls": [
      {
        "default@common.button_state_default": {
          "uv_size": [ 22, 22 ],
          "uv": [ 188, 184 ]
        }
      },
      {
        "hover@beacon.hover_state": {
          "uv_size": [ 22, 22 ],
          "uv": [ 188, 184 ]
        }
      }
    ]
  },
  "secondary_effect_base@beacon.base_image": {
    "bindings": [
      {
        "binding_name": "#extra_image_selection",
        "binding_name_override": "#visible",
        "binding_collection_name": "$effect_name",
        "binding_type": "collection"
      }
    ]
  },
  "speed_secondary@beacon.secondary_effect_base": {
    "$effect_name": "speed",
    "$image_uv": [ 0, 184 ]
  },
  "haste_secondary@beacon.secondary_effect_base": {
    "$effect_name": "haste",
    "$image_uv": [ 36, 184 ]
  },
  "resist_secondary@beacon.secondary_effect_base": {
    "$effect_name": "resist",
    "$image_uv": [ 108, 202 ]

  },
  "jump_secondary@beacon.secondary_effect_base": {
    "$effect_name": "jump",
    "$image_uv": [ 36, 202 ]
  },
  "strength_secondary@beacon.secondary_effect_base": {
    "$effect_name": "strength",
    "$image_uv": [ 72, 184 ]
  },
  "image_template": {
    "type": "panel",
    "size": [ 18, 18 ],
    "layer": 3,
    "controls": [
      { "@beacon.base_image": { } }
    ]
  },
  "secondary_effect_images@beacon.image_template": {
    "controls": [
      { "@beacon.speed_secondary": { } },
      { "@beacon.haste_secondary": { } },
      { "@beacon.resist_secondary": { } },
      { "@beacon.jump_secondary": { } },
      { "@beacon.strength_secondary": { } }
    ]
  },
  "toggle_template": {
    "type": "panel",
    "size": [ "100%", "100%" ],
    "$image_control|default": "beacon.image_template",
    "controls": [
      { "@beacon.toggle_button": { } },
      { "@$image_control": { } }
    ]
  },
  "button_template@beacon.toggle_template": {
    "controls": [
      { "@beacon.active_button": { } },
      { "@beacon.inactive_button": { } },
      { "@beacon.image_template": { } }
    ]
  },
  "panel_template": {
    "type": "panel",
    "size": [ 22, 22 ],
    "layer": 4,
    "anchor_from": "top_middle",
    "anchor_to": "top_left",
    "$button_control|default": "beacon.toggle_template",
    "bindings": [
      {
        "binding_type": "collection",
        "binding_name": "#active",
        "binding_collection_name": "$button_name",
        "binding_name_override": "#enabled"
      }
    ],
    "controls": [
      { "@$button_control": { } }
    ]
  },
  "button_panel": {
    "type": "panel",
    "controls": [
      {
        "speed_panel@beacon.panel_template": {
          "offset": [ -63, 18 ],
          "$button_name": "speed",
          "controls": [
            {
              "@beacon.toggle_template": {
                "$image_uv": [ 0, 184 ]
              }
            }
          ]
        }
      },
      {
        "haste_panel@beacon.panel_template": {
          "offset": [ -39, 18 ],
          "$button_name": "haste",
          "$image_uv": [ 36, 184 ]
        }
      },
      {
        "resist_panel@beacon.panel_template": {
          "offset": [ -63, 43 ],
          "$button_name": "resist",
          "$image_uv": [ 108, 202 ]
        }
      },
      {
        "jump_panel@beacon.panel_template": {
          "offset": [ -39, 43 ],
          "$button_name": "jump",
          "$image_uv": [ 36, 202 ]
        }
      },
      {
        "strength_panel@beacon.panel_template": {
          "offset": [ -51, 68 ],
          "$button_name": "strength",
          "$image_uv": [ 72, 184 ]
        }
      },
      {
        "regen_panel@beacon.panel_template": {
          "offset": [ 28, 43 ],
          "$button_name": "regen",
          "$image_uv": [ 126, 184 ]
        }
      },
      {
        "extra_panel@beacon.panel_template": {
          "offset": [ 52, 43 ],
          "$button_name": "extra",
          "$image_control": "beacon.secondary_effect_images"
        }
      }
    ]
  },

  // Payment Panel //

  "payment_panel": {
    "type": "panel",
    "size": [ "100%", 22 ],
    "controls": [
      {
        "confirm_panel@beacon.panel_template": {
          "offset": [ 48, 0 ],
          "$button_name": "confirm",
          "$image_uv": [ 144, 206 ],
          "$image_uv_size": [ 14, 12 ],
          "$image_size": [ 14, 12 ],
          "$button_control": "beacon.button_template",
          "anchor_from": "center",
          "anchor_to": "left_middle"
        }
      },
      {
        "cancel_panel@beacon.panel_template": {
          "offset": [ 74, 0 ],
          "$button_name": "cancel",
          "$image_uv": [ 158, 206 ],
          "$image_uv_size": [ 13, 13 ],
          "$image_size": [ 13, 13 ],
          "$button_control": "beacon.button_template",
          "anchor_from": "center",
          "anchor_to": "left_middle"
        }
      },
      {
        "ingredient_item@common.container_item": {
          "$item_collection_name": "beacon_payment_items",
          "offset": [ 19, 0 ],
          "anchor_from": "center",
          "anchor_to": "left_middle"
        }
      },
      {
        "usable_items_panel@beacon.usable_items_panel": {
          "offset": [ 8, 0 ],
          "anchor_from": "center",
          "anchor_to": "right_middle"
        }
      }
    ]
  },

  "beacon_label@common.section_heading_label": {
    "anchor_from": "top_middle",
    "anchor_to": "top_middle",
    "color": "white",
    "shadow": true
  },
  "beacon_panel": {
    "type": "image",
    "texture": "textures/gui/gui",
    "size": [ 212, 97 ],
    "nineslice_size": 4.0,
    "uv": [ 130, 106 ],
    "uv_size": [ 120, 32 ],
    "anchor_from": "top_middle",
    "anchor_to": "top_middle",
    "controls": [
      { "@beacon.button_panel": { } },
      { "@beacon.pyramid_panel": { "layer": 1 } },
      {
        "middle_strip@beacon.image_atlas": {
          "offset": [ 0, 3 ],
          "layer": 1,
          "anchor_from": "top_middle",
          "anchor_to": "top_middle",
          "uv": [ 131, 118 ],
          "nineslice_size": 1.0,
          "size": [ 2, "100%-6px" ],
          "uv_size": [ 2, 1 ]
        }
      },
      {
        "primary_power_label@beacon.beacon_label": {
          "text": "tile.beacon.primary",
          "offset": [ -54, 6 ]
        }
      },
      {
        "secondary_power_label@beacon.beacon_label": {
          "text": "tile.beacon.secondary",
          "offset": [ 52, 6 ]
        }
      }
    ]
  }
}
