{
    "content": [
        {
            "path": "items.json"
        },
        {
            "path": "manifest.json"
        },
        {
            "path": "manifest_publish.json"
        },
        {
            "path": "pack_icon.png"
        },
        {
            "path": "behavior_trees/attack.json"
        },
        {
            "path": "behavior_trees/attack_mob_test.json"
        },
        {
            "path": "behavior_trees/attack_mob_test2.json"
        },
        {
            "path": "behavior_trees/break_nearby_block.json"
        },
        {
            "path": "behavior_trees/chop_wood.json"
        },
        {
            "path": "behavior_trees/collect_items.json"
        },
        {
            "path": "behavior_trees/consume_item.json"
        },
        {
            "path": "behavior_trees/cooked_chicken_test.json"
        },
        {
            "path": "behavior_trees/interact.json"
        },
        {
            "path": "behavior_trees/interact_with_at.json"
        },
        {
            "path": "behavior_trees/look_at_entity.json"
        },
        {
            "path": "behavior_trees/mine_block_at_origin.json"
        },
        {
            "path": "behavior_trees/pickup_nearby_item.json"
        },
        {
            "path": "behavior_trees/place_block_at.json"
        },
        {
            "path": "behavior_trees/silk_touch_test.json"
        },
        {
            "path": "behavior_trees/test_nether_portal.json"
        },
        {
            "path": "behavior_trees/use_entity.json"
        },
        {
            "path": "behavior_trees/wait_one_second.json"
        },
        {
            "path": "behavior_trees/wait_seconds.json"
        },
        {
            "path": "behavior_trees/wait_ticks.json"
        },
        {
            "path": "behavior_trees/wait_two_seconds.json"
        },
        {
            "path": "behavior_trees/walk_forward.json"
        },
        {
            "path": "entities/agent.json"
        },
        {
            "path": "entities/area_effect_cloud.json"
        },
        {
            "path": "entities/armor_stand.json"
        },
        {
            "path": "entities/arrow.json"
        },
        {
            "path": "entities/bat.json"
        },
        {
            "path": "entities/blaze.json"
        },
        {
            "path": "entities/boat.json"
        },
        {
            "path": "entities/cave_spider.json"
        },
        {
            "path": "entities/chest_minecart.json"
        },
        {
            "path": "entities/chicken.json"
        },
        {
            "path": "entities/command_block_minecart.json"
        },
        {
            "path": "entities/cow.json"
        },
        {
            "path": "entities/creeper.json"
        },
        {
            "path": "entities/dolphin.json"
        },
        {
            "path": "entities/donkey.json"
        },
        {
            "path": "entities/dragon_fireball.json"
        },
        {
            "path": "entities/drowned.json"
        },
        {
            "path": "entities/egg.json"
        },
        {
            "path": "entities/elder_guardian.json"
        },
        {
            "path": "entities/enderman.json"
        },
        {
            "path": "entities/endermite.json"
        },
        {
            "path": "entities/ender_crystal.json"
        },
        {
            "path": "entities/ender_dragon.json"
        },
        {
            "path": "entities/ender_pearl.json"
        },
        {
            "path": "entities/evocation_illager.json"
        },
        {
            "path": "entities/eye_of_ender_signal.json"
        },
        {
            "path": "entities/fireball.json"
        },
        {
            "path": "entities/fireworks_rocket.json"
        },
        {
            "path": "entities/fish.json"
        },
        {
            "path": "entities/fishing_hook.json"
        },
        {
            "path": "entities/ghast.json"
        },
        {
            "path": "entities/guardian.json"
        },
        {
            "path": "entities/hopper_minecart.json"
        },
        {
            "path": "entities/horse.json"
        },
        {
            "path": "entities/husk.json"
        },
        {
            "path": "entities/iron_golem.json"
        },
        {
            "path": "entities/lightning_bolt.json"
        },
        {
            "path": "entities/lingering_potion.json"
        },
        {
            "path": "entities/llama.json"
        },
        {
            "path": "entities/llama_spit.json"
        },
        {
            "path": "entities/magma_cube.json"
        },
        {
            "path": "entities/minecart.json"
        },
        {
            "path": "entities/mooshroom.json"
        },
        {
            "path": "entities/mule.json"
        },
        {
            "path": "entities/npc.json"
        },
        {
            "path": "entities/ocelot.json"
        },
        {
            "path": "entities/parrot.json"
        },
        {
            "path": "entities/phantom.json"
        },
        {
            "path": "entities/pig.json"
        },
        {
            "path": "entities/player.json"
        },
        {
            "path": "entities/polar_bear.json"
        },
        {
            "path": "entities/pufferfish.json"
        },
        {
            "path": "entities/rabbit.json"
        },
        {
            "path": "entities/salmon.json"
        },
        {
            "path": "entities/sheep.json"
        },
        {
            "path": "entities/shulker.json"
        },
        {
            "path": "entities/shulker_bullet.json"
        },
        {
            "path": "entities/silverfish.json"
        },
        {
            "path": "entities/skeleton.json"
        },
        {
            "path": "entities/skeleton_horse.json"
        },
        {
            "path": "entities/slime.json"
        },
        {
            "path": "entities/small_fireball.json"
        },
        {
            "path": "entities/snowball.json"
        },
        {
            "path": "entities/snow_golem.json"
        },
        {
            "path": "entities/spider.json"
        },
        {
            "path": "entities/splash_potion.json"
        },
        {
            "path": "entities/squid.json"
        },
        {
            "path": "entities/stray.json"
        },
        {
            "path": "entities/thrown_trident.json"
        },
        {
            "path": "entities/tnt.json"
        },
        {
            "path": "entities/tnt_minecart.json"
        },
        {
            "path": "entities/tripod_camera.json"
        },
        {
            "path": "entities/tropicalfish.json"
        },
        {
            "path": "entities/turtle.json"
        },
        {
            "path": "entities/vex.json"
        },
        {
            "path": "entities/villager.json"
        },
        {
            "path": "entities/vindicator.json"
        },
        {
            "path": "entities/witch.json"
        },
        {
            "path": "entities/wither.json"
        },
        {
            "path": "entities/wither_skeleton.json"
        },
        {
            "path": "entities/wither_skull.json"
        },
        {
            "path": "entities/wither_skull_dangerous.json"
        },
        {
            "path": "entities/wolf.json"
        },
        {
            "path": "entities/xp_bottle.json"
        },
        {
            "path": "entities/zombie.json"
        },
        {
            "path": "entities/zombie_horse.json"
        },
        {
            "path": "entities/zombie_pigman.json"
        },
        {
            "path": "entities/zombie_villager.json"
        },
        {
            "path": "loot_tables/empty.json"
        },
        {
            "path": "loot_tables/chests/abandoned_mineshaft.json"
        },
        {
            "path": "loot_tables/chests/buriedtreasure.json"
        },
        {
            "path": "loot_tables/chests/desert_pyramid.json"
        },
        {
            "path": "loot_tables/chests/dispenser_trap.json"
        },
        {
            "path": "loot_tables/chests/end_city_treasure.json"
        },
        {
            "path": "loot_tables/chests/igloo_chest.json"
        },
        {
            "path": "loot_tables/chests/jungle_temple.json"
        },
        {
            "path": "loot_tables/chests/monster_room.json"
        },
        {
            "path": "loot_tables/chests/nether_bridge.json"
        },
        {
            "path": "loot_tables/chests/shipwreck.json"
        },
        {
            "path": "loot_tables/chests/shipwrecksupply.json"
        },
        {
            "path": "loot_tables/chests/shipwrecktreasure.json"
        },
        {
            "path": "loot_tables/chests/simple_dungeon.json"
        },
        {
            "path": "loot_tables/chests/spawn_bonus_chest.json"
        },
        {
            "path": "loot_tables/chests/stronghold_corridor.json"
        },
        {
            "path": "loot_tables/chests/stronghold_crossing.json"
        },
        {
            "path": "loot_tables/chests/stronghold_library.json"
        },
        {
            "path": "loot_tables/chests/underwater_ruin_big.json"
        },
        {
            "path": "loot_tables/chests/underwater_ruin_small.json"
        },
        {
            "path": "loot_tables/chests/village_blacksmith.json"
        },
        {
            "path": "loot_tables/chests/village_two_room_house.json"
        },
        {
            "path": "loot_tables/chests/woodland_mansion.json"
        },
        {
            "path": "loot_tables/entities/armor_set_chain.json"
        },
        {
            "path": "loot_tables/entities/armor_set_diamond.json"
        },
        {
            "path": "loot_tables/entities/armor_set_gold.json"
        },
        {
            "path": "loot_tables/entities/armor_set_iron.json"
        },
        {
            "path": "loot_tables/entities/armor_set_leather.json"
        },
        {
            "path": "loot_tables/entities/armor_stand.json"
        },
        {
            "path": "loot_tables/entities/bat.json"
        },
        {
            "path": "loot_tables/entities/blaze.json"
        },
        {
            "path": "loot_tables/entities/boat.json"
        },
        {
            "path": "loot_tables/entities/cave_spider.json"
        },
        {
            "path": "loot_tables/entities/chicken.json"
        },
        {
            "path": "loot_tables/entities/clownfish.json"
        },
        {
            "path": "loot_tables/entities/cow.json"
        },
        {
            "path": "loot_tables/entities/creeper.json"
        },
        {
            "path": "loot_tables/entities/dolphin.json"
        },
        {
            "path": "loot_tables/entities/drowned.json"
        },
        {
            "path": "loot_tables/entities/drowned_equipment.json"
        },
        {
            "path": "loot_tables/entities/drowned_ranged_equipment.json"
        },
        {
            "path": "loot_tables/entities/elder_guardian.json"
        },
        {
            "path": "loot_tables/entities/enderman.json"
        },
        {
            "path": "loot_tables/entities/endermite.json"
        },
        {
            "path": "loot_tables/entities/evocation_illager.json"
        },
        {
            "path": "loot_tables/entities/fish.json"
        },
        {
            "path": "loot_tables/entities/ghast.json"
        },
        {
            "path": "loot_tables/entities/giant.json"
        },
        {
            "path": "loot_tables/entities/guardian.json"
        },
        {
            "path": "loot_tables/entities/horse.json"
        },
        {
            "path": "loot_tables/entities/iron_golem.json"
        },
        {
            "path": "loot_tables/entities/llama.json"
        },
        {
            "path": "loot_tables/entities/magma_cube.json"
        },
        {
            "path": "loot_tables/entities/mooshroom.json"
        },
        {
            "path": "loot_tables/entities/mooshroom_shear.json"
        },
        {
            "path": "loot_tables/entities/ocelot.json"
        },
        {
            "path": "loot_tables/entities/parrot.json"
        },
        {
            "path": "loot_tables/entities/phantom.json"
        },
        {
            "path": "loot_tables/entities/pig.json"
        },
        {
            "path": "loot_tables/entities/pig_saddled.json"
        },
        {
            "path": "loot_tables/entities/polar_bear.json"
        },
        {
            "path": "loot_tables/entities/pufferfish.json"
        },
        {
            "path": "loot_tables/entities/rabbit.json"
        },
        {
            "path": "loot_tables/entities/salmon_large.json"
        },
        {
            "path": "loot_tables/entities/salmon_normal.json"
        },
        {
            "path": "loot_tables/entities/sea_turtle.json"
        },
        {
            "path": "loot_tables/entities/sheep.json"
        },
        {
            "path": "loot_tables/entities/sheep_shear.json"
        },
        {
            "path": "loot_tables/entities/sheep_sheared.json"
        },
        {
            "path": "loot_tables/entities/shulker.json"
        },
        {
            "path": "loot_tables/entities/silverfish.json"
        },
        {
            "path": "loot_tables/entities/skeleton.json"
        },
        {
            "path": "loot_tables/entities/skeleton_gear.json"
        },
        {
            "path": "loot_tables/entities/skeleton_horse.json"
        },
        {
            "path": "loot_tables/entities/slime.json"
        },
        {
            "path": "loot_tables/entities/snowman.json"
        },
        {
            "path": "loot_tables/entities/spider.json"
        },
        {
            "path": "loot_tables/entities/squid.json"
        },
        {
            "path": "loot_tables/entities/stray.json"
        },
        {
            "path": "loot_tables/entities/tropicalfish.json"
        },
        {
            "path": "loot_tables/entities/vex_gear.json"
        },
        {
            "path": "loot_tables/entities/vindication_illager.json"
        },
        {
            "path": "loot_tables/entities/vindicator_gear.json"
        },
        {
            "path": "loot_tables/entities/witch.json"
        },
        {
            "path": "loot_tables/entities/wither_boss.json"
        },
        {
            "path": "loot_tables/entities/wither_skeleton.json"
        },
        {
            "path": "loot_tables/entities/wither_skeleton_gear.json"
        },
        {
            "path": "loot_tables/entities/wolf.json"
        },
        {
            "path": "loot_tables/entities/zombie.json"
        },
        {
            "path": "loot_tables/entities/zombie_equipment.json"
        },
        {
            "path": "loot_tables/entities/zombie_horse.json"
        },
        {
            "path": "loot_tables/entities/zombie_pigman.json"
        },
        {
            "path": "loot_tables/entities/zombie_pigman_gear.json"
        },
        {
            "path": "loot_tables/equipment/low_tier_items.json"
        },
        {
            "path": "loot_tables/gameplay/fishing.json"
        },
        {
            "path": "loot_tables/gameplay/fishing/fish.json"
        },
        {
            "path": "loot_tables/gameplay/fishing/junk.json"
        },
        {
            "path": "loot_tables/gameplay/fishing/treasure.json"
        },
        {
            "path": "trading/armorer_trades.json"
        },
        {
            "path": "trading/butcher_trades.json"
        },
        {
            "path": "trading/cartographer_trades.json"
        },
        {
            "path": "trading/cleric_trades.json"
        },
        {
            "path": "trading/farmer_trades.json"
        },
        {
            "path": "trading/fisherman_trades.json"
        },
        {
            "path": "trading/fletcher_trades.json"
        },
        {
            "path": "trading/leather_worker_trades.json"
        },
        {
            "path": "trading/librarian_trades.json"
        },
        {
            "path": "trading/shepherd_trades.json"
        },
        {
            "path": "trading/tool_smith_trades.json"
        },
        {
            "path": "trading/weapon_smith_trades.json"
        }
    ]
}
