{
  "namespace": "late_join",

  "animation_panel": {
    "type": "panel",
    "anchor_to": "bottom_left",
    "anchor_from": "bottom_left",
    "size": [ "50% - 75px", 32 ],
    "offset": [ 0, "-10%" ],
    "controls": [
      {
        "stacked_column": {
          "type": "stack_panel",
          "size": [ "100%", "100%" ],
          "offset": [ "5%", 0 ],
          "anchor_from": "top_left",
          "anchor_to": "top_left",
          "orientation": "horizontal",
          "controls": [
            {
              "waiting_animating_text": {
                "size": [ "default", "100%" ],
                "max_size": [ "100%", "100%" ],
                "type": "label",
                "color": "$main_header_text_color",
                "text": "#animating_text",
                "bindings": [
                  {
                    "binding_name": "#animating_text_visible",
                    "binding_name_override": "#visible"
                  },
                  {
                    "binding_name": "#animating_text"
                  }
                ]
              }
            }
          ]
        }
      }
    ]
  },

  //---------------------------------------------------------------------------
  // Screens
  //---------------------------------------------------------------------------

  "late_join_pregame_screen@common.base_screen": {
    "$screen_content": "late_join.late_join_screen_content"
  },

  "late_join_screen_content": {
    "type": "panel",
    "controls": [
      {
        "animation_panel@late_join.animation_panel": { }
      }
    ]
  }
}