{
  "namespace": "common_store",

  //--------------------------------------------------------------------------------
  // Controls
  //--------------------------------------------------------------------------------
  "label": {
    "type": "label",
    "color": "$body_text_color",
    "size": [ "100%", "14px" ],
    "anchor_from": "top_left",
    "anchor_to": "top_left"
  },

  "banner_fill": {
    "type": "image",
    "texture": "textures/ui/Banners"
  },

  "coin_icon": {
    "type": "image",
    "texture": "textures/ui/MCoin",
    "size": [ 11, 11 ]
  },

  "new_offer_icon": {
    "type": "image",
    "layer": 15,
    "texture": "textures/ui/newOffersIcon",
    "anchor_from": "top_right",
    "anchor_to": "top_right",
    "offset": [ 3, -3 ],
    "size": [ 21, 15 ],
    "visible": false
  },

  "update_balloon_icon": {
    "type": "image",
    "layer": 15,
    "texture": "textures/ui/update",
    "anchor_from": "top_right",
    "anchor_to": "top_right",
    "offset": "$update_icon_offset",
    "size": [ 11, 21 ],
    "visible": false
  },

  "status_icon_panel": {
    "type": "panel",
    "layer": 15,
    "anchor_from": "top_right",
    "anchor_to": "top_right",
    "size": [ 21, 21 ],
    "$grid_collection_name|default": "",
    "controls": [
      {
        "new_offer_icon@common_store.new_offer_icon": {
          "bindings": [
            {
              "binding_type": "collection",
              "binding_collection_name": "$grid_collection_name",
              "binding_name": "#new_offer_icon_visible",
              "binding_name_override": "#visible"
            },
            {
              "binding_type": "collection_details",
              "binding_collection_name": "category_collection",
              "binding_collection_prefix": "category"
            }
          ]
        }
      },
      {
        "update_icon@common_store.update_balloon_icon": {
          "bindings": [
            {
              "binding_type": "collection",
              "binding_collection_name": "$grid_collection_name",
              "binding_name": "#update_icon_visible",
              "binding_name_override": "#visible"
            },
            {
              "binding_type": "collection_details",
              "binding_collection_name": "category_collection",
              "binding_collection_prefix": "category"
            }
          ]
        }
      }
    ]
  },

  "prompt_icon": {
    "type": "image",
    "size": [ 16, 11 ],
    "bindings": [
      {
        "binding_type": "collection",
        "binding_collection_name": "offers_collection",
        "binding_name": "#prompt_icon_visible",
        "binding_name_override": "#visible"
      },
      {
        "binding_type": "collection",
        "binding_collection_name": "offers_collection",
        "binding_name": "#prompt_icon_texture",
        "binding_name_override": "#texture"
      },
      {
        "binding_type": "collection_details",
        "binding_collection_name": "offers_collection",
        "binding_collection_prefix": "category"
      }
    ]
  },

  "plus_icon": {
    "type": "image",
    "layer": 2,
    "texture": "textures/ui/ThinPlus",
    "size": [ 7, 7 ]
  },

  "gamepad_store_helper": {
    "type": "panel",
    "size": [ "100%c", 26 ],
    "offset": [ 0, 0 ],
    "$gamepad_helper_icon_description_text_color": "$light_glyph_default_color",
    "$gamepad_helper_icon_description_shadow": false,
    "$icon_description_bind": "#button_back_description",
    "$gamepad_store_helper_button|default": "gamepad_helper_button@common.gamepad_helper_b",
    "controls": [
      { "$gamepad_store_helper_button": {} }
    ]
  },

  "purchase_coins_panel": {
    "type": "panel",
    "size": [ "100%c", "100%" ],
    "anchor_from": "left_middle",
    "anchor_to": "left_middle",
    "controls": [
      {
        "plus_button@common_buttons.light_glyph_button": {
          "size": "$touch_size",
          "$button_size_override": [ 15, 15 ],
          "offset": "$button_offset",
          "layer": 3,
          "ignored": "$add_coin_not_visible",
          "$button_content": "common_store.plus_icon",
          "anchor_from": "left_middle",
          "anchor_to": "left_middle",
          "bindings": [
            {
              "binding_name": "(not #gamepad_helper_visible)",
              "binding_name_override": "#visible"
            }
          ],
          "button_mappings": [
            {
              "from_button_id": "button.menu_select",
              "to_button_id": "button.coin_wallet",
              "mapping_type": "pressed"
            },
            {
              "from_button_id": "button.menu_ok",
              "to_button_id": "button.coin_wallet",
              "mapping_type": "focused"
            }
          ]
        }
      },
      {
        "gamepad_helper_y@common.gamepad_helper_y": {
          "offset": [ -8, 0 ],
          "$hide_description|default": true
        }
      }
    ]
  },

  "bar_animation": {
    "anim_type": "flip_book",
    "initial_uv": [ 0, 0 ],
    "frame_count": 10,
    "frame_step": 64,
    "fps": 10,
    "reversible": true,
    "easing": "linear",
    "next": "@bar_forward"
  },

  "progress_loading_bars": {
    "type": "image",
    "layer": 1,
    "texture": "textures/ui/loading_bar",
    "anchor_from": "center",
    "anchor_to": "center",
    "uv_size": [ 64, 8 ],
    "size": [ "100% - 4px", "8%x" ],
    "max_size": [ 64, 8 ],
    "uv": "@common_store.bar_animation",
    "disable_anim_fast_forward": true,
    "color": [ 0.7, 0.7, 0.7, 1.0 ]
  },

  "failure_text_wait_animation": {
    "anim_type": "wait",
    "$failure_timeout|default": 5.0,
    "duration": "$failure_timeout",
    "next": "@common_store.failure_text_alpha_animation"
  },

  "failure_text_alpha_animation": {
    "anim_type": "alpha",
    "easing": "linear",
    "from": 0,
    "to": 1
  },

  "progress_loading@common_store.banner_fill": {
    "$hide_failure_text|default": false,
    "controls": [
      {
        "stack_panel": {
          "type": "stack_panel",
          "orientation": "vertical",
          "controls": [
            {
              "centerer_0": {
                "type": "panel",
                "size": [ "100%", "100%c" ],
                "controls": [
                  {
                    "store_failure_text": {
                      "type": "label",
                      "color": "$body_text_color",
                      "text_alignment": "center",
                      "ignored": "$hide_failure_text",
                      "size": [ "100%-4px", "default" ],
                      "text": "store.connection.failed.body",
                      "alpha": 0,
                      "anims": [
                        "@common_store.failure_text_wait_animation"
                      ]
                    }
                  }
                ]
              }
            },
            {
              "centerer_1": {
                "type": "panel",
                "size": [ "100%", "100%c" ],
                "controls": [
                  {
                    "progress_loading_bars@common_store.progress_loading_bars": {
                    }
                  }
                ]
              }
            }
          ]
        }
      }
    ],
    "bindings": [
      {
        "binding_type": "view",
        "source_control_name": "$source_control_name",
        "source_property_name": "$source_property_name",
        "target_property_name": "#visible",
        "resolve_sibling_scope": true
      }
    ]
  },

  "screen_contents_with_gamepad_helpers": {
    "type": "stack_panel",
    "orientation": "vertical",
    "size": [ "100%", "100%c" ],
    "$gamepad_helpers_layer|default": 10,
    "controls": [
      {
        "dialog_panel": {
          "type": "panel",
          "size": [ "100%", "100%c" ],
          "controls": [
            { "dialog@$dialog_panel": {} }
          ]
        }
      },
      {
        "padding": {
          "type": "panel",
          "size": [ "100%", 10 ]
        }
      },
      {
        "gamepad_helpers_panel": {
          "type": "panel",
          "layer": "$gamepad_helpers_layer",
          "size": [ "100%", "100%c" ],
          "controls": [
            { "gamepad_helpers_a_and_b@common.gamepad_helpers_a_and_b": {} }
          ]
        }
      }
    ]
  },

  // Commented out until discounts/markdowns are enabled
  //"text_strike_through": {
  //  "type": "image",
  //  "tiled": true,
  //  "texture": "textures/ui/yellowStrikethru"
  //},

  //"markdown_background": {
  //  "type": "image",
  //  "tiled": true,
  //  "texture": "textures/ui/GreenBG"
  //},

  "store_top_bar": {
    "type": "image",
    "texture": "textures/ui/StoreTopBar"
  },

  "direction_button_panel": {
    "type": "panel",
    "$direction_gamepad_button_helper|default": "gamepad_helper@common.gamepad_helper_right_bumper",
    "controls": [
      {
        "chevron_image@common.chevron_image": {
          "bindings": [
            {
              "binding_name": "(not #is_using_gamepad)",
              "binding_name_override": "#visible"
            }
          ]
        }
      },
      {
        "$direction_gamepad_button_helper": {
          "offset": [ 0, 4 ],
          "anchor_from": "center",
          "anchor_to": "center",
          "$hide_description|default": true,
          "$gamepad_helper_icon_size|default": [ 18, 18 ]
        }
      }
    ]
  },

  "cycle_pack_button@common_buttons.light_content_button": {
    "$button_content": "common_store.direction_button_panel",
    "$cycle_pack_button_collection_type|default": "collection",
    "$cycle_pack_button_collection|default": "category_collection",
    "$cycle_pack_button_enabled|default": "#cycle_pack_button",
    "bindings": [
      {
        "binding_type": "collection_details",
        "binding_collection_name": "category_collection"
      },
      {
        "binding_type": "$cycle_pack_button_collection_type",
        "binding_collection_name": "$cycle_pack_button_collection",
        "binding_name": "$cycle_pack_button_enabled",
        "binding_name_override": "#enabled"
      },
      {
        "binding_name": "(not #is_using_gamepad)",
        "binding_name_override": "#focus_enabled"
      }
    ]
  },

  "cycle_pack_left_button@common_store.cycle_pack_button": {
    "anchor_from": "bottom_left",
    "anchor_to": "bottom_left",
    "$chevron_image_name": "textures/ui/chevron_left",
    "$pressed_button_name": "button.cycle_pack_left",
    "$cycle_pack_button_enabled|default": "#cycle_pack_left_button_enabled",
    "$direction_gamepad_button_helper": "gamepad_helper@common.gamepad_helper_left_bumper"
  },

  "cycle_pack_right_button@common_store.cycle_pack_button": {
    "anchor_from": "bottom_right",
    "anchor_to": "bottom_right",
    "$chevron_image_name": "textures/ui/chevron_right",
    "$pressed_button_name": "button.cycle_pack_right",
    "$cycle_pack_button_enabled|default": "#cycle_pack_right_button_enabled"
  },

  "restore_purchases@common_buttons.light_text_button": {
    "anchor_from": "center",
    "anchor_to": "center",
    "$pressed_button_name": "button.restore_store",
    "$button_text": "skins.restore.button"
  },

  "back_content_panel": {
    "type": "panel",
    "size": [ "100%c", "100%" ],
    "anchor_from": "left_middle",
    "anchor_to": "left_middle",
    "controls": [
      {
        "back_button@common.back_button": {
          "offset": [ 0, -1 ]
        }
      },
      {
        "gamepad_store_back_panel@common_store.gamepad_store_helper": {
          "offset": [ -4, -1 ]
        }
      }
    ]
  },

  "unlock_with_coins_button_stack_panel": {
    "type": "stack_panel",
    "orientation": "horizontal",
    "size": [ "100%c", 11 ],
    "$button_text_max_size": [ "default", 10 ], // Without this there is an unsolvable layout since the parent is 100%c
    "$button_text_binding_type|default": "none",
    "$button_binding_condition|default": "none",
    "$button_text_grid_collection_name|default": "",

    "controls": [
      { "unlock_text@common_buttons.new_ui_binding_button_label": {} },
      {
        "padding_1": {
          "type": "panel",
          "size": [ 1, "100%" ]
        }
      },
      {
        "coin_panel": {
          "type": "panel",
          "size": [ "100%c", "100%c" ],
          "$coin_visible|default": "",
          "$coin_binding_type|default": "none",
          "controls": [
            {
              "coin@common_store.coin_icon": {
                "offset": [ 0, -1 ],
                "bindings": [
                  {
                    "binding_type": "$coin_binding_type",
                    "binding_name": "$coin_visible",
                    "binding_name_override": "#visible"
                  }
                ]
              }
            }
          ]
        }
      }
    ]
  },

  "store_dialog_with_coin_header@common_dialogs.main_panel_no_buttons": {
    "$use_custom_title_control": true,
    "$custom_title_label": "common_store.coins_with_title",
    "$text_name|default": "",
    "$title_size": [ "100% - 14px", 10 ],
    "$title_panel|default": "common_store.store_coins_title_label"
  },


  "store_coins_title_label@common_dialogs.standard_title_label": {
    "size": [ "100% - 78px", 10 ],
    "anchor_from": "left_middle",
    "anchor_to": "left_middle",
    "text_alignment": "center",
    "offset": [ 63, -1 ]
  },

  "store_header_with_coins": {
    "type": "stack_panel",
    "size": [ "100%", "100%" ],
    "controls": [
      {
        "top_bar@common_store.store_top_bar": {
          "size": [ "100%", 23 ],
          "controls": [
            {
              "title_stack_panel": {
                "type": "stack_panel",
                "size": [ "100%", 19 ],
                "orientation": "horizontal",
                "controls": [
                  {
                    "padding1": {
                      "type": "panel",
                      "size": [ 2, "100%" ]
                    }
                  },
                  { "back_button_content_panel@common_store.back_content_panel": {} },
                  { "title@common_store.title_with_coins": {} },
                  {
                    "padding2": {
                      "type": "panel",
                      "size": [ 2, "100%" ]
                    }
                  }
                ]
              }
            }
          ]
        }
      },
      {
        "bg@common_dialogs.background": {
          "size": [ "100%", "100% - 23px" ]
          // $child control used here
        }
      }
    ]
  },

  "title_with_coins": {
    "type": "stack_panel",
    "orientation": "horizontal",
    "size": [ "fill", "100%" ],
    "controls": [
      {
        "title_label_panel": {
          "type": "panel",
          "size": [ "fill", "100%" ],
          "controls": [
            {
              "title_label": {
                "type": "label",
                "size": [ "default", 10 ],
                "text": "$text_name",
                "color": "$title_text_color",
                "layer": 2
              }
            }
          ]
        }
      },
      {
        "xbl_status_panel": {
          "type": "panel",
          "size": [ "100%c", "100%" ],
          "layer": 2,
          "controls": [
            {
              "xbl_status_panel@common_store.xbl_status_panel": {
                "offset": [ 0, -1 ]
              }
            }
          ]
        }
      },
      {
        "padding_0": {
          "type": "panel",
          "size": [ 2, 0 ]
        }
      },
      {
        "coin_balance_panel": {
          "type": "panel",
          "size": [ 73, "100%" ],
          "controls": [
            {
              "coin_balance_panel@common_store.coin_balance_panel": {
                "offset": [ 4, -1 ],
                "layer": 1
              }
            }
          ]
        }
      }
    ]
  },

  "coins_with_title": {
    "type": "panel",
    "anchor_from": "top_left",
    "anchor_to": "top_left",
    "controls": [
      {
        "coin_balance_panel@common_store.coin_balance_panel": {
          "offset": [ 0, -4 ],
          "layer": 5,
          "anchor_from": "top_left",
          "anchor_to": "top_left"
        }
      },
      {
        "title_panel@$title_panel": {
        }
      }
    ]
  },

  "coin_balance_panel": {
    "type": "panel",
    "layer": 2,
    "size": [ 72, 15 ],
    "$add_coin_not_visible|default": false,
    "variables": [
      {
        "requires": "$touch",
        "$touch_size": [ 27, 27 ],
        "$image_anchor": "left_middle",
        "$button_offset": [ -6, 0 ],
        "$image_offset": [ 1, 0 ]
      },
      {
        "requires": "(not $touch)",
        "$touch_size": [ 15, 15 ],
        "$button_offset": [ 0, 0 ]
      }
    ],
    "controls": [
      {
        "purchase_coin_panel@common_store.purchase_coins_panel": {
        }
      },
      {
        "coin_balance_panel@common_store.banner_fill": {
          "size": [ 55, "100%" ],
          "offset": [ 5, 0 ],
          "controls": [
            {
              "coin_balance_text": {
                "type": "label",
                "color": "$coin_color",
                "layer": 4,
                "size": [ 42, 10 ],
                "offset": [ -13, 0 ],
                "text": "#coin_balance",
                "anchor_from": "right_middle",
                "anchor_to": "right_middle",
                "text_alignment": "right",
                "bindings": [
                  {
                    "binding_type": "global",
                    "binding_name": "#coin_balance",
                    "binding_condition": "always_when_visible"
                  }
                ]
              }
            },
            {
              "coin_icon@common_store.coin_icon": {
                "anchor_from": "right_middle",
                "anchor_to": "right_middle",
                "offset": [ -2, 0 ],
                "layer": 3
              }
            }
          ]
        }
      }
    ]
  },


  "xbl_status_panel": {
    "type": "stack_panel",
    "orientation": "horizontal",
    "size": [ "100%c", 15 ],
    "controls": [
      {
        "sign_in_gamepad_helper": {
          "type": "panel",
          "size": [ "100%c", "100%" ],
          "controls": [
            {
              "gamepad_helper@common_store.gamepad_store_helper": {
                "offset": [ 4, 0 ],
                "$icon_description_bind": "",
                "$gamepad_store_helper_button|default": "gamepad_helper_button@common.gamepad_helper_x",
                "$hide_description|default": true
              }
            }
          ],
          "bindings": [
            {
              "binding_name": "#show_signin_button",
              "binding_name_override": "#visible"
            }
          ]
        }
      },
      {
        "sign_in_button@common_buttons.light_text_form_fitting_button": {
          "size": [ "100%c", "100%" ],
          "$pressed_button_name": "button.signin",
          "$button_text": "store.xbl.signin",
          "$button_state_panel": "common_buttons.new_ui_width_fitting_button_panel",
          "$button_type_panel": "common_buttons.width_fitting_button_content_panel",
          "$button_content": "common_buttons.new_ui_binding_button_label",
          "$button_size_override": [ "100%c", "100%" ],
          "$button_offset": [ 0, -0.5 ],
          "bindings": [
            {
              "binding_name": "#show_signin_button",
              "binding_name_override": "#visible"
            },
            {
              "binding_name": "#sign_in_focus_enabled",
              "binding_name_override": "#focus_enabled"
            }
          ],
          "button_mappings": [
            {
              "from_button_id": "button.controller_select",
              "to_button_id": "button.signin",
              "mapping_type": "global"
            },
            {
              "from_button_id": "button.menu_select",
              "to_button_id": "$pressed_button_name",
              "mapping_type": "pressed"
            },
            {
              "from_button_id": "button.menu_ok",
              "to_button_id": "$pressed_button_name",
              "mapping_type": "focused"
            }
          ]
        }
      },
      {
        "disconnected@common_buttons.dark_content_button": {
          "size": [ "100%c", "100%" ],
          "$pressed_button_name": "button.signin",
          "$button_content": "common_store.xbl_button_content",
          "$button_state_panel": "common_buttons.new_ui_width_fitting_button_panel",
          "$button_type_panel": "common_buttons.width_fitting_button_content_panel",
          "$anchor": "top_left",
          "$button_size_override": [ "100%c", "100%" ],
          "bindings": [
            {
              "binding_name": "#show_disconnected_button",
              "binding_name_override": "#visible"
            },
            {
              "binding_name": "#sign_in_focus_enabled",
              "binding_name_override": "#focus_enabled"
            }
          ]
        }
      },
      {
        "player_profile@common_store.banner_fill": {
          "size": [ "100%c", "100%" ],
          "controls": [
            {
              "status_panel@common_store.xbl_player_status_panel": {}
            }
          ],
          "bindings": [
            {
              "binding_name": "#show_xbl_profile_info",
              "binding_name_override": "#visible"
            }
          ]
        }
      },
      {
        "padding": {
          "type": "panel",
          "size": [ 5, "100%" ]
        }
      }
    ]
  },

  "xbl_player_status_panel": {
    "type": "stack_panel",
    "orientation": "horizontal",
    "size": [ "100%c", "100%" ],
    "controls": [
      {
        "border@common.focus_border_white": {
          "size": [ "100%c + 2px", "100%" ],
          "color": [ 0, 0, 0 ],
          "controls": [
            {
              "player_pic": {
                "type": "image",
                "size": [ "100%y", "100% - 2px" ],
                "bindings": [
                  {
                    "binding_name": "#gamer_pic_texture",
                    "binding_name_override": "#texture"
                  },
                  {
                    "binding_name": "#gamer_pic_file_source",
                    "binding_name_override": "#texture_file_system"
                  }
                ]
              }
            }
          ]
        }
      },
      {
        "padding_0": {
          "type": "panel",
          "size": [ 2, "100%" ]
        }
      },
      {
        "label_panel": {
          "type": "panel",
          "size": [ "100%c", "100%" ],
          "controls": [
            {
              "gamertag_label": {
                "type": "label",
                "size": [ "default", "default" ],
                "text": "#gamertag",
                "color": "$body_text_color",
                "layer": 2,
                "offset": [ 0, 0.5 ], // To line up with the coin balance text
                "bindings": [
                  {
                    "binding_name": "#gamertag"
                  }
                ]
              }
            }
          ]
        }
      },
      {
        "padding_1": {
          "type": "panel",
          "size": [ 3, "100%" ]
        }
      }
    ]
  },

  "xbl_button_content": {
    "type": "stack_panel",
    "orientation": "horizontal",
    "size": [ "100%c", "100%" ],
    "offset": [ 0, -1 ],
    "controls": [
      {
        "xbl_icon": {
          "type": "image",
          "texture": "textures/ui/xbox4",
          "size": [ 9, 9 ]
        }
      },
      {
        "padding_0": {
          "type": "panel",
          "size": [ 1, "100%" ]
        }
      },
      {
        "disconnected_label": {
          "type": "label",
          "size": [ "default", "default" ],
          "text": "store.xbl.disconnected",
          "color": "$text_color"
        }
      },
      {
        "padding_1": {
          "type": "panel",
          "size": [ 1, "100%" ]
        }
      },
      {
        "error_icon_panel": {
          "type": "panel",
          "size": [ "100%c", "100%c" ],
          "controls": [
            {
              "error_icon": {
                "type": "image",
                "texture": "textures/ui/ErrorGlyph",
                "size": [ 7, 10 ],
                "offset": [ 0, -1 ]
              }
            }
          ]
        }
      }
    ]
  },

  //--------------------------------------------------------------------------------
  // Content
  //--------------------------------------------------------------------------------

  "featured_grid": {
    "type": "grid",
    "size": [ "44.445%y + 0.33px", "100% - 1px" ],
    "grid_item_template": "common_store.featured_grid_item",
    "grid_dimension_binding": "#featured_item_grid_dimension",
    "collection_name": "featured_item_collection",
    "bindings": [
      {
        "binding_name": "#featured_item_grid_dimension",
        "binding_type": "global"
      }
    ]
  },

  "featured_grid_item@common.button": {
    "$pressed_button_name": "button.select_featured_screenshot",
    "layer": 5,
    "size": [ "100%", "25% + 1px" ],
    "offset": [ 0, 0 ],
    "default_control": "default",
    "hover_control": "hover",
    "pressed_control": "pressed",
    "focus_enabled": true,
    "$focus_override_right|default": "feature_key_art_id",
    "controls": [
      {
        "default@common_store.featured_item_screenshot": {
          "$border_color": [ 0, 0, 0 ],
          "$border_visible": false
        }
      },
      {
        "hover@common_store.featured_item_screenshot": {
          "$border_color": [ 1, 1, 1 ],
          "$border_visible": true
        }
      },
      {
        "pressed@common_store.featured_item_screenshot": {
          "$border_color": [ 1, 1, 1 ],
          "$border_visible": true
        }
      }
    ],
    "bindings": [
      {
        "binding_type": "collection_details",
        "binding_collection_name": "featured_item_collection",
        "binding_collection_prefix": "featured_item"
      },
      {
        "binding_name": "#featured_grid_item_id",
        "binding_name_override": "#focus_identifier",
        "binding_type": "collection",
        "binding_collection_name": "featured_item_collection"
      },
      {
        "binding_name": "#featured_grid_item_override_left",
        "binding_name_override": "#focus_change_left",
        "binding_type": "collection",
        "binding_collection_name": "featured_item_collection"
      }
    ],
    "button_mappings": [
      {
        "from_button_id": "button.menu_select",
        "to_button_id": "button.select_featured_screenshot",
        "mapping_type": "pressed"
      },
      {
        "from_button_id": "button.menu_ok",
        "to_button_id": "button.select_featured_screenshot",
        "mapping_type": "focused"
      }
    ]
  },

  "featured_item_screenshot": {
    "type": "panel",
    "layer": 3,
    "controls": [
      {
        "featured_key_art": {
          "type": "image",
          "layer": 1,
          "size": [ "100% - 2px", "100% - 2px" ],
          "bindings": [
            {
              "binding_name": "#featured_item_texture_path",
              "binding_name_override": "#texture",
              "binding_type": "collection",
              "binding_collection_name": "featured_item_collection"
            },
            {
              "binding_name": "#featured_item_texture_file_system",
              "binding_name_override": "#texture_file_system",
              "binding_type": "collection",
              "binding_collection_name": "featured_item_collection"
            },
            {
              "binding_name": "#item_does_not_meet_requirements",
              "binding_name_override": "#grayscale",
              "binding_type": "collection",
              "binding_collection_name": "featured_item_collection"
            }
          ]
        }
      },
      {
        "focus_border_white_0@common.focus_border_white": {
          "layer": 2,
          "color": "$light_border_default_color"
        }
      },
      {
        "focus_border_white_1@common.focus_border_white": {
          "layer": 3,
          "color": "$border_color",
          "visible": "$border_visible"
        }
      }
    ]
  },


  "featured_key_art": {
    "type": "panel",
    "size": [ "45%", "100%" ],
    "controls": [
      {
        "bg@common_store.banner_fill": {
          "layer": 3,
          "controls": [
            {
              "featured_key_art": {
                "type": "image",
                "layer": 4,
                "size": [ "100% - 2px", "100% - 2px" ],
                "bindings": [
                  {
                    "binding_name": "#featured_texture_path",
                    "binding_name_override": "#texture"
                  },
                  {
                    "binding_name": "#featured_texture_file_system",
                    "binding_name_override": "#texture_file_system"
                  },
                  {
                    "binding_name": "#featured_item_does_not_meet_requirements",
                    "binding_name_override": "#grayscale"
                  }
                ]
              }
            },
            {
              "new_offer_icon@common_store.new_offer_icon": {
                "bindings": [
                  {
                    "binding_name": "#new_featured_offer",
                    "binding_name_override": "#visible"
                  }
                ]
              }
            }
          ]
        }
      }
    ]
  },

  "featured_description@common_store.banner_fill": {
    "controls": [
      {
        "text_panel": {
          "type": "stack_panel",
          "orientation": "vertical",
          "layer": 4,
          "anchor_from": "center",
          "anchor_to": "center",
          "size": [ "100% - 6px", "100% - 6px" ],
          "controls": [
            {
              "header@common_store.featured_item_header": {}
            },
            {
              "body@common_store.label": {
                "size": [ "100%", "fill" ],
                "text": "#featured_desc",
                "color": "$body_text_color",
                "font_type": "smooth",
                "bindings": [
                  {
                    "binding_name": "#featured_desc"
                  }
                ]
              }
            },
            {
              "footer": {
                "type": "stack_panel",
                "orientation": "horizontal",
                "size": [ "100%", 13 ],
                "controls": [
                  {
                    "filler_panel": {
                      "type": "panel",
                      "size": [ "fill", "100%" ]
                    }
                  },
                  {
                    "footer@common_store.price_panel": {
                    }
                  }
                ]
              }
            }
          ]
        }
      }
    ]
  },

  "featured_item_header": {
    "type": "panel",
    "size": [ "100%", "100%c" ],
    "controls": [
      {
        "header@common_store.label": {
          "size": [ "100%", "default" ],
          "text": "#featured_title",
          "color": "$coin_color",
          "font_type": "smooth",
          "bindings": [
            {
              "binding_name": "#featured_title"
            }
          ]
        }
      }
    ]
  },

  "price_panel": {
    "type": "stack_panel",
    "size": [ "100%c", 13 ],
    "orientation": "horizontal",
    "controls": [
      {
        "price_label_panel": {
          "type": "panel",
          "size": [ "100%c", 13 ],
          "controls": [
            {
              "price@common_store.label": {
                "size": [ "default", 10 ],
                "text": "#featured_prompt_text",
                "font_type": "default",
                "shadow": true,
                "offset": [ 1, -2.5 ],
                "color": "$coin_color",
                "bindings": [
                  {
                    "binding_name": "#featured_prompt_text"
                  }
                ]
              }
            }
          ]
        }
      },
      {
        "padding": {
          "type": "panel",
          "size": [ 3, "100%" ]
        }
      },
      {
        "featured_icon_panel": {
          "type": "panel",
          "size": [ "100%c", 13 ],
          "controls": [
            {
              "featured_offer_coin_icon@common_store.coin_icon": {
                "size": [ 13, 13 ],
                "offset": [ 0, -4 ],
                "bindings": [
                  {
                    "binding_name": "#featured_icon_visible",
                    "binding_name_override": "#visible"
                  }
                ]
              }
            }
          ]
        }
      }
    ]
  },


  "featured": {
    "type": "panel",
    "controls": [
      {
        "featured_pic_and_desc": {
          "type": "stack_panel",
          "orientation": "horizontal",
          "size": [ "100%", "100%" ],
          "controls": [
            {
              "featured_grid@common_store.featured_grid": {
                "anchor_from": "top_left",
                "anchor_to": "top_left"
              }
            },
            {
              "padding_panel": {
                "type": "panel",
                "size": [ 2, "100%" ]
              }
            },
            {
              "featured_key_art@common_store.featured_key_art": {
                "anchor_from": "top_left",
                "anchor_to": "top_left"
              }
            },
            {
              "featured_description_panel": {
                "type": "panel",
                "size": [ "fill", "100%" ],
                "controls": [
                  {
                    "featured_description@common_store.featured_description": {
                      "size": [ "100% + 1px", "100%" ],
                      "offset": [ -1, 0 ],
                      "anchor_from": "top_left",
                      "anchor_to": "top_left"
                    }
                  }
                ]
              }
            }
          ]
        }
      },
      {
        "featured_button@common.button": {
          "$pressed_button_name": "button.select_featured",
          "layer": 4,
          "size": [ "100% - 44.445%y - 2px", "100%" ],
          "offset": [ "44.445%y + 2px", 0 ],
          "default_control": "",
          "hover_control": "hover",
          "pressed_control": "pressed",
          "focus_enabled": true,
          "anchor_from": "left_middle",
          "anchor_to": "left_middle",
          "$button_focus_precedence|default": 10,
          "$focus_id|default": "feature_key_art_id",
          "$focus_override_up|default": "feature_key_art_id",
          "$focus_override_down|default": "skin_pack_category_button",
          "$focus_override_left|default": "featured_grid_item_0",
          "$focus_override_right|default": "$focus_id",
          "controls": [
            {
              "hover@common_store.featured_hover_border": {
                "size": [ "100%", "100%" ],
                "layer": 5
              }
            },
            {
              "pressed@common_store.featured_hover_border": {
                "size": [ "100%", "100%" ],
                "layer": 5
              }
            }
          ],
          "button_mappings": [
            {
              "from_button_id": "button.menu_select",
              "to_button_id": "button.select_featured",
              "mapping_type": "pressed"
            },
            {
              "from_button_id": "button.menu_ok",
              "to_button_id": "button.select_featured",
              "mapping_type": "focused"
            }
          ]
        }
      }
    ]
  },

  "featured_hover_border": {
    "type": "panel",
    "controls": [
      {
        "parent_calc_panel": {
          "type": "panel",
          "size": [ "100% + 44.445%y + 2px", "100%" ],
          "anchor_from": "top_left",
          "anchor_to": "top_left",
          "controls": [
            {
              "image_border@common.focus_border_white": {
                "size": [ "45%", "100%" ],
                "anchor_from": "top_left",
                "anchor_to": "top_left",
                "layer": 5
              }
            }
          ]
        }
      },
      {
        "button_border@common.focus_border_white": {
          "size": [ "100%", "100%" ],
          "layer": 5
        }
      }
    ]
  },

  "offer_download_progress": {
    "type": "panel",
    "bindings": [
      {
        "binding_type": "collection_details",
        "binding_collection_name": "category_collection",
        "binding_collection_prefix": "category"
      },
      {
        "binding_type": "collection",
        "binding_collection_name": "offers_collection",
        "binding_name": "#progress_visible",
        "binding_name_override": "#visible"
      }
    ],
    "controls": [
      {
        "label": {
          "type": "label",
          "color": "$body_text_color",
          "layer": 7,
          "anchor_from": "top_left",
          "anchor_to": "top_left",
          "size": [ "100%", "100%" ],
          "offset": [ 3, 2 ],
          "text": "#offer_download_progress_label",
          "bindings": [
            {
              "binding_name": "#offer_download_progress_label",
              "binding_type": "collection",
              "binding_collection_name": "category_collection"
            }
          ]
        }
      },
      {
        "bar@file_upload.progress_bar_icon": {
          "size": [ "100% - 4px", 5 ],
          "offset": [ 2, -2 ],
          "anchor_from": "bottom_left",
          "anchor_to": "bottom_left",
          "$progress_bindings": [
            {
              "binding_type": "collection_details",
              "binding_collection_name": "category_collection",
              "binding_collection_prefix": "category"
            },
            {
              "binding_type": "collection",
              "binding_collection_name": "offers_collection",
              "binding_name": "#progress_percentage",
              "binding_name_override": "#clip_ratio"
            }
          ]
        }
      }
    ]
  },

  //--------------------------------------------------------------------------------
  // Content offer carousel
  //--------------------------------------------------------------------------------

  "content_offer_key_art": {
    "type": "image",
    "size": [ "100% - 2px", "100% - 2px" ],
    "bindings": [
      {
        "binding_type": "collection_details",
        "binding_collection_name": "category_collection",
        "binding_collection_prefix": "category"
      },
      {
        "binding_type": "collection",
        "binding_collection_name": "offers_collection",
        "binding_name": "#offer_texture_name",
        "binding_name_override": "#texture"
      },
      {
        "binding_type": "collection",
        "binding_collection_name": "offers_collection",
        "binding_name": "#offer_texture_file_system",
        "binding_name_override": "#texture_file_system"
      },
      {
        "binding_name": "#item_does_not_meet_requirements",
        "binding_name_override": "#grayscale",
        "binding_type": "collection",
        "binding_collection_name": "offers_collection"
      }
    ]
  },

  "content_offer_grid": {
    "type": "grid",
    "size": [ "100% - 52px", "100%" ],
    "grid_item_template": "common_store.store_offer_grid_item",
    "grid_dimension_binding": "#offer_grid_dimensions",
    "collection_name": "offers_collection",
    "bindings": [
      {
        "binding_name": "#offer_grid_dimensions"
      }
    ]
  },

  //--------------------------------------------------------------------------------
  // Store offer carousel
  //--------------------------------------------------------------------------------

  "store_offer_key_art": {
    "type": "image",
    "size": [ "100% - 2px", "100% - 15px" ],
    "bindings": [
      {
        "binding_type": "collection_details",
        "binding_collection_name": "category_collection",
        "binding_collection_prefix": "category"
      },
      {
        "binding_type": "collection",
        "binding_collection_name": "offers_collection",
        "binding_name": "#offer_texture_name",
        "binding_name_override": "#texture"
      },
      {
        "binding_type": "collection",
        "binding_collection_name": "offers_collection",
        "binding_name": "#offer_texture_file_system",
        "binding_name_override": "#texture_file_system"
      },
      {
        "binding_name": "#item_does_not_meet_requirements",
        "binding_name_override": "#grayscale",
        "binding_type": "collection",
        "binding_collection_name": "offers_collection"
      }
    ]
  },

  "store_offer_grid_item": {
    "type": "panel",
    "size": [ "25%", "100%" ],
    "controls": [
      {
        "frame@common_store.banner_fill": {
          "size": [ "100% - 2px", "100%" ],
          "layer": 3,
          "controls": [
            {
              "key_art@common_store.store_offer_key_art": {
                "size": [ "100% - 2px", "56.25%x" ],
                "offset": [ 0, 1 ],
                "anchor_from": "top_middle",
                "anchor_to": "top_middle",
                "layer": 1,
                "controls": [
                  {
                    "key_art_frame@common.focus_border_white": {
                      "size": [ "100% + 2px", "100% + 2px" ],
                      "color": [ 0, 0, 0 ],
                      "layer": 2
                    }
                  }
                ]
              }
            },
            {
              "progress_loading@common_store.progress_loading": {
                "size": [ "100%", "56.25%x" ],
                "$source_control_name": "key_art",
                "$source_property_name": "(#texture = '')",
                "offset": [ 0, 1 ],
                "anchor_from": "top_middle",
                "anchor_to": "top_middle",
                "layer": 4,
                "$hide_failure_text": true
              }
            },
            {
              "progress@common_store.offer_download_progress": {
                "size": [ "100%", 30 ],
                "anchor_from": "bottom_middle",
                "anchor_to": "bottom_middle",
                "layer": 6
              }
            },
            {
              "title_label_panel": {
                "type": "stack_panel",
                "size": [ "100% - 6px", 20 ],
                "offset": [ 3, -14 ],
                "anchor_from": "bottom_left",
                "anchor_to": "bottom_left",
                "controls": [
                  {
                    "title": {
                      "type": "label",
                      "size": [ "100%", 10 ],
                      "text": "#title_label",
                      "color": "$body_text_color",
                      "font_type": "smooth",
                      "layer": 1,
                      "bindings": [
                        {
                          "binding_type": "collection_details",
                          "binding_collection_name": "category_collection",
                          "binding_collection_prefix": "category"
                        },
                        {
                          "binding_type": "collection",
                          "binding_collection_name": "offers_collection",
                          "binding_name": "#title_label"
                        }
                      ]
                    }
                  },
                  {
                    "author": {
                      "type": "label",
                      "size": [ "100%", 10 ],
                      "text": "#creator_label",
                      "color": "$body_text_color",
                      "font_type": "smooth",
                      "layer": 1,
                      "bindings": [
                        {
                          "binding_type": "collection_details",
                          "binding_collection_name": "category_collection",
                          "binding_collection_prefix": "category"
                        },
                        {
                          "binding_type": "collection",
                          "binding_collection_name": "offers_collection",
                          "binding_name": "#creator_label"
                        }
                      ]
                    }
                  }
                ],
                "bindings": [
                  {
                    "binding_type": "collection_details",
                    "binding_collection_name": "category_collection",
                    "binding_collection_prefix": "category"
                  },
                  {
                    "binding_type": "collection",
                    "binding_name": "(not #progress_visible)",
                    "binding_collection_name": "offers_collection",
                    "binding_name_override": "#visible"
                  }
                ]
              }
            },
            {
              "offer_prompt_panel": {
                "type": "stack_panel",
                "orientation": "horizontal",
                "size": [ "100%", 13 ],
                "anchor_from": "bottom_left",
                "anchor_to": "bottom_left",
                "controls": [
                  // Commented out until discounts/markdowns are enabled
                  //{
                  //  "sales_markdown_percentage_panel": {
                  //    "type": "panel",
                  //    "size": [ "100%c", 12 ],
                  //    "controls": [
                  //      {
                  //        "markdown_background@common_store.markdown_background": {
                  //          "size": [ "100%c + 2px", 10 ],
                  //          "anchor_from": "left_middle",
                  //          "anchor_to": "left_middle",
                  //          "layer": 3,
                  //          "bindings": [
                  //            {
                  //              "binding_type": "collection_details",
                  //              "binding_collection_name": "category_collection",
                  //              "binding_collection_prefix": "category"
                  //            },
                  //            {
                  //              "binding_type": "collection",
                  //              "binding_name": "#offer_markdown_visible",
                  //              "binding_collection_name": "offers_collection",
                  //              "binding_name_override": "#visible"
                  //            }
                  //          ],
                  //          "controls": [
                  //            {
                  //              "sale_markdown": {
                  //                "type": "label",
                  //                "color": [ 0.3, 0.3, 0.3 ],
                  //                "size": [ "default", 10 ],
                  //                "text": "#offer_markdown_percentage",
                  //                "layer": 4,
                  //                "bindings": [
                  //                  {
                  //                    "binding_type": "collection_details",
                  //                    "binding_collection_name": "category_collection",
                  //                    "binding_collection_prefix": "category"
                  //                  },
                  //                  {
                  //                    "binding_type": "collection",
                  //                    "binding_name": "#offer_markdown_percentage",
                  //                    "binding_collection_name": "offers_collection"
                  //                  },
                  //                  {
                  //                    "binding_type": "collection",
                  //                    "binding_name": "#offer_markdown_visible",
                  //                    "binding_collection_name": "offers_collection",
                  //                    "binding_name_override": "#visible"
                  //                  }
                  //                ]
                  //              }
                  //            }
                  //          ]
                  //        }
                  //      }
                  //    ]
                  //  }
                  //},
                  //{
                  //  "padding_1": {
                  //    "type": "panel",
                  //    "size": [ "fill", "100%" ]
                  //  }
                  //},
                  //{
                  //  "offer_price_markdown_panel": {
                  //    "type": "panel",
                  //    "size": [ "100%c", 12 ],
                  //    "controls": [
                  //      {
                  //        "offer_price": {
                  //          "type": "label",
                  //          "color": [ 0.5960784, 0.5546875, 0.32421875 ],
                  //          "size": [ "default", 10 ],
                  //          "text": "#offer_discount_price",
                  //          "layer": 4,
                  //          "bindings": [
                  //            {
                  //              "binding_type": "collection_details",
                  //              "binding_collection_name": "category_collection",
                  //              "binding_collection_prefix": "category"
                  //            },
                  //            {
                  //              "binding_type": "collection",
                  //              "binding_name": "#offer_discount_price",
                  //              "binding_collection_name": "offers_collection"
                  //            },
                  //            {
                  //              "binding_type": "collection",
                  //              "binding_name": "#offer_markdown_visible",
                  //              "binding_collection_name": "offers_collection",
                  //              "binding_name_override": "#visible"
                  //            }
                  //          ],
                  //          "controls": [
                  //            {
                  //              "text_strike_through@common_store.text_strike_through": {
                  //                "size": [ "100% + 1px", 3 ],
                  //                "offset": [ "-0.5px", 0 ],
                  //                "layer": 5,
                  //                "bindings": [
                  //                  {
                  //                    "binding_type": "collection_details",
                  //                    "binding_collection_name": "category_collection",
                  //                    "binding_collection_prefix": "category"
                  //                  },
                  //                  {
                  //                    "binding_type": "collection",
                  //                    "binding_name": "#offer_markdown_visible",
                  //                    "binding_collection_name": "offers_collection",
                  //                    "binding_name_override": "#visible"
                  //                  }
                  //                ]
                  //              }
                  //            }
                  //          ]
                  //        }
                  //      }
                  //    ]
                  //  }
                  //},
                  {
                    "padding_2": {
                      "type": "panel",
                      "size": [ 2, "100%" ]
                    }
                  },
                  {
                    "offer_coin_icon@common_store.coin_icon": {
                      "layer": 5,
                      "bindings": [
                        {
                          "binding_type": "collection",
                          "binding_collection_name": "offers_collection",
                          "binding_name": "#offer_coin_visible",
                          "binding_name_override": "#visible"
                        },
                        {
                          "binding_type": "collection_details",
                          "binding_collection_name": "category_collection",
                          "binding_collection_prefix": "category"
                        }
                      ]
                    }
                  },
                  {
                    "padding_3": {
                      "type": "panel",
                      "size": [ 1, "100%" ]
                    }
                  },
                  {
                    "offer_prompt_panel": {
                      "type": "panel",
                      "size": [ "100%c", 11 ],
                      "controls": [
                        {
                          "offer_status_text": {
                            "type": "label",
                            "color": "$coin_color",
                            "size": [ "default", 10 ],
                            "offset": [ 0, -1 ],
                            "text": "#offer_prompt_text",
                            "font_type": "smooth",
                            "layer": 4,
                            "bindings": [
                              {
                                "binding_type": "collection_details",
                                "binding_collection_name": "category_collection",
                                "binding_collection_prefix": "category"
                              },
                              {
                                "binding_type": "collection",
                                "binding_name": "#offer_prompt_text",
                                "binding_collection_name": "offers_collection"
                              }
                            ]
                          }
                        }
                      ]
                    }
                  },
                  {
                    "padding_4": {
                      "type": "panel",
                      "size": [ 2, "100%" ]
                    }
                  }
                ],
                "bindings": [
                  {
                    "binding_type": "collection_details",
                    "binding_collection_name": "category_collection",
                    "binding_collection_prefix": "category"
                  },
                  {
                    "binding_type": "collection",
                    "binding_name": "(not #progress_visible)",
                    "binding_collection_name": "offers_collection",
                    "binding_name_override": "#visible"
                  }
                ]
              }
            },
            // This is the border hover/press states and click region, since the controls are complex it is better to draw a simple white border
            // around the content rather than create 3 sets of each control when only the border changes
            {
              "offer_button@common.button": {
                "layer": 4,
                "default_control": "",
                "$pressed_button_name": "button.select_offer",
                "bindings": [
                  {
                    "binding_type": "collection_details",
                    "binding_collection_name": "category_collection"
                  },
                  {
                    "binding_type": "collection_details",
                    "binding_collection_name": "category_collection",
                    "binding_collection_prefix": "category"
                  },
                  {
                    "binding_type": "collection_details",
                    "binding_collection_name": "offers_collection",
                    "binding_collection_prefix": "offers"
                  },
                  {
                    "binding_type": "collection",
                    "binding_collection_name": "offers_collection",
                    "binding_name": "#offer_grid_item_button_focus_id",
                    "binding_name_override": "#focus_identifier"
                  },
                  {
                    "binding_type": "collection",
                    "binding_collection_name": "offers_collection",
                    "binding_name": "#left_most_grid_item_focus_override_left",
                    "binding_name_override": "#focus_change_left"
                  },
                  {
                    "binding_type": "collection",
                    "binding_collection_name": "offers_collection",
                    "binding_name": "#right_most_grid_item_focus_override_right",
                    "binding_name_override": "#focus_change_right",
                    "binding_condition": "visible"
                  }
                ],
                "button_mappings": [
                  {
                    "from_button_id": "button.menu_select",
                    "to_button_id": "button.select_offer",
                    "mapping_type": "pressed"
                  },
                  {
                    "from_button_id": "button.menu_ok",
                    "to_button_id": "button.select_offer",
                    "mapping_type": "pressed"
                  },
                  {
                    "from_button_id": "button.menu_tab_right",
                    "to_button_id": "button.cycle_offer_right",
                    "mapping_type": "focused"
                  },
                  {
                    "from_button_id": "button.menu_tab_left",
                    "to_button_id": "button.cycle_offer_left",
                    "mapping_type": "focused"
                  }
                ],
                "controls": [
                  {
                    "hover@common.focus_border_white": {
                      "controls": [
                        {
                          "key_art_size_panel": {
                            "type": "panel",
                            "size": [ "100% - 2px", "56.25%x" ],
                            "offset": [ 0, 1 ],
                            "anchor_from": "top_middle",
                            "anchor_to": "top_middle",
                            "layer": 1,
                            "controls": [
                              {
                                "key_art_frame@common.focus_border_white": {
                                  "size": [ "100% + 2px", "100% + 2px" ],
                                  "layer": 2
                                }
                              }
                            ]
                          }
                        }
                      ]
                    }
                  },
                  {
                    "pressed@common.focus_border_white": {
                      "controls": [
                        {
                          "key_art_size_panel": {
                            "type": "panel",
                            "size": [ "100% - 2px", "56.25%x" ],
                            "offset": [ 0, 1 ],
                            "anchor_from": "top_middle",
                            "anchor_to": "top_middle",
                            "layer": 1,
                            "controls": [
                              {
                                "key_art_frame@common.focus_border_white": {
                                  "size": [ "100% + 2px", "100% + 2px" ],
                                  "layer": 2
                                }
                              }
                            ]
                          }
                        }
                      ]
                    }
                  },
                  {
                    "status_icon_panel@common_store.status_icon_panel": {
                      "$grid_collection_name": "offers_collection",
                      "$update_icon_offset": [ 0, -8 ]
                    }
                  }
                ]
              }
            }
          ]
        }
      }
    ],
    "bindings": [
      {
        "binding_type": "collection_details",
        "binding_collection_name": "category_collection",
        "binding_collection_prefix": "category"
      },
      {
        "binding_type": "collection",
        "binding_collection_name": "offers_collection",
        "binding_name": "#valid_offer_index",
        "binding_name_override": "#visible"
      }
    ]
  },

  "store_offer_grid": {
    "type": "grid",
    "size": [ "100% - 177.78%y + 25px", "100%" ],
    "offset": [ -2, 3 ],
    "grid_item_template": "common_store.store_offer_grid_item",
    "grid_dimension_binding": "#offer_grid_dimensions",
    "collection_name": "offers_collection",
    "bindings": [
      {
        "binding_name": "#offer_grid_dimensions"
      }
    ]
  },

  "content_category_grid_item": {
    "type": "panel",
    "size": [ "100%", "14.0623%x + 38px" ], // Adjusted Y slightly after min/max came into RI to take up remaining pixel gap
    // Calculation based upon scaling three 16:9 images to maintain layout and aspect ratio
    // Formula as follows: ((100%x) * (100/177.78)/4) + 38px
    "controls": [
      {
        "content": {
          "type": "stack_panel",
          "size": [ "100% - 4px", "100% - 2px" ],
          "offset": [ 2, 0 ],
          "anchor_from": "top_left",
          "anchor_to": "top_left",
          "controls": [
            {
              "label_panel": {
                "type": "panel",
                "size": [ "100%", 10 ],
                "controls": [
                  {
                    "label@common_store.label": {
                      "anchor_from": "top_left",
                      "anchor_to": "top_left",
                      "size": [ "100%", 10 ],
                      "offset": [ 1, 0 ],
                      "text": "#offer_category_name",
                      "bindings": [
                        {
                          "binding_type": "collection",
                          "binding_collection_name": "category_collection",
                          "binding_name": "#offer_category_name"
                        }
                      ]
                    }
                  }
                ]
              }
            },
            {
              "carousel_panel": {
                "type": "panel",
                "size": [ "100%", "100% - 10px" ],
                "controls": [
                  {
                    "cycle_pack_left_button@common_store.cycle_pack_left_button": {
                      "$pressed_button_name": "button.cycle_offer_left",
                      "size": [ 24, "100%" ]
                    }
                  },
                  {
                    "padding1": {
                      "type": "panel",
                      "size": [ 2, "100%" ]
                    }
                  },
                  {
                    "offer_grid@common_store.content_offer_grid": {
                    }
                  },
                  {
                    "padding2": {
                      "type": "panel",
                      "size": [ 2, "100%" ]
                    }
                  },
                  {
                    "cycle_pack_right_button@common_store.cycle_pack_right_button": {
                      "$pressed_button_name": "button.cycle_offer_right",
                      "size": [ 24, "100%" ]
                    }
                  }
                ]
              }
            }
          ]
        }
      }
    ]
  },

  "offer_grid_item": {
    "type": "stack_panel",
    "size": [ "100%", "100%c" ],
    "controls": [
      {
        "content_offer": {
          "type": "stack_panel",
          "size": [ "100%", "100%c" ],
          "controls": [
            { "content_category_grid_item@common_store.content_category_grid_item": {} }
          ],
          "bindings": [
            {
              "binding_type": "collection_details",
              "binding_collection_name": "category_collection",
              "binding_collection_prefix": "category"
            }
          ]
        }
      }
    ]
  },

  "minecraft_store_offer": {
    "type": "stack_panel",
    "size": [ "100%", "100%c" ],
    "controls": [
      { "content_category_grid_item@common_store.content_category_grid_item": {} }
    ],
    "bindings": [
      {
        "binding_type": "collection_details",
        "binding_collection_name": "category_collection",
        "binding_collection_prefix": "category"
      }
    ]
  },

  "popup_dialog__no_store_connection@popup_dialog.popup_dialog": {
    "$middle_button_press": "button.close_dialog",
    "$message_text": "skins.buy.noConnection",
    "$middle_button_text": "gui.ok",
    "controls": [
      { "popup_dialog_bg@popup_dialog.popup_dialog_bg": {} },
      { "popup_dialog_message@popup_dialog.popup_dialog_message": {} },
      { "popup_dialog_middle_button@popup_dialog.popup_dialog_middle_button": {} }
    ]
  },

  "popup_dialog__restore_popup@popup_dialog.popup_dialog": {
    "$middle_button_press": "button.close_dialog",
    "$message_text": "store.restore.description",
    "controls": [
      { "popup_dialog_bg@popup_dialog.popup_dialog_bg": {} },
      { "popup_dialog_message@popup_dialog.popup_dialog_message": {} }
    ]
  },

  "popup_dialog__restore_failed@popup_dialog.popup_dialog": {
    "$middle_button_press": "button.close_dialog",
    "$message_text": "store.restore.failed",
    "$middle_button_text": "gui.ok",
    "controls": [
      { "popup_dialog_bg@popup_dialog.popup_dialog_bg": {} },
      { "popup_dialog_message@popup_dialog.popup_dialog_message": {} },
      { "popup_dialog_middle_button@popup_dialog.popup_dialog_middle_button": {} }
    ]
  },

  //--------------------------------------------------------------------------------
  // Screen
  //--------------------------------------------------------------------------------

  "screen_fade_in_alpha_anim": {
    "anim_type": "alpha",
    "easing": "out_expo",
    "duration": 1.6,
    "from": 0,
    "to": 1
  }

}