{
  "format_version": "1.8.0",
  "geometry.dragon": {
    "visible_bounds_width": 14,
    "visible_bounds_height": 13,
    "visible_bounds_offset": [ 0, 2, 0 ],
    "texturewidth": 256,
    "textureheight": 256,
    "bones": [
      {
        "name": "head",
        "pivot": [ 0.0, 24.0, 0.0 ],
        "cubes": [
          {
            "origin": [ -6.0, 20.0, -24.0 ],
            "size": [ 12.0, 5.0, 16.0 ],
            "uv": [ 176, 44 ]
          },
          {
            "origin": [ -8.0, 16.0, -10.0 ],
            "size": [ 16.0, 16.0, 16.0 ],
            "uv": [ 112, 30 ]
          },
          {
            "mirror": true,
            "origin": [ -5.0, 32.0, -4.0 ],
            "size": [ 2.0, 4.0, 6.0 ],
            "uv": [ 0, 0 ]
          },
          {
            "mirror": true,
            "origin": [ -5.0, 25.0, -22.0 ],
            "size": [ 2.0, 2.0, 4.0 ],
            "uv": [ 112, 0 ]
          },
          {
            "origin": [ 3.0, 32.0, -4.0 ],
            "size": [ 2.0, 4.0, 6.0 ],
            "uv": [ 0, 0 ]
          },
          {
            "origin": [ 3.0, 25.0, -22.0 ],
            "size": [ 2.0, 2.0, 4.0 ],
            "uv": [ 112, 0 ]
          }
        ]
      },
      {
        "name": "jaw",
        "pivot": [ 0.0, 20.0, -8.0 ],
        "cubes": [
          {
            "origin": [ -6.0, 16.0, -24.0 ],
            "size": [ 12.0, 4.0, 16.0 ],
            "uv": [ 176, 65 ]
          }
        ]
      },
      {
        "name": "neck",
        "pivot": [ 0.0, 24.0, 0.0 ],
        "cubes": [
          {
            "origin": [ -5.0, 19.0, -5.0 ],
            "size": [ 10.0, 10.0, 10.0 ],
            "uv": [ 192, 104 ]
          },
          {
            "origin": [ -1.0, 29.0, -3.0 ],
            "size": [ 2.0, 4.0, 6.0 ],
            "uv": [ 48, 0 ]
          }
        ]
      },
      {
        "name": "body",
        "pivot": [ 0.0, 20.0, 8.0 ],
        "cubes": [
          {
            "origin": [ -12.0, -4.0, -8.0 ],
            "size": [ 24.0, 24.0, 64.0 ],
            "uv": [ 0, 0 ]
          },
          {
            "origin": [ -1.0, 20.0, -2.0 ],
            "size": [ 2.0, 6.0, 12.0 ],
            "uv": [ 220, 53 ]
          },
          {
            "origin": [ -1.0, 20.0, 18.0 ],
            "size": [ 2.0, 6.0, 12.0 ],
            "uv": [ 220, 53 ]
          },
          {
            "origin": [ -1.0, 20.0, 38.0 ],
            "size": [ 2.0, 6.0, 12.0 ],
            "uv": [ 220, 53 ]
          }
        ]
      },
      {
        "name": "wing",
        "pivot": [ -12.0, 19.0, 2.0 ],
        "cubes": [
          {
            "origin": [ -68.0, 15.0, -2.0 ],
            "size": [ 56.0, 8.0, 8.0 ],
            "uv": [ 112, 88 ]
          },
          {
            "origin": [ -68.0, 19.0, 4.0 ],
            "size": [ 56.0, 0.0, 56.0 ],
            "uv": [ -56, 88 ]
          }
        ]
      },
      {
        "name": "wingtip",
        "pivot": [ -56.0, 24.0, 0.0 ],
        "cubes": [
          {
            "origin": [ -112.0, 22.0, -2.0 ],
            "size": [ 56.0, 4.0, 4.0 ],
            "uv": [ 112, 136 ]
          },
          {
            "origin": [ -112.0, 24.0, 2.0 ],
            "size": [ 56.0, 0.0, 56.0 ],
            "uv": [ -56, 144 ]
          }
        ]
      },
      {
        "name": "wing1",
        "pivot": [ 12.0, 19.0, 2.0 ],
        "cubes": [
          {
            "origin": [ -44.0, 15.0, -2.0 ],
            "size": [ 56.0, 8.0, 8.0 ],
            "uv": [ 112, 88 ]
          },
          {
            "origin": [ -44.0, 19.0, 4.0 ],
            "size": [ 56.0, 0.0, 56.0 ],
            "uv": [ -56, 88 ]
          }
        ]
      },
      {
        "name": "wingtip1",
        "pivot": [ -56.0, 24.0, 0.0 ],
        "cubes": [
          {
            "origin": [ -112.0, 22.0, -2.0 ],
            "size": [ 56.0, 4.0, 4.0 ],
            "uv": [ 112, 136 ]
          },
          {
            "origin": [ -112.0, 24.0, 2.0 ],
            "size": [ 56.0, 0.0, 56.0 ],
            "uv": [ -56, 144 ]
          }
        ]
      },
      {
        "name": "rearleg",
        "pivot": [ -16.0, 8.0, 42.0 ],
        "cubes": [
          {
            "origin": [ -24.0, -20.0, 34.0 ],
            "size": [ 16.0, 32.0, 16.0 ],
            "uv": [ 0, 0 ]
          }
        ]
      },
      {
        "name": "rearleg1",
        "pivot": [ 16.0, 8.0, 42.0 ],
        "cubes": [
          {
            "origin": [ 8.0, -20.0, 34.0 ],
            "size": [ 16.0, 32.0, 16.0 ],
            "uv": [ 0, 0 ]
          }
        ]
      },
      {
        "name": "frontleg",
        "pivot": [ -12.0, 4.0, 2.0 ],
        "cubes": [
          {
            "origin": [ -16.0, -16.0, -2.0 ],
            "size": [ 8.0, 24.0, 8.0 ],
            "uv": [ 112, 104 ]
          }
        ]
      },
      {
        "name": "frontleg1",
        "pivot": [ 12.0, 4.0, 2.0 ],
        "cubes": [
          {
            "origin": [ 8.0, -16.0, -2.0 ],
            "size": [ 8.0, 24.0, 8.0 ],
            "uv": [ 112, 104 ]
          }
        ]
      },
      {
        "name": "rearlegtip",
        "pivot": [ 0.0, -8.0, -4.0 ],
        "cubes": [
          {
            "origin": [ -6.0, -38.0, -4.0 ],
            "size": [ 12.0, 32.0, 12.0 ],
            "uv": [ 196, 0 ]
          }
        ]
      },
      {
        "name": "rearlegtip1",
        "pivot": [ 0.0, -8.0, -4.0 ],
        "cubes": [
          {
            "origin": [ -6.0, -38.0, -4.0 ],
            "size": [ 12.0, 32.0, 12.0 ],
            "uv": [ 196, 0 ]
          }
        ]
      },
      {
        "name": "frontlegtip",
        "pivot": [ 0.0, 4.0, -1.0 ],
        "cubes": [
          {
            "origin": [ -3.0, -19.0, -4.0 ],
            "size": [ 6.0, 24.0, 6.0 ],
            "uv": [ 226, 138 ]
          }
        ]
      },
      {
        "name": "frontlegtip1",
        "pivot": [ 0.0, 4.0, -1.0 ],
        "cubes": [
          {
            "origin": [ -3.0, -19.0, -4.0 ],
            "size": [ 6.0, 24.0, 6.0 ],
            "uv": [ 226, 138 ]
          }
        ]
      },
      {
        "name": "rearfoot",
        "pivot": [ 0.0, -7.0, 4.0 ],
        "cubes": [
          {
            "origin": [ -9.0, -13.0, -16.0 ],
            "size": [ 18.0, 6.0, 24.0 ],
            "uv": [ 112, 0 ]
          }
        ]
      },
      {
        "name": "rearfoot1",
        "pivot": [ 0.0, -7.0, 4.0 ],
        "cubes": [
          {
            "origin": [ -9.0, -13.0, -16.0 ],
            "size": [ 18.0, 6.0, 24.0 ],
            "uv": [ 112, 0 ]
          }
        ]
      },
      {
        "name": "frontfoot",
        "pivot": [ 0.0, 1.0, 0.0 ],
        "cubes": [
          {
            "origin": [ -4.0, -3.0, -12.0 ],
            "size": [ 8.0, 4.0, 16.0 ],
            "uv": [ 144, 104 ]
          }
        ]
      },
      {
        "name": "frontfoot1",
        "pivot": [ 0.0, 1.0, 0.0 ],
        "cubes": [
          {
            "origin": [ -4.0, -3.0, -12.0 ],
            "size": [ 8.0, 4.0, 16.0 ],
            "uv": [ 144, 104 ]
          }
        ]
      }
    ]
  },
  
  "geometry.humanoid": {
    "visible_bounds_width": 1,
    "visible_bounds_height": 1,
    "visible_bounds_offset": [ 0, 0.5, 0 ],
    "bones": [
      {
        "name": "body",
        "pivot": [ 0.0, 24.0, 0.0 ],
        "cubes": [
          {
            "origin": [ -4.0, 12.0, -2.0 ],
            "size": [ 8, 12, 4 ],
            "uv": [ 16, 16 ]
          }
        ]
      },

      {
        "name": "waist",
        "neverRender": true,
        "pivot": [ 0.0, 12.0, 0.0 ]
      },

      {
        "name": "head",
        "pivot": [ 0.0, 24.0, 0.0 ],
        "cubes": [
          {
            "origin": [ -4.0, 24.0, -4.0 ],
            "size": [ 8, 8, 8 ],
            "uv": [ 0, 0 ]
          }
        ]
      },

      {
        "name": "hat",
        "pivot": [ 0.0, 24.0, 0.0 ],
        "cubes": [
          {
            "origin": [ -4.0, 24.0, -4.0 ],
            "size": [ 8, 8, 8 ],
            "uv": [ 32, 0 ],
            "inflate": 0.5
          }
        ],
        "neverRender": true
      },

      {
        "name": "rightArm",
        "pivot": [ -5.0, 22.0, 0.0 ],
        "cubes": [
          {
            "origin": [ -8.0, 12.0, -2.0 ],
            "size": [ 4, 12, 4 ],
            "uv": [ 40, 16 ]
          }
        ]
      },

      {
        "name": "rightItem",
        "pivot": [ -6, 15, 1 ],
        "neverRender": true,
        "parent": "rightArm"
      },

      {
        "name": "leftArm",
        "pivot": [ 5.0, 22.0, 0.0 ],
        "cubes": [
          {
            "origin": [ 4.0, 12.0, -2.0 ],
            "size": [ 4, 12, 4 ],
            "uv": [ 40, 16 ]
          }
        ],
        "mirror": true
      },

      {
        "name": "rightLeg",
        "pivot": [ -1.9, 12.0, 0.0 ],
        "cubes": [
          {
            "origin": [ -3.9, 0.0, -2.0 ],
            "size": [ 4, 12, 4 ],
            "uv": [ 0, 16 ]
          }
        ]
      },

      {
        "name": "leftLeg",
        "pivot": [ 1.9, 12.0, 0.0 ],
        "cubes": [
          {
            "origin": [ -0.1, 0.0, -2.0 ],
            "size": [ 4, 12, 4 ],
            "uv": [ 0, 16 ]
          }
        ],
        "mirror": true
      }
    ]
  },
  "geometry.cape": {
    "visible_bounds_width": 1,
    "visible_bounds_height": 1,
    "visible_bounds_offset": [ 0, 0.5, 0 ],
    "texturewidth": 64,
    "textureheight": 32,

    "bones": [
      {
        "name": "cape",
        "pivot": [ 0.0, 24.0, -3.0 ],
        "cubes": [
          {
            "origin": [ -5.0, 8.0, -3.0 ],
            "size": [ 10, 16, 1 ],
            "uv": [ 0, 0 ]
          }
        ]
      }
    ]
  },
  "geometry.humanoid.custom:geometry.humanoid": {
    "visible_bounds_width": 1,
    "visible_bounds_height": 1,
    "visible_bounds_offset": [ 0, 0.5, 0 ],
    "bones": [
      {
        "name": "hat",
        "neverRender": false,
        "pivot": [ 0.0, 24.0, 0.0 ]
      },
      {
        "name": "leftArm",
        "reset": true,
        "pivot": [ 5.0, 22.0, 0.0 ],
        "cubes": [
          {
            "origin": [ 4.0, 12.0, -2.0 ],
            "size": [ 4, 12, 4 ],
            "uv": [ 32, 48 ]
          }
        ]
      },

      {
        "name": "rightArm",
        "reset": true,
        "pivot": [ -5.0, 22.0, 0.0 ],
        "cubes": [
          {
            "origin": [ -8.0, 12.0, -2.0 ],
            "size": [ 4, 12, 4 ],
            "uv": [ 40, 16 ]
          }
        ]
      },

      {
        "name": "rightItem",
        "pivot": [ -6, 15, 1 ],
        "neverRender": true,
        "parent": "rightArm"
      },

      {
        "name": "leftSleeve",
        "pivot": [ 5.0, 22.0, 0.0 ],
        "cubes": [
          {
            "origin": [ 4.0, 12.0, -2.0 ],
            "size": [ 4, 12, 4 ],
            "uv": [ 48, 48 ],
            "inflate": 0.25
          }
        ]
      },

      {
        "name": "rightSleeve",
        "pivot": [ -5.0, 22.0, 0.0 ],
        "cubes": [
          {
            "origin": [ -8.0, 12.0, -2.0 ],
            "size": [ 4, 12, 4 ],
            "uv": [ 40, 32 ],
            "inflate": 0.25
          }
        ]
      },

      {
        "name": "leftLeg",
        "reset": true,
        "pivot": [ 1.9, 12.0, 0.0 ],
        "cubes": [
          {
            "origin": [ -0.1, 0.0, -2.0 ],
            "size": [ 4, 12, 4 ],
            "uv": [ 16, 48 ]
          }
        ]
      },

      {
        "name": "leftPants",
        "pivot": [ 1.9, 12.0, 0.0 ],
        "cubes": [
          {
            "origin": [ -0.1, 0.0, -2.0 ],
            "size": [ 4, 12, 4 ],
            "uv": [ 0, 48 ],
            "inflate": 0.25
          }
        ]
      },

      {
        "name": "rightPants",
        "pivot": [ -1.9, 12.0, 0.0 ],
        "cubes": [
          {
            "origin": [ -3.9, 0.0, -2.0 ],
            "size": [ 4, 12, 4 ],
            "uv": [ 0, 32 ],
            "inflate": 0.25
          }
        ]
      },

      {
        "name": "jacket",
        "pivot": [ 0.0, 24.0, 0.0 ],
        "cubes": [
          {
            "origin": [ -4.0, 12.0, -2.0 ],
            "size": [ 8, 12, 4 ],
            "uv": [ 16, 32 ],
            "inflate": 0.25
          }
        ]
      }
    ]
  },
  "geometry.humanoid.customSlim": {
    "visible_bounds_width": 1,
    "visible_bounds_height": 2,
    "visible_bounds_offset": [ 0, 1, 0 ],
    "bones": [
      {
        "name": "body",
        "pivot": [ 0.0, 24.0, 0.0 ],
        "cubes": [
          {
            "origin": [ -4.0, 12.0, -2.0 ],
            "size": [ 8, 12, 4 ],
            "uv": [ 16, 16 ]
          }
        ]
      },
      {
        "name": "waist",
        "neverRender": true,
        "pivot": [ 0.0, 12.0, 0.0 ]
      },

      {
        "name": "head",
        "pivot": [ 0.0, 24.0, 0.0 ],
        "cubes": [
          {
            "origin": [ -4.0, 24.0, -4.0 ],
            "size": [ 8, 8, 8 ],
            "uv": [ 0, 0 ]
          }
        ]
      },

      {
        "name": "rightLeg",
        "pivot": [ -1.9, 12.0, 0.0 ],
        "cubes": [
          {
            "origin": [ -3.9, 0.0, -2.0 ],
            "size": [ 4, 12, 4 ],
            "uv": [ 0, 16 ]
          }
        ]
      },

      {
        "name": "leftLeg",
        "pivot": [ 1.9, 12.0, 0.0 ],
        "cubes": [
          {
            "origin": [ -0.1, 0.0, -2.0 ],
            "size": [ 4, 12, 4 ],
            "uv": [ 0, 16 ]
          }
        ],
        "mirror": true
      },
      {
        "name": "hat",
        "neverRender": false
      },
      {
        "name": "leftArm",
        "reset": true,
        "pivot": [ 5.0, 21.5, 0.0 ],
        "cubes": [
          {
            "origin": [ 4.0, 11.5, -2.0 ],
            "size": [ 3, 12, 4 ],
            "uv": [ 32, 48 ]
          }
        ]
      },

      {
        "name": "rightArm",
        "reset": true,
        "pivot": [ -5.0, 21.5, 0.0 ],
        "cubes": [
          {
            "origin": [ -7.0, 11.5, -2.0 ],
            "size": [ 3, 12, 4 ],
            "uv": [ 40, 16 ]
          }
        ]
      },

      {
        "name": "rightItem",
        "pivot": [ -6, 14.5, 1 ],
        "neverRender": true,
        "parent": "rightArm"
      },

      {
        "name": "leftSleeve",
        "pivot": [ 5.0, 21.5, 0.0 ],
        "cubes": [
          {
            "origin": [ 4.0, 11.5, -2.0 ],
            "size": [ 3, 12, 4 ],
            "uv": [ 48, 48 ],
            "inflate": 0.25
          }
        ]
      },

      {
        "name": "rightSleeve",
        "pivot": [ -5.0, 21.5, 0.0 ],
        "cubes": [
          {
            "origin": [ -7.0, 11.5, -2.0 ],
            "size": [ 3, 12, 4 ],
            "uv": [ 40, 32 ],
            "inflate": 0.25
          }
        ]
      },

      {
        "name": "leftLeg",
        "reset": true,
        "pivot": [ 1.9, 12.0, 0.0 ],
        "cubes": [
          {
            "origin": [ -0.1, 0.0, -2.0 ],
            "size": [ 4, 12, 4 ],
            "uv": [ 16, 48 ]
          }
        ]
      },

      {
        "name": "leftPants",
        "pivot": [ 1.9, 12.0, 0.0 ],
        "cubes": [
          {
            "origin": [ -0.1, 0.0, -2.0 ],
            "size": [ 4, 12, 4 ],
            "uv": [ 0, 48 ],
            "inflate": 0.25
          }
        ]
      },

      {
        "name": "rightPants",
        "pivot": [ -1.9, 12.0, 0.0 ],
        "cubes": [
          {
            "origin": [ -3.9, 0.0, -2.0 ],
            "size": [ 4, 12, 4 ],
            "uv": [ 0, 32 ],
            "inflate": 0.25
          }
        ]
      },

      {
        "name": "jacket",
        "pivot": [ 0.0, 24.0, 0.0 ],
        "cubes": [
          {
            "origin": [ -4.0, 12.0, -2.0 ],
            "size": [ 8, 12, 4 ],
            "uv": [ 16, 32 ],
            "inflate": 0.25
          }
        ]
      }
    ]
  },
  "geometry.zombie.drowned": {
    "visible_bounds_width": 2.5,
    "visible_bounds_height": 2.5,
    "visible_bounds_offset": [ 0, 1.25, 0 ],
    "bones": [
      {
        "pivot": [
          0.0,
          24.0,
          0.0
        ],
        "rotation": [
          0.0,
          0.0,
          0.0
        ],
        "cubes": [
          {
            "origin": [
              -4.0,
              12.0,
              -2.0
            ],
            "size": [
              8.0,
              12.0,
              4.0
            ],
            "uv": [
              16.0,
              16.0
            ]
          }
        ],
        "name": "body"
      },
      {
        "pivot": [
          0.0,
          24.0,
          0.0
        ],
        "rotation": [
          0.0,
          0.0,
          0.0
        ],
        "cubes": [
          {
            "origin": [
              -4.0,
              12.0,
              -2.0
            ],
            "size": [
              8.0,
              12.0,
              4.0
            ],
            "uv": [
              16.0,
              32.0
            ],
            "inflate": 0.5
          }
        ],
        "name": "jacket"
      },
      {
        "pivot": [
          0.0,
          24.0,
          0.0
        ],
        "rotation": [
          0.0,
          0.0,
          0.0
        ],
        "cubes": [
          {
            "origin": [
              -4.0,
              24.0,
              -4.0
            ],
            "size": [
              8.0,
              8.0,
              8.0
            ],
            "uv": [
              0.0,
              0.0
            ],
            "inflate": 0.5
          }
        ],
        "name": "head"
      },
      {
        "pivot": [
          0.0,
          24.0,
          0.0
        ],
        "rotation": [
          0.0,
          0.0,
          0.0
        ],
        "cubes": [
          {
            "origin": [
              -4.0,
              24.0,
              -4.0
            ],
            "size": [
              8.0,
              8.0,
              8.0
            ],
            "uv": [
              32.0,
              0.0
            ],
            "inflate": 1.0
          }
        ],
        "name": "hat"
      },
      {
        "pivot": [
          -5.0,
          22.0,
          0.0
        ],
        "rotation": [
          0.0,
          0.0,
          0.0
        ],
        "cubes": [
          {
            "origin": [
              -7.0,
              12.0,
              -2.0
            ],
            "size": [
              4.0,
              12.0,
              4.0
            ],
            "uv": [
              0.0,
              16.0
            ]
          }
        ],
        "name": "rightArm"
      },
      {
        "pivot": [
          5.0,
          22.0,
          0.0
        ],
        "rotation": [
          0.0,
          0.0,
          0.0
        ],
        "cubes": [
          {
            "origin": [
              4.0,
              12.0,
              -2.0
            ],
            "size": [
              4.0,
              12.0,
              4.0
            ],
            "uv": [
              40.0,
              16.0
            ],
            "mirror": true
          }
        ],
        "name": "leftArm"
      },
      {
        "pivot": [
          -5.0,
          22.0,
          0.0
        ],
        "rotation": [
          0.0,
          0.0,
          0.0
        ],
        "cubes": [
          {
            "origin": [
              -7.0,
              12.0,
              -2.0
            ],
            "size": [
              4.0,
              12.0,
              4.0
            ],
            "uv": [
              48.0,
              48.0
            ],
            "inflate": 0.5
          }
        ],
        "name": "rightSleeve"
      },
      {
        "pivot": [
          5.0,
          22.0,
          0.0
        ],
        "rotation": [
          0.0,
          0.0,
          0.0
        ],
        "cubes": [
          {
            "origin": [
              4.0,
              12.0,
              -2.0
            ],
            "size": [
              4.0,
              12.0,
              4.0
            ],
            "uv": [
              40.0,
              32.0
            ],
            "inflate": 0.5,
            "mirror": true
          }
        ],
        "name": "leftSleeve"
      },
      {
        "pivot": [
          -1.9,
          12.0,
          0.0
        ],
        "rotation": [
          0.0,
          0.0,
          0.0
        ],
        "cubes": [
          {
            "origin": [
              -4.05,
              0.0,
              -2.0
            ],
            "size": [
              4.0,
              12.0,
              4.0
            ],
            "uv": [
              16.0,
              48.0
            ]
          }
        ],
        "name": "rightLeg"
      },
      {
        "pivot": [
          1.9,
          12.0,
          0.0
        ],
        "rotation": [
          0.0,
          0.0,
          0.0
        ],
        "cubes": [
          {
            "origin": [
              0.05,
              0.0,
              -2.0
            ],
            "size": [
              4.0,
              12.0,
              4.0
            ],
            "uv": [
              32.0,
              48.0
            ],
            "mirror": true
          }
        ],
        "name": "leftLeg"
      },
      {
        "pivot": [
          -1.9,
          12.0,
          0.0
        ],
        "rotation": [
          0.0,
          0.0,
          0.0
        ],
        "cubes": [
          {
            "origin": [
              -4.25,
              0.0,
              -2.0
            ],
            "size": [
              4.0,
              12.0,
              4.0
            ],
            "uv": [
              0.0,
              48.0
            ],
            "inflate": 0.25
          }
        ],
        "name": "rightPants"
      },
      {
        "pivot": [
          1.9,
          12.0,
          0.0
        ],
        "rotation": [
          0.0,
          0.0,
          0.0
        ],
        "cubes": [
          {
            "origin": [
              0.25,
              0.0,
              -2.0
            ],
            "size": [
              4.0,
              12.0,
              4.0
            ],
            "uv": [
              0.0,
              32.0
            ],
            "inflate": 0.25,
            "mirror": true
          }
        ],
        "name": "leftPants"
      },
      {
        "pivot": [
          0.0,
          12.0,
          0.0
        ],
        "rotation": [
          0.0,
          0.0,
          0.0
        ],
        "cubes": [],
        "name": "waist",
        "parent": "body"
      },
      {
        "pivot": [
          -6.0,
          15.0,
          1.0
        ],
        "rotation": [
          0.0,
          0.0,
          0.0
        ],
        "cubes": [],
        "name": "rightItem",
        "parent": "rightArm"
      },
      {
        "pivot": [
          6.0,
          15.0,
          1.0
        ],
        "rotation": [
          0.0,
          0.0,
          0.0
        ],
        "cubes": [],
        "name": "leftItem",
        "parent": "leftArm"
      }
    ],
    "texturewidth": 64,
    "textureheight": 64
  },
  "geometry.humanoid.armor1:geometry.zombie": {
    "visible_bounds_width": 2,
    "visible_bounds_height": 2,
    "visible_bounds_offset": [ 0, 1, 0 ],
    "bones": [
      {
        "name": "head",
        "inflate": 1.0
      },
      {
        "name": "hat",
        "inflate": 1.5,
        "neverRender": false
      },
      {
        "name": "body",
        "inflate": 1.0
      },

      {
        "name": "rightArm",
        "inflate": 1.0
      },

      {
        "name": "leftArm",
        "inflate": 1.0
      },

      {
        "name": "rightLeg",
        "inflate": 1.0
      },

      {
        "name": "leftLeg",
        "inflate": 1.0
      }
    ]
  },
  "geometry.humanoid.armor.helmet:geometry.humanoid.armor1": {
    "bones": [
      { "name": "hat", "reset": true },
      { "name": "body", "reset": true },
      { "name": "rightArm", "reset": true },
      { "name": "leftArm", "reset": true },
      { "name": "rightLeg", "reset": true },
      { "name": "leftLeg", "reset": true }
    ]
  },
  "geometry.humanoid.armor.chestplate:geometry.humanoid.armor1": {
    "bones": [
      { "name": "head", "reset": true },
      { "name": "hat", "reset": true },
      { "name": "rightLeg", "reset": true },
      { "name": "leftLeg", "reset": true }
    ]
  },
  "geometry.humanoid.armor.leggings:geometry.humanoid.armor2": {
    "bones": [
      { "name": "head", "reset": true },
      { "name": "hat", "reset": true },
      { "name": "rightArm", "reset": true },
      { "name": "leftArm", "reset": true }
    ]
  },
  "geometry.humanoid.armor.boots:geometry.humanoid.armor1": {
    "bones": [
      { "name": "head", "reset": true },
      { "name": "hat", "reset": true },
      { "name": "body", "reset": true },
      { "name": "rightArm", "reset": true },
      { "name": "leftArm", "reset": true }
    ]
  },
  "geometry.humanoid.armor2:geometry.zombie": {
    "visible_bounds_width": 2,
    "visible_bounds_height": 2,
    "visible_bounds_offset": [ 0, 1, 0 ],
    "bones": [
      {
        "name": "head",
        "inflate": 0.5
      },

      {
        "name": "body",
        "inflate": 0.5
      },

      {
        "name": "rightArm",
        "inflate": 0.5
      },

      {
        "name": "leftArm",
        "inflate": 0.5
      },

      {
        "name": "rightLeg",
        "inflate": 0.5
      },

      {
        "name": "leftLeg",
        "inflate": 0.5
      }
    ]
  },
  "geometry.quadruped": {
    "visible_bounds_width": 1,
    "visible_bounds_height": 1,
    "visible_bounds_offset": [ 0, 0.5, 0 ],
    "bones": [
      {
        "name": "body",
        "pivot": [ 0.0, 19.0, 2.0 ],
        "cubes": [
          {
            "origin": [ -5.0, 13.0, -5.0 ],
            "size": [ 10, 16, 8 ],
            "uv": [ 28, 8 ]
          }
        ]
      },

      {
        "name": "head",
        "pivot": [ 0.0, 18.0, -6.0 ],
        "cubes": [
          {
            "origin": [ -4.0, 14.0, -14.0 ],
            "size": [ 8, 8, 8 ],
            "uv": [ 0, 0 ]
          }
        ]
      },

      {
        "name": "leg0",
        "pivot": [ -3.0, 12.0, 7.0 ],
        "cubes": [
          {
            "origin": [ -5.0, 0.0, 5.0 ],
            "size": [ 4, 12, 4 ],
            "uv": [ 0, 16 ]
          }
        ]
      },

      {
        "name": "leg1",
        "pivot": [ 3.0, 12.0, 7.0 ],
        "cubes": [
          {
            "origin": [ 1.0, 0.0, 5.0 ],
            "size": [ 4, 12, 4 ],
            "uv": [ 0, 16 ]
          }
        ]
      },

      {
        "name": "leg2",
        "pivot": [ -3.0, 12.0, -5.0 ],
        "cubes": [
          {
            "origin": [ -5.0, 0.0, -7.0 ],
            "size": [ 4, 12, 4 ],
            "uv": [ 0, 16 ]
          }
        ]
      },

      {
        "name": "leg3",
        "pivot": [ 3.0, 12.0, -5.0 ],
        "cubes": [
          {
            "origin": [ 1.0, 0.0, -7.0 ],
            "size": [ 4, 12, 4 ],
            "uv": [ 0, 16 ]
          }
        ]
      }
    ]
  },
  "geometry.irongolem": {
    "visible_bounds_width": 3,
    "visible_bounds_height": 3,
    "visible_bounds_offset": [ 0, 1.5, 0 ],
    "texturewidth": 128,
    "textureheight": 128,

    "bones": [
      {
        "name": "body",
        "pivot": [ 0.0, 31.0, 0.0 ],
        "cubes": [
          {
            "origin": [ -9.0, 21.0, -6.0 ],
            "size": [ 18, 12, 11 ],
            "uv": [ 0, 40 ]
          },
          {
            "origin": [ -4.5, 16.0, -3.0 ],
            "size": [ 9, 5, 6 ],
            "uv": [ 0, 70 ],
            "inflate": 0.5
          }
        ]
      },
      {
        "name": "head",
        "pivot": [ 0.0, 31.0, -2.0 ],
        "locators": {
          "lead": [ 0.0, 31.0, -2.0 ]
        },
        "cubes": [
          {
            "origin": [ -4.0, 33.0, -7.5 ],
            "size": [ 8, 10, 8 ],
            "uv": [ 0, 0 ]
          },
          {
            "origin": [ -1.0, 32.0, -9.5 ],
            "size": [ 2, 4, 2 ],
            "uv": [ 24, 0 ]
          }
        ]
      },
      {
        "name": "arm0",
        "pivot": [ 0.0, 31.0, 0.0 ],
        "cubes": [
          {
            "origin": [ -13.0, 3.5, -3.0 ],
            "size": [ 4, 30, 6 ],
            "uv": [ 60, 21 ]
          }
        ]
      },
      {
        "name": "arm1",
        "pivot": [ 0.0, 31.0, 0.0 ],
        "cubes": [
          {
            "origin": [ 9.0, 3.5, -3.0 ],
            "size": [ 4, 30, 6 ],
            "uv": [ 60, 58 ]
          }
        ]
      },
      {
        "name": "leg0",
        "pivot": [ -4.0, 13.0, 0.0 ],
        "cubes": [
          {
            "origin": [ -7.5, 0.0, -3.0 ],
            "size": [ 6, 16, 5 ],
            "uv": [ 37, 0 ]
          }
        ]
      },
      {
        "name": "leg1",
        "mirror": true,
        "pivot": [ 5.0, 13.0, 0.0 ],
        "cubes": [
          {
            "origin": [ 1.5, 0.0, -3.0 ],
            "size": [ 6, 16, 5 ],
            "uv": [ 60, 0 ]
          }
        ]
      }
    ]
  },
  "geometry.wolf": {
    "visible_bounds_width": 1.5,
    "visible_bounds_height": 1,
    "visible_bounds_offset": [ 0, 0.5, 0 ],
    "texturewidth": 64,
    "textureheight": 32,

    "bones": [
      {
        "name": "head",
        "pivot": [ -1.0, 10.5, -7.0 ],
        "cubes": [
          {
            "origin": [ -4.0, 7.5, -9.0 ],
            "size": [ 6, 6, 4 ],
            "uv": [ 0, 0 ]
          },
          {
            "origin": [ -4.0, 13.5, -7.0 ],
            "size": [ 2, 2, 1 ],
            "uv": [ 16, 14 ]
          },
          {
            "origin": [ 0.0, 13.5, -7.0 ],
            "size": [ 2, 2, 1 ],
            "uv": [ 16, 14 ]
          },
          {
            "origin": [ -2.5, 7.515625, -12.0 ],
            "size": [ 3, 3, 4 ],
            "uv": [ 0, 10 ]
          }
        ]
      },
      {
        "name": "body",
        "pivot": [ 0.0, 10.0, 2.0 ],
        "cubes": [
          {
            "origin": [ -4.0, 3.0, -1.0 ],
            "size": [ 6, 9, 6 ],
            "uv": [ 18, 14 ]
          }
        ]
      },
      {
        "name": "upperBody",
        "pivot": [ -1.0, 10.0, 2.0 ],
        "cubes": [
          {
            "origin": [ -5.0, 7.0, -1.0 ],
            "size": [ 8, 6, 7 ],
            "uv": [ 21, 0 ]
          }
        ]
      },
      {
        "name": "leg0",
        "pivot": [ -2.5, 8.0, 7.0 ],
        "cubes": [
          {
            "origin": [ -3.5, 0.0, 6.0 ],
            "size": [ 2, 8, 2 ],
            "uv": [ 0, 18 ]
          }
        ]
      },
      {
        "name": "leg1",
        "pivot": [ 0.5, 8.0, 7.0 ],
        "cubes": [
          {
            "origin": [ -0.5, 0.0, 6.0 ],
            "size": [ 2, 8, 2 ],
            "uv": [ 0, 18 ]
          }
        ]
      },
      {
        "name": "leg2",
        "pivot": [ -2.5, 8.0, -4.0 ],
        "cubes": [
          {
            "origin": [ -3.5, 0.0, -5.0 ],
            "size": [ 2, 8, 2 ],
            "uv": [ 0, 18 ]
          }
        ]
      },
      {
        "name": "leg3",
        "pivot": [ 0.5, 8.0, -4.0 ],
        "cubes": [
          {
            "origin": [ -0.5, 0.0, -5.0 ],
            "size": [ 2, 8, 2 ],
            "uv": [ 0, 18 ]
          }
        ]
      },
      {
        "name": "tail",
        "pivot": [ -1.0, 12.0, 8.0 ],
        "cubes": [
          {
            "origin": [ -2.0, 4.0, 7.0 ],
            "size": [ 2, 8, 2 ],
            "uv": [ 9, 18 ]
          }
        ]
      }
    ]
  },
  "geometry.trident": {
    "texturewidth": 32,
    "textureheight": 32,
    "bones": [
      {
        "name": "pole",
        "pivot": [ 0.0, 24.0, 0.0 ],
        "cubes": [
          {
            "origin": [ -0.5, -3.0, -0.5 ],
            "size": [ 1.0, 31.0, 1.0 ],
            "inflate": 0.01,
            "uv": [ 0, 0 ]
          },
          {
            "origin": [ -1.5, 22.0, -0.5 ],
            "size": [ 3.0, 2.0, 1.0 ],
            "uv": [ 4, 0 ]
          },
          {
            "origin": [ -2.5, 23.0, -0.5 ],
            "size": [ 1.0, 4.0, 1.0 ],
            "uv": [ 4, 3 ]
          },
          {
            "origin": [ 1.5, 23.0, -0.5 ],
            "size": [ 1.0, 4.0, 1.0 ],
            "uv": [ 4, 3 ]
          }
        ]
      }
    ]
  },
  "geometry.guardian": {
    "visible_bounds_width": 3.5,
    "visible_bounds_height": 2,
    "visible_bounds_offset": [ 0, 0.5, 0 ],
    "texturewidth": 64,
    "textureheight": 64,
    "bones": [
      {
        "name": "head",
        "pivot": [ 0.0, 24.0, 0.0 ],
        "mirror": true,
        "cubes": [
          {
            "mirror": false,
            "origin": [ -6.0, 2.0, -8.0 ],
            "size": [ 12.0, 12.0, 16.0 ],
            "uv": [ 0, 0 ]
          },
          {
            "mirror": false,
            "origin": [ -8.0, 2.0, -6.0 ],
            "size": [ 2.0, 12.0, 12.0 ],
            "uv": [ 0, 28 ]
          },
          {
            "origin": [ 6.0, 2.0, -6.0 ],
            "size": [ 2.0, 12.0, 12.0 ],
            "uv": [ 0, 28 ]
          },
          {
            "origin": [ -6.0, 14.0, -6.0 ],
            "size": [ 12.0, 2.0, 12.0 ],
            "uv": [ 16, 40 ]
          },
          {
            "origin": [ -6.0, 0.0, -6.0 ],
            "size": [ 12.0, 2.0, 12.0 ],
            "uv": [ 16, 40 ]
          }
        ]
      },
      {
        "name": "eye",
        "pivot": [ 0.0, 24.0, 0.0 ],
        "cubes": [
          {
            "origin": [ -1.0, 7.0, 0.0 ],
            "size": [ 2.0, 2.0, 1.0 ],
            "uv": [ 8, 0 ]
          }
        ]
      },
      {
        "name": "tailpart0",
        "pivot": [ 0.0, 24.0, 0.0 ],
        "cubes": [
          {
            "origin": [ -2.0, 6.0, 7.0 ],
            "size": [ 4.0, 4.0, 8.0 ],
            "uv": [ 40, 0 ]
          }
        ]
      },
      {
        "name": "tailpart1",
        "pivot": [ 0.0, 24.0, 0.0 ],
        "cubes": [
          {
            "origin": [ 0.0, 7.0, 0.0 ],
            "size": [ 3.0, 3.0, 7.0 ],
            "uv": [ 0, 54 ]
          }
        ]
      },
      {
        "name": "tailpart2",
        "pivot": [ 0.0, 24.0, 0.0 ],
        "cubes": [
          {
            "origin": [ 0.0, 8.0, 0.0 ],
            "size": [ 2.0, 2.0, 6.0 ],
            "uv": [ 41, 32 ]
          },
          {
            "origin": [ 1.0, 4.5, 3.0 ],
            "size": [ 1.0, 9.0, 9.0 ],
            "uv": [ 25, 19 ]
          }
        ]
      },
      {
        "name": "spikepart0",
        "pivot": [ 0.0, 24.0, 0.0 ],
        "cubes": [
          {
            "origin": [ -1.0, 19.5, -1.0 ],
            "size": [ 2.0, 9.0, 2.0 ],
            "uv": [ 0, 0 ]
          }
        ]
      },
      {
        "name": "spikepart1",
        "pivot": [ 0.0, 24.0, 0.0 ],
        "cubes": [
          {
            "origin": [ -1.0, 19.5, -1.0 ],
            "size": [ 2.0, 9.0, 2.0 ],
            "uv": [ 0, 0 ]
          }
        ]
      },
      {
        "name": "spikepart2",
        "pivot": [ 0.0, 24.0, 0.0 ],
        "cubes": [
          {
            "origin": [ -1.0, 19.5, -1.0 ],
            "size": [ 2.0, 9.0, 2.0 ],
            "uv": [ 0, 0 ]
          }
        ]
      },
      {
        "name": "spikepart3",
        "pivot": [ 0.0, 24.0, 0.0 ],
        "cubes": [
          {
            "origin": [ -1.0, 19.5, -1.0 ],
            "size": [ 2.0, 9.0, 2.0 ],
            "uv": [ 0, 0 ]
          }
        ]
      },
      {
        "name": "spikepart4",
        "pivot": [ 0.0, 24.0, 0.0 ],
        "cubes": [
          {
            "origin": [ -1.0, 19.5, -1.0 ],
            "size": [ 2.0, 9.0, 2.0 ],
            "uv": [ 0, 0 ]
          }
        ]
      },
      {
        "name": "spikepart5",
        "pivot": [ 0.0, 24.0, 0.0 ],
        "cubes": [
          {
            "origin": [ -1.0, 19.5, -1.0 ],
            "size": [ 2.0, 9.0, 2.0 ],
            "uv": [ 0, 0 ]
          }
        ]
      },
      {
        "name": "spikepart6",
        "pivot": [ 0.0, 24.0, 0.0 ],
        "cubes": [
          {
            "origin": [ -1.0, 19.5, -1.0 ],
            "size": [ 2.0, 9.0, 2.0 ],
            "uv": [ 0, 0 ]
          }
        ]
      },
      {
        "name": "spikepart7",
        "pivot": [ 0.0, 24.0, 0.0 ],
        "cubes": [
          {
            "origin": [ -1.0, 19.5, -1.0 ],
            "size": [ 2.0, 9.0, 2.0 ],
            "uv": [ 0, 0 ]
          }
        ]
      },
      {
        "name": "spikepart8",
        "pivot": [ 0.0, 24.0, 0.0 ],
        "cubes": [
          {
            "origin": [ -1.0, 19.5, -1.0 ],
            "size": [ 2.0, 9.0, 2.0 ],
            "uv": [ 0, 0 ]
          }
        ]
      },
      {
        "name": "spikepart9",
        "pivot": [ 0.0, 24.0, 0.0 ],
        "cubes": [
          {
            "origin": [ -1.0, 19.5, -1.0 ],
            "size": [ 2.0, 9.0, 2.0 ],
            "uv": [ 0, 0 ]
          }
        ]
      },
      {
        "name": "spikepart10",
        "pivot": [ 0.0, 24.0, 0.0 ],
        "cubes": [
          {
            "origin": [ -1.0, 19.5, -1.0 ],
            "size": [ 2.0, 9.0, 2.0 ],
            "uv": [ 0, 0 ]
          }
        ]
      },
      {
        "name": "spikepart11",
        "pivot": [ 0.0, 24.0, 0.0 ],
        "cubes": [
          {
            "origin": [ -1.0, 19.5, -1.0 ],
            "size": [ 2.0, 9.0, 2.0 ],
            "uv": [ 0, 0 ]
          }
        ]
      }
    ]
  },
  "geometry.chalkboard_small": {
    "visible_bounds_width": 1,
    "visible_bounds_height": 1,
    "visible_bounds_offset": [ 0, 0.5, 0 ],
    "texturewidth": 64,
    "textureheight": 32,
    "bones": [
      {
        "name": "body",
        "cubes": [
          {
            "origin": [ -8, 4, -1 ],
            "uv": [ 0, 0 ],
            "size": [ 16, 12, 2 ]
          }
        ],
        "pivot": [
          -8.881784e-18,
          0,
          7.105427e-17
        ]
      },
      {
        "name": "rightLeg",
        "cubes": [
          {
            "origin": [ -1, 0, -1 ],
            "uv": [ 0, 14 ],
            "size": [ 2, 4, 2 ]
          }
        ],
        "pivot": [
          0,
          2.842171e-16,
          7.105427e-17
        ]
      }
    ]
  },
  "geometry.chalkboard_medium": {
    "visible_bounds_width": 1,
    "visible_bounds_height": 1,
    "visible_bounds_offset": [ 0, 0.5, 0 ],
    "texturewidth": 128,
    "textureheight": 32,
    "bones": [
      {
        "name": "body",
        "cubes": [
          {
            "origin": [ -16, 4, -1 ],
            "uv": [ 0, 0 ],
            "size": [ 32, 12, 2 ]
          }
        ],
        "pivot": [
          0,
          0,
          1.421085e-16
        ]
      },
      {
        "name": "leftLeg",
        "cubes": [
          {
            "origin": [ 10, 0, -1 ],
            "uv": [ 0, 14 ],
            "size": [ 2, 4, 2 ]
          }
        ],
        "pivot": [
          2.273737e-15,
          -5.684342e-16,
          7.105427e-17
        ]
      },
      {
        "name": "rightLeg",
        "cubes": [
          {
            "origin": [ -12, 0, -1 ],
            "uv": [ 0, 14 ],
            "size": [ 2, 4, 2 ]
          }
        ],
        "pivot": [
          -4.547474e-15,
          -8.526513e-16,
          0
        ]
      }
    ]
  },
  "geometry.chalkboard_large": {
    "visible_bounds_width": 1,
    "visible_bounds_height": 1,
    "visible_bounds_offset": [ 0, 0.5, 0 ],
    "texturewidth": 128,
    "textureheight": 64,
    "bones": [
      {
        "name": "body",
        "cubes": [
          {
            "origin": [ -24, 4, -1 ],
            "uv": [ 0, 0 ],
            "size": [ 48, 28, 2 ]
          }
        ],
        "pivot": [
          0,
          -1.136868e-15,
          7.105427e-17
        ]
      },
      {
        "name": "leftLeg",
        "cubes": [
          {
            "origin": [ 16, 0, -1 ],
            "uv": [ 0, 30 ],
            "size": [ 2, 4, 2 ]
          }
        ],
        "pivot": [
          0,
          2.842171e-16,
          0
        ]
      },
      {
        "name": "rightLeg",
        "cubes": [
          {
            "origin": [ -18, 0, -1 ],
            "uv": [ 0, 30 ],
            "size": [ 2, 4, 2 ]
          }
        ],
        "pivot": [
          0,
          2.842171e-16,
          0
        ]
      }
    ]
  },
  "geometry.npc": {
    "visible_bounds_width": 1,
    "visible_bounds_height": 1,
    "visible_bounds_offset": [ 0, 0.5, 0 ],
    "texturewidth": 64,
    "textureheight": 64,
    "bones": [
      {
        "name": "head",
        "pivot": [ 0.0, 24.0, 0.0 ],
        "cubes": [
          {
            "origin": [ -4.0, 24.0, -4.0 ],
            "size": [ 8, 10, 8 ],
            "uv": [ 0, 0 ]
          }
        ]
      },
      {
        "name": "hat",
        "neverRender": false,
        "pivot": [ 0.0, 24.0, 0.0 ],
        "cubes": [
          {
            "origin": [ -4.0, 24.0, -4.0 ],
            "size": [ 8, 8, 8 ],
            "uv": [ 32, 0 ],
            "inflate": 0.5
          }
        ],
        "parent": "head"
      },
      {
        "name": "nose",
        "parent": "head",
        "pivot": [ 0.0, 26.0, 0.0 ],
        "cubes": [
          {
            "origin": [ -1.0, 23.0, -6.0 ],
            "size": [ 2, 4, 2 ],
            "uv": [ 24, 0 ]
          }
        ]
      },
      {
        "name": "body",
        "pivot": [ 0.0, 24.0, 0.0 ],
        "cubes": [
          {
            "origin": [ -4.0, 12.0, -3.0 ],
            "size": [ 8, 12, 6 ],
            "uv": [ 16, 20 ]
          },
          {
            "origin": [ -4.0, 6.0, -3.0 ],
            "size": [ 8, 18, 6 ],
            "uv": [ 0, 38 ],
            "inflate": 0.5
          }
        ]
      },
      {
        "name": "arms",
        "pivot": [ 0.0, 22.0, 0.0 ],
        "cubes": [
          {
            "origin": [ -4.0, 16.0, -2.0 ],
            "size": [ 8, 4, 4 ],
            "uv": [ 40, 38 ]
          },
          {
            "origin": [ -8.0, 16.0, -2.0 ],
            "size": [ 4, 8, 4 ],
            "uv": [ 44, 22 ]
          },
          {
            "origin": [ 4.0, 16.0, -2.0 ],
            "size": [ 4, 8, 4 ],
            "uv": [ 44, 46 ]
          }
        ],
        "parent": "body"
      },
      {
        "name": "leg0",
        "pivot": [ -2.0, 12.0, 0.0 ],
        "cubes": [
          {
            "origin": [ -4.0, 0.0, -2.0 ],
            "size": [ 4, 12, 4 ],
            "uv": [ 0, 22 ]
          }
        ]
      },
      {
        "name": "leg1",
        "pivot": [ 2.0, 12.0, 0.0 ],
        "cubes": [
          {
            "origin": [ 0.0, 0.0, -2.0 ],
            "size": [ 4, 12, 4 ],
            "uv": [ 0, 22 ]
          }
        ]
      },
      {
        "name": "leftPants",
        "pivot": [ 1.9, 12.0, 0.0 ],
        "cubes": [
          {
            "origin": [ -0.1, 0.0, -2.0 ],
            "size": [ 4, 12, 4 ],
            "uv": [ 0, 48 ],
            "inflate": 0.25
          }
        ],
        "parent": "leg1"
      },

      {
        "name": "rightPants",
        "pivot": [ -1.9, 12.0, 0.0 ],
        "cubes": [
          {
            "origin": [ -3.9, 0.0, -2.0 ],
            "size": [ 4, 12, 4 ],
            "uv": [ 0, 32 ],
            "inflate": 0.25
          }
        ],
        "parent": "leg0"
      },
      {
        "name": "jacket",
        "pivot": [ 0.0, 24.0, 0.0 ],
        "cubes": [
          {
            "origin": [ -4.0, 12.0, -2.0 ],
            "size": [ 8, 12, 4 ],
            "uv": [ 16, 32 ],
            "inflate": 0.25
          }
        ],
        "parent": "body"
      }
    ]
  },
  "geometry.agent": {
    "visible_bounds_width": 1,
    "visible_bounds_height": 1,
    "visible_bounds_offset": [ 0, 0.5, 0 ],
    "texturewidth": 32,
    "textureheight": 32,
    "bones": [
      {
        "name": "body",
        "pivot": [ 0.0, 24.0, 0.0 ],
        "cubes": [
          {
            "origin": [ -4.0, 5.0, -2.0 ],
            "size": [ 8.0, 4.0, 4.0 ],
            "uv": [ 0.0, 12.0 ]
          },
          {
            "origin": [ -3.0, 3.0, -2.0 ],
            "size": [ 6.0, 2.0, 4.0 ],
            "uv": [ 0.0, 20.0 ]
          }
        ]
      },
      {
        "name": "head",
        "parent": "body",
        "pivot": [ 0.0, 9.0, -0.8 ],
        "cubes": [
          {
            "origin": [ -3.0, 9.0, -3.0 ],
            "size": [ 6.0, 7.0, 5.0 ],
            "uv": [ 0.0, 0.0 ]
          },
          {
            "origin": [ -1.0, 9.0, -4.0 ],
            "size": [ 2.0, 3.0, 1.0 ],
            "uv": [ 17.0, 1.0 ]
          }
        ]
      },
      {
        "name": "leftArm",
        "parent": "body",
        "pivot": [ 5.0, 9.0, 0.0 ],
        "cubes": [
          {
            "origin": [ 4.0, 0.0, -1.0 ],
            "size": [ 2.0, 9.0, 2.0 ],
            "uv": [ 24.0, 11.0 ]
          }
        ]
      },
      {
        "name": "rightArm",
        "parent": "body",
        "pivot": [ -5.0, 9.0, 0.0 ],
        "cubes": [
          {
            "origin": [ -6.0, 0.0, -1.0 ],
            "size": [ 2.0, 9.0, 2.0 ],
            "uv": [ 24.0, 0.0 ]
          }
        ]
      },
      {
        "name": "leftLeg",
        "parent": "body",
        "pivot": [ 1.9, 3.0, 0.0 ],
        "cubes": [
          {
            "origin": [ 1.0, 0.0, -1.0 ],
            "size": [ 2.0, 3.0, 2.0 ],
            "uv": [ 8.0, 26.0 ]
          }
        ]
      },
      {
        "name": "rightLeg",
        "parent": "body",
        "pivot": [ -1.9, 3.0, 0.0 ],
        "cubes": [
          {
            "origin": [ -3.0, 0.0, -1.0 ],
            "size": [ 2.0, 3.0, 2.0 ],
            "uv": [ 0.0, 26.0 ]
          }
        ]
      }
    ]
  },
  "geometry.bed": {
    "visible_bounds_width": 1,
    "visible_bounds_height": 1,
    "visible_bounds_offset": [ 0, 0.5, 0 ],
    "bones": [
      {
        "pivot": [ 0.0, 24.0, 0.0 ],
        "cubes": [
          {
            "origin": [ 0.0, 0.0, 0.0 ],
            "size": [ 16.0, 32.0, 6.0 ],
            "uv": [ 0.0, 0.0 ]
          },
          {
            "origin": [ 3.0, 31.0, 6.0 ],
            "size": [ 10.0, 1.0, 3.0 ],
            "uv": [ 38.0, 2.0 ]
          },
          {
            "origin": [ 3.0, 0.0, 6.0 ],
            "size": [ 10.0, 1.0, 3.0 ],
            "uv": [ 38.0, 38.0 ]
          },
          {
            "origin": [ 15.0, 3.0, 6.0 ],
            "size": [ 1.0, 26.0, 3.0 ],
            "uv": [ 52.0, 6.0 ]
          },
          {
            "origin": [ 0.0, 3.0, 6.0 ],
            "size": [ 1.0, 26.0, 3.0 ],
            "uv": [ 44.0, 6.0 ]
          }
        ],
        "name": "bed"
      },
      {
        "pivot": [ 5.0, 22.0, 0.0 ],
        "cubes": [
          {
            "origin": [ 13.0, 29.0, 6.0 ],
            "size": [ 3.0, 3.0, 3.0 ],
            "uv": [ 12.0, 38.0 ]
          }
        ],
        "name": "leg1"
      },
      {
        "pivot": [ -5.0, 22.0, 0.0 ],
        "cubes": [
          {
            "origin": [ 0.0, 29.0, 6.0 ],
            "size": [ 3.0, 3.0, 3.0 ],
            "uv": [ 0.0, 38.0 ]
          }
        ],
        "name": "leg0"
      },
      {
        "pivot": [ 2.0, 12.0, 0.0 ],
        "cubes": [
          {
            "origin": [ 13.0, 0.0, 6.0 ],
            "size": [ 3.0, 3.0, 3.0 ],
            "uv": [ 12.0, 44.0 ]
          }
        ],
        "name": "leg3"
      },
      {
        "pivot": [ -2.0, 12.0, 0.0 ],
        "cubes": [
          {
            "origin": [ 0.0, 0.0, 6.0 ],
            "size": [ 3.0, 3.0, 3.0 ],
            "uv": [ 0.0, 44.0 ]
          }
        ],
        "name": "leg2"
      }
    ],
    "texturewidth": 64,
    "textureheight": 64
  },
  "geometry.player_head": {
    "visible_bounds_width": 1,
    "visible_bounds_height": 1,
    "visible_bounds_offset": [ 0, 0.5, 0 ],
    "texturewidth": 64,
    "textureheight": 64,
    "bones": [
      {
        "name": "head",
        "pivot": [ 0.0, 24.0, 0.0 ],
        "cubes": [
          {
            "origin": [ -4.0, 24.0, -4.0 ],
            "size": [ 8, 8, 8 ],
            "uv": [ 0, 0 ]
          }
        ]
      }
    ]
  },
  "geometry.mob_head": {
    "visible_bounds_width": 1,
    "visible_bounds_height": 1,
    "visible_bounds_offset": [ 0, 0.5, 0 ],
    "texturewidth": 64,
    "textureheight": 32,
    "bones": [
      {
        "name": "head",
        "pivot": [ 0.0, 24.0, 0.0 ],
        "cubes": [
          {
            "origin": [ -4.0, 24.0, -4.0 ],
            "size": [ 8, 8, 8 ],
            "uv": [ 0, 0 ]
          }
        ]
      }
    ]
  },
  "geometry.dragon_head": {
    "visible_bounds_width": 1,
    "visible_bounds_height": 1,
    "visible_bounds_offset": [ 0, 0.5, 0 ],
    "texturewidth": 256,
    "textureheight": 256,
    "bones": [
      {
        "name": "head",
        "pivot": [ 0.0, 24.0, 0.0 ],
        "cubes": [
          {
            "origin": [ -8.0, 16.0, -10.0 ],
            "size": [ 16.0, 16.0, 16.0 ],
            "uv": [ 112, 30 ]
          },
          {
            "mirror": true,
            "origin": [ -5.0, 32.0, -4.0 ],
            "size": [ 2.0, 4.0, 6.0 ],
            "uv": [ 0, 0 ]
          },
          {
            "origin": [ 3.0, 32.0, -4.0 ],
            "size": [ 2.0, 4.0, 6.0 ],
            "uv": [ 0, 0 ]
          }
        ]
      },
      {
        "name": "snout",
        "pivot": [ 0.0, 24.0, 0.0 ],
        "cubes": [
          {
            "origin": [ -6.0, 20.0, -24.0 ],
            "size": [ 12.0, 5.0, 16.0 ],
            "uv": [ 176, 44 ]
          },
          {
            "mirror": true,
            "origin": [ -5.0, 25.0, -22.0 ],
            "size": [ 2.0, 2.0, 4.0 ],
            "uv": [ 112, 0 ]
          },
          {
            "origin": [ 3.0, 25.0, -22.0 ],
            "size": [ 2.0, 2.0, 4.0 ],
            "uv": [ 112, 0 ]
          }
        ]
      },
      {
        "name": "jaw",
        "pivot": [ 0.0, 20.0, -8.0 ],
        "cubes": [
          {
            "origin": [ -6.0, 16.0, -24.0 ],
            "size": [ 12.0, 4.0, 16.0 ],
            "uv": [ 176, 65 ]
          }
        ]
      }
    ]
  }
}
