[
    {
        "name": "xbox_face_button_down",
        "code": "0xE000"
    },
    {
        "name": "xbox_face_button_right",
        "code": "0xE001"
    },
    {
        "name": "xbox_face_button_left",
        "code": "0xE002"
    },
    {
        "name": "xbox_face_button_up",
        "code": "0xE003"
    },
    {
        "name": "xbox_bumper_left",
        "code": "0xE004"
    },
    {
        "name": "xbox_bumper_right",
        "code": "0xE005"
    },
    {
        "name": "xbox_trigger_left",
        "code": "0xE006"
    },
    {
        "name": "xbox_trigger_right",
        "code": "0xE007"
    },
    {
        "name": "xbox_select",
        "code": "0xE008"
    },
    {
        "name": "xbox_start",
        "code": "0xE009"
    },
    {
        "name": "xbox_stick_left",
        "code": "0xE00A"
    },
    {
        "name": "xbox_stick_right",
        "code": "0xE00B"
    },
    {
        "name": "xbox_dpad_up",
        "code": "0xE00C"
    },
    {
        "name": "xbox_dpad_left",
        "code": "0xE00D"
    },
    {
        "name": "xbox_dpad_down",
        "code": "0xE00E"
    },
    {
        "name": "xbox_dpad_right",
        "code": "0xE00F"
    },
    {
        "name": "ps4_face_button_down",
        "code": "0xE020"
    },
    {
        "name": "ps4_face_button_right",
        "code": "0xE021"
    },
    {
        "name": "ps4_face_button_left",
        "code": "0xE022"
    },
    {
        "name": "ps4_face_button_up",
        "code": "0xE023"
    },
    {
        "name": "ps4_bumper_left",
        "code": "0xE024"
    },
    {
        "name": "ps4_bumper_right",
        "code": "0xE025"
    },
    {
        "name": "ps4_trigger_left",
        "code": "0xE026"
    },
    {
        "name": "ps4_trigger_right",
        "code": "0xE027"
    },
    {
        "name": "ps4_select",
        "code": "0xE028"
    },
    {
        "name": "ps4_start",
        "code": "0xE029"
    },
    {
        "name": "ps4_stick_left",
        "code": "0xE02A"
    },
    {
        "name": "ps4_stick_right",
        "code": "0xE02B"
    },
    {
        "name": "ps4_dpad_up",
        "code": "0xE02C"
    },
    {
        "name": "ps4_dpad_left",
        "code": "0xE02D"
    },
    {
        "name": "ps4_dpad_down",
        "code": "0xE02E"
    },
    {
        "name": "ps4_dpad_right",
        "code": "0xE02F"
    },
    {
        "name": "switch_face_button_down",
        "code": "0xE040"
    },
    {
        "name": "switch_face_button_right",
        "code": "0xE041"
    },
    {
        "name": "switch_face_button_left",
        "code": "0xE042"
    },
    {
        "name": "switch_face_button_up",
        "code": "0xE043"
    },
    {
        "name": "switch_bumper_left",
        "code": "0xE044"
    },
    {
        "name": "switch_bumper_right",
        "code": "0xE045"
    },
    {
        "name": "switch_trigger_left",
        "code": "0xE046"
    },
    {
        "name": "switch_trigger_right",
        "code": "0xE047"
    },
    {
        "name": "switch_select",
        "code": "0xE048"
    },
    {
        "name": "switch_start",
        "code": "0xE049"
    },
    {
        "name": "switch_stick_left",
        "code": "0xE04A"
    },
    {
        "name": "switch_stick_right",
        "code": "0xE04B"
    },
    {
        "name": "switch_dpad_up",
        "code": "0xE04C"
    },
    {
        "name": "switch_dpad_left",
        "code": "0xE04D"
    },
    {
        "name": "switch_dpad_down",
        "code": "0xE04E"
    },
    {
        "name": "switch_dpad_right",
        "code": "0xE04F"
    },
    {
        "name": "mouse_left_button",
        "code": "0xE060"
    },
    {
        "name": "mouse_right_button",
        "code": "0xE061"
    },
    {
        "name": "mouse_middle_button",
        "code": "0xE062"
    },
    {
        "name": "touch_forward",
        "code": "0xE080"
    },
    {
        "name": "touch_left",
        "code": "0xE081"
    },
    {
        "name": "touch_back",
        "code": "0xE082"
    },
    {
        "name": "touch_right",
        "code": "0xE083"
    },
    {
        "name": "touch_jump",
        "code": "0xE084"
    },
    {
        "name": "touch_sneak",
        "code": "0xE085"
    },
    {
        "name": "touch_fly_up",
        "code": "0xE086"
    },
    {
        "name": "touch_fly_down",
        "code": "0xE087"
    },
    {
        "name": "craftable_toggle_on",
        "code": "0xE0A0"
    },
    {
        "name": "craftable_toggle_off",
        "code": "0xE0A1"
    },
    {
        "name": "shank",
        "code": "0xE100"
    },
    {
        "name": "armor",
        "code": "0xE101"
    }
]
