{
	"format_version" : "1.8.0",
	"animations" : {
		"animation.endermite.move" : {
			"bones" : {
				"section_0" : {
					"position" : [ "(math.cos(-query.life_time * 928.26) * 1.26) - this", 0.0, 0.0 ],
					"rotation" : [ 0.0, "(math.cos(query.life_time * 928.26) * 26.9) - this", 0.0 ]
				},
				"section_1" : {
					"position" : [ "(math.sin(query.life_time * 928.26) * 0.63) - this", 0.0, 0.0 ],
					"rotation" : [ 0.0, "(math.cos(query.life_time * 928.26) * 16) - this", 0.0 ]
				},
				"section_2" : {
					"position" : [ 0.0, 0.0, 0.0 ],
					"rotation" : [ 0.0, "(math.cos(query.life_time * 928.26) * 9.17) - this", 0.0 ]
				},
				"section_3" : {
					"position" : [ "(math.cos(query.life_time * 928.26) * 0.8) - this", 0.0, 0.0 ]
				}
			},
			"loop" : true
		}
	}
}
