{
	"format_version" : "1.8.0",
	"animations" : {
		"animation.enderman.arms_legs" : {
			"bones" : {
				"leftarm" : {
					"rotation" : [ "math.clamp(this, -22.92, 22.92) - this", 0.0, 0.0 ]
				},
				"leftleg" : {
					"rotation" : [ "math.clamp(this, -22.92, 22.92) - this", 0.0, 0.0 ]
				},
				"rightarm" : {
					"rotation" : [ "math.clamp(this, -22.92, 22.92) - this", 0.0, 0.0 ]
				},
				"rightleg" : {
					"rotation" : [ "math.clamp(this, -22.92, 22.92) - this", 0.0, 0.0 ]
				}
			},
			"loop" : true
		},
		"animation.enderman.base_pose" : {
			"bones" : {
				"body" : {
					"position" : [ "-this", "11.0 - this", "-this" ],
					"rotation" : [ "-this", 0.0, 0.0 ]
				},
				"hat" : {
					"position" : [ "-this", "-this", "-this" ],
					"rotation" : [ "-this", "-this", "-this" ]
				},
				"head" : {
					"position" : [ "-this", "-this", "-this" ]
				},
				"leftarm" : {
					"position" : [ "4.0-this", 0.0, "-this" ]
				},
				"leftleg" : {
					"position" : [ 0.0, "-5.0 - this", 0.0 ]
				},
				"rightarm" : {
					"position" : [ "-4.0-this", 0.0, "-this" ]
				},
				"rightleg" : {
					"position" : [ 0.0, "-5.0 - this", 0.0 ]
				}
			},
			"loop" : true
		},
		"animation.enderman.carrying" : {
			"bones" : {
				"leftarm" : {
					"rotation" : [ "-28.65 - this", 0.0, "-2.87 - this" ]
				},
				"rightarm" : {
					"rotation" : [ "-28.65 - this", 0.0, "2.87 - this" ]
				}
			},
			"loop" : true
		},
		"animation.enderman.scary_face" : {
			"bones" : {
				"hat" : {
					"position" : [ 0.0, "-5.0 - this", 0.0 ]
				},
				"head" : {
					"position" : [ 0.0, "5.0 - this", 0.0 ]
				}
			},
			"loop" : true
		}
	}
}
