{
	"format_version" : "1.8.0",
	"animations" : {
		"animation.iron_golem.attack" : {
			"bones" : {
				"arm0" : {
					"rotation" : [ "-114 + ((1.5 * math.abs(math.mod(variable.attack_animation_tick - query.frame_alpha, 10) - 5) - 2.5) / 5) * 57.3", 0.0, 0.0 ]
				},
				"arm1" : {
					"rotation" : [ "-114 + ((1.5 * math.abs(math.mod(variable.attack_animation_tick - query.frame_alpha, 10) - 5) - 2.5) / 5) * 57.3", 0.0, 0.0 ]
				}
			},
			"loop" : true
		},
		"animation.iron_golem.flower" : {
			"bones" : {
				"arm0" : {
					"rotation" : [ "-45.8 + ((0.25 * math.abs(math.mod(variable.offer_flower_tick, 70) - 35) - 17.5) / 35)", 0.0, 0.0 ]
				}
			},
			"loop" : true
		},
		"animation.iron_golem.move" : {
			"bones" : {
				"arm0" : {
					"rotation" : [ "7.4 - ((1.5 * math.abs(math.mod(query.modified_distance_moved, 13) - 6.5) - 3.25) / 3.25) * query.modified_move_speed * 23.75", 0.0, 0.0 ]
				},
				"arm1" : {
					"rotation" : [ "7.4 - ((1.5 * math.abs(math.mod(query.modified_distance_moved, 13) - 6.5) - 3.25) / 3.25) * -query.modified_move_speed * 23.75", 0.0, 0.0 ]
				}
			},
			"loop" : true
		},
		"animation.iron_golem.walk" : {
			"bones" : {
				"head" : {
					"rotation" : [ 0.0, 0.0, "2.0 * (Math.abs(Math.mod(query.modified_distance_moved + 6, 13.0) - 6.5) - 3.25)" ]
				},
				"body" : {
					"rotation" : [ 0.0, 0.0, "2.0 * (Math.abs(Math.mod(query.modified_distance_moved + 6, 13.0) - 6.5) - 3.25)" ]
				},
				"leg0" : {
					"rotation" : [ "(math.cos(query.modified_distance_moved * 38.17) * 40.0)", 0.0, 0.0 ]
				},
				"leg1" : {
					"rotation" : [ "(math.cos(query.modified_distance_moved * 38.17 + 180) * 40.0)", 0.0, 0.0 ]
				}
			},
			"loop" : true
		}
	}
}
