{
	"format_version" : "1.8.0",
	"animations" : {
		"animation.pig.baby_transform" : {
			"bones" : {
				"head" : {
					"position" : [ 0.0, 8.0, 4.0 ],
					"scale" : 2.0
				}
			},
			"loop" : true
		},
		"animation.pig.idle" : {
			"bones" : {
				"head" : {
					"scale" : 4.0
				}
			},
			"loop" : true
		},
		"animation.pig.setup" : {
			"bones" : {
				"body" : {
					"rotation" : [ "-this", 0.0, 0.0 ]
				}
			},
			"loop" : true
		},
		"animation.pig.setup.v1.0" : {
			"bones" : {
				"body" : {
					"rotation" : [ "90.0 - this", 0.0, 0.0 ]
				}
			},
			"loop" : true
		}
	}
}
