{
	"format_version" : "1.8.0",
	"animations" : {
		"animation.humanoid.attack.rotations.v1.0" : {
			"bones" : {
				"body" : {
					"rotation" : [ 0.0, "variable.attack_body_rot_y - this", 0.0 ]
				},
				"leftarm" : {
					"rotation" : [ "variable.attack_body_rot_y", 0.0, 0.0 ]
				},
				"rightarm" : {
					"rotation" : [ "math.sin(1.0 - math.pow(1.0 - variable.attack_time, 3.0) * 180.0) * (variable.is_brandishing_spear ? -1.0 : 1.0 )", "variable.is_brandishing_spear ? 0.0 : variable.attack_body_rot_y * 2.0", 0.0 ]
				}
			},
			"loop" : true
		},
		"animation.humanoid.base_pose.v1.0" : {
			"bones" : {
				"head" : {
					"rotation" : [ 0.0, "-this", 0.0 ]
				},
				"leftarm" : {
					"position" : [ "5.0 - this", 0.0, "-this" ],
					"rotation" : [ "-this", "-this", "-this" ]
				},
				"leftleg" : {
					"rotation" : [ "-this", "-this", 0.0 ]
				},
				"rightarm" : {
					"position" : [ "-5.0 - this", 0.0, "-this" ],
					"rotation" : [ "-this", "-this", "-this" ]
				},
				"rightleg" : {
					"rotation" : [ "-this", "-this", 0.0 ]
				},
				"waist" : {
					"rotation" : [ "-this", "-this", "-this" ]
				}
			},
			"loop" : true
		},
		"animation.humanoid.bob.v1.0" : {
			"bones" : {
				"leftarm" : {
					"rotation" : [ 0.0, 0.0, "-(math.cos(query.life_time * 103.2) * 2.865) - 2.865" ]
				},
				"leftleg" : {
					"rotation" : [ "-math.sin(query.life_time * 76.8) * 2.865", 0.0, 0.0 ]
				},
				"rightarm" : {
					"rotation" : [ 0.0, 0.0, "(math.cos(query.life_time * 103.2) * 2.865) + 2.865" ]
				}
			},
			"loop" : true
		},
		"animation.humanoid.bow_and_arrow.v1.0" : {
			"bones" : {
				"leftarm" : {
					"rotation" : [ "query.target_x_rotation - 90.0 - math.sin(query.life_time * 76.8) * 2.865 - this", "query.target_y_rotation + 28.65", "-(math.cos(query.life_time * 103.2) * 2.865) - 2.865" ]
				},
				"rightarm" : {
					"rotation" : [ "query.target_x_rotation - 90.0 + math.sin(query.life_time * 76.8) * 2.865 - this", "query.target_y_rotation - 5.73", "(math.cos(query.life_time * 103.2) * 2.865) + 2.865" ]
				}
			},
			"loop" : true
		},
		"animation.humanoid.brandish_spear.v1.0" : {
			"bones" : {
				"rightarm" : {
					"rotation" : [ "this * -0.5 - 157.5 - 22.5 * variable.charge_amount", "-this - variable.attack_body_rot_y", 0.0 ]
				}
			},
			"loop" : true
		},
		"animation.humanoid.charging.v1.0" : {
			"bones" : {
				"rightarm" : {
					"rotation" : [ "22.5 * variable.charge_amount - this", "-this", 0.0 ]
				}
			},
			"loop" : true
		},
		"animation.humanoid.damage_nearby_mobs.v1.0" : {
			"bones" : {
				"leftarm" : {
					"rotation" : [ -45.0, 0.0, 0.0 ]
				},
				"leftleg" : {
					"rotation" : [ 45.0, 0.0, 0.0 ]
				},
				"rightarm" : {
					"rotation" : [ 45.0, 0.0, 0.0 ]
				},
				"rightleg" : {
					"rotation" : [ -45.0, 0.0, 0.0 ]
				}
			},
			"loop" : true,
			"override_previous_animation" : true
		},
		"animation.humanoid.holding.v1.0" : {
			"bones" : {
				"leftarm" : {
					"rotation" : [ "variable.is_holding_left ? (-this * 0.5 - 18.0) : 0.0", 0.0, 0.0 ]
				},
				"rightarm" : {
					"rotation" : [ "variable.is_holding_right ? (-this * 0.5 - 18.0) : 0.0", 0.0, 0.0 ]
				}
			},
			"loop" : true
		},
		"animation.humanoid.look_at_target.default.v1.0" : {
			"bones" : {
				"hat" : {
					"rotation" : [ "query.target_x_rotation", "query.target_y_rotation", 0.0 ]
				},
				"head" : {
					"rotation" : [ "query.target_x_rotation", "query.target_y_rotation", 0.0 ]
				}
			},
			"loop" : true
		},
		"animation.humanoid.look_at_target.gliding.v1.0" : {
			"bones" : {
				"hat" : {
					"rotation" : [ -45.0, "query.target_y_rotation", 0.0 ]
				},
				"head" : {
					"rotation" : [ -45.0, "query.target_y_rotation", 0.0 ]
				}
			},
			"loop" : true
		},
		"animation.humanoid.look_at_target.swimming.v1.0" : {
			"bones" : {
				"hat" : {
					"rotation" : [ "math.lerp(query.target_x_rotation, -45.0, variable.swimamount)", "query.target_y_rotation", 0.0 ]
				},
				"head" : {
					"rotation" : [ "math.lerp(query.target_x_rotation, -45.0, variable.swim_amount)", "query.target_y_rotation", 0.0 ]
				}
			},
			"loop" : true
		},
		"animation.humanoid.move.v1.0" : {
			"bones" : {
				"leftarm" : {
					"rotation" : [ "variable.tcos0", 0.0, 0.0 ]
				},
				"leftleg" : {
					"rotation" : [ "variable.tcos1 * 1.4", 0.0, 0.0 ]
				},
				"rightarm" : {
					"rotation" : [ "variable.tcos1", 0.0, 0.0 ]
				},
				"rightleg" : {
					"rotation" : [ "variable.tcos0 * 1.4", 0.0, 0.0 ]
				}
			},
			"loop" : true
		},
		"animation.humanoid.riding.arms.v1.0" : {
			"bones" : {
				"leftarm" : {
					"rotation" : [ -36.0, 0.0, 0.0 ]
				},
				"rightarm" : {
					"rotation" : [ -36.0, 0.0, 0.0 ]
				}
			},
			"loop" : true
		},
		"animation.humanoid.riding.legs.v1.0" : {
			"bones" : {
				"leftleg" : {
					"rotation" : [ -72.0, -18.0, 0.0 ]
				},
				"rightleg" : {
					"rotation" : [ -72.0, 18.0, 0.0 ]
				}
			},
			"loop" : true,
			"override_previous_animation" : true
		},
		"animation.humanoid.sneaking.v1.0" : {
			"bones" : {
				"body" : {
					"rotation" : [ "0.5 - this", 0.0, 0.0 ]
				},
				"head" : {
					"position" : [ 0.0, 1.0, 0.0 ]
				},
				"leftarm" : {
					"rotation" : [ 72.0, 0.0, 0.0 ]
				},
				"leftleg" : {
					"position" : [ 0.0, -3.0, 4.0 ]
				},
				"rightarm" : {
					"rotation" : [ 72.0, 0.0, 0.0 ]
				},
				"rightleg" : {
					"position" : [ 0.0, -3.0, 4.0 ]
				}
			},
			"loop" : true
		},
		"animation.humanoid.swimming.v1.0" : {
			"animation_length" : 1.299999952316284,
			"bones" : {
				"leftarm" : {
					"rotation" : {
						"0.7" : {
							"post" : [ "math.lerp(this, 11.25 * variable.internal_swim_pos, variable.left_arm_swim_amount)", "math.lerp(this, 180.0, variable.left_arm_swim_amount)", "math.lerp(this, 72.77 + 13.4 * variable.internal_swim_pos, variable.left_arm_swim_amount)" ],
							"pre" : [ "math.lerp(this, 0.0, variable.left_arm_swim_amount)", "math.lerp(this, 180.0, variable.left_arm_swim_amount)", "math.lerp(this, 180.0 - 0.01877 * (-65.0 * variable.internal_swim_pos + variable.internal_swim_pos * variable.internal_swim_pos), variable.left_arm_swim_amount)" ]
						},
						"1.1" : [ "math.lerp(this, 11.25 * variable.internal_swim_pos, variable.left_arm_swim_amount)", "math.lerp(this, 180.0, variable.left_arm_swim_amount)", "math.lerp(this, 72.77 + 13.4 * variable.internal_swim_pos, variable.left_arm_swim_amount)" ],
						"1.3" : {
							"post" : [ "math.lerp(this, 90.0 - (22.5 * variable.internal_swim_pos), variable.left_arm_swim_amount)", "math.lerp(this, 180.0, variable.left_arm_swim_amount)", "math.lerp(this, 180.0, variable.left_arm_swim_amount)" ],
							"pre" : [ "math.lerp(this, 11.25 * variable.internal_swim_pos, variable.left_arm_swim_amount)", "math.lerp(this, 180.0, variable.left_arm_swim_amount)", "math.lerp(this, 72.77 + 13.4 * variable.internal_swim_pos, variable.left_arm_swim_amount)" ]
						}
					}
				},
				"leftleg" : {
					"rotation" : [ "math.lerp(this, math.cos(query.modified_distance_moved * 19.5 + 180.0) * 17.2, variable.left_arm_swim_amount)", 0.0, 0.0 ]
				},
				"rightarm" : {
					"rotation" : {
						"0.7" : {
							"post" : [ "math.lerp(this, 11.25 * variable.internal_swim_pos, variable.right_arm_swim_amount)", "math.lerp(this, 180.0, variable.right_arm_swim_amount)", "math.lerp(this, 72.77 + 13.4 * variable.internal_swim_pos, variable.right_arm_swim_amount)" ],
							"pre" : [ "math.lerp(this, 0.0, variable.right_arm_swim_amount)", "math.lerp(this, 180.0, variable.right_arm_swim_amount)", "math.lerp(this, -0.1019 * (-65.0 * variable.internal_swim_pos + variable.internal_swim_pos * variable.internal_swim_pos), variable.right_arm_swim_amount)" ]
						},
						"1.1" : [ "math.lerp(this, 11.25 * variable.internal_swim_pos, variable.right_arm_swim_amount)", "math.lerp(this, 180.0, variable.right_arm_swim_amount)", "math.lerp(this, 72.77 + 13.4 * variable.internal_swim_pos, variable.right_arm_swim_amount)" ],
						"1.3" : {
							"post" : [ "math.lerp(this, 90.0 - (22.5 * variable.internal_swim_pos), variable.right_arm_swim_amount)", "math.lerp(this, 180.0, variable.right_arm_swim_amount)", "math.lerp(this, 180.0, variable.right_arm_swim_amount)" ],
							"pre" : [ "math.lerp(this, 11.25 * variable.internal_swim_pos, variable.right_arm_swim_amount)", "math.lerp(this, 180.0, variable.right_arm_swim_amount)", "math.lerp(this, 72.77 + 13.4 * variable.internal_swim_pos, variable.right_arm_swim_amount)" ]
						}
					}
				},
				"rightleg" : {
					"rotation" : [ "math.lerp(this, math.cos(query.modified_distance_moved * 19.5) * 17.2, variable.left_arm_swim_amount)", 0.0, 0.0 ]
				}
			},
			"loop" : true
		},
		"animation.humanoid.use_item_progress.v1.0" : {
			"bones" : {
				"rightarm" : {
					"rotation" : [ "variable.useitemstartupprogress * -60.0 + variable.useitemintervalprogress * 11.25", "variable.useitemstartupprogress * -22.5 + variable.useitemintervalprogress * 11.25", "variable.useitemstartupprogress * -5.625 + variable.useitemintervalprogress * 11.25" ]
				}
			},
			"loop" : true
		},
		"animation.skeleton.attack.v1.0" : {
			"bones" : {
				"leftarm" : {
					"rotation" : [ "-68.75 * variable.attack2 + 22.92 * variable.attack", "5.73 - variable.attack2 * 34.38 - this", "-this" ]
				},
				"rightarm" : {
					"rotation" : [ "-68.75 * variable.attack2 + 22.92 * variable.attack", "-5.73 + variable.attack2 * 34.38 - this", "-this" ]
				}
			},
			"loop" : true
		}
	}
}
