{
  "format_version": "1.8.0",
  "geometry.squid": {
    "visible_bounds_width": 3,
    "visible_bounds_height": 2,
    "visible_bounds_offset": [ 0, 0.5, 0 ],
    "texturewidth": 64,
    "textureheight": 32,

    "bones": [
      {
        "name": "body",
        "pivot": [ 0.0, 6.0, 0.0 ],
        "cubes": [
          {
            "origin": [ -6, 0.0, -6 ],
            "size": [ 12, 16, 12 ],
            "uv": [ 0, 0 ]
          }
        ]
      },

      {
        "name": "tentacle1",
        "parent": "body",
        "pivot": [ 5.0, 0.0, 0.0 ],
        "cubes": [
          {
            "origin": [ 4.0, -17.0, -1.0 ],
            "size": [ 2, 18, 2 ],
            "uv": [ 48, 0 ]
          }
        ]
      },

      {
        "name": "tentacle2",
        "parent": "body",
        "pivot": [ 3.5, 0.0, 3.5 ],
        "cubes": [
          {
            "origin": [ 2.5, -17.0, 2.5 ],
            "size": [ 2, 18, 2 ],
            "uv": [ 48, 0 ]
          }
        ]
      },

      {
        "name": "tentacle3",
        "parent": "body",
        "pivot": [ 0.0, 0.0, 5.0 ],
        "cubes": [
          {
            "origin": [ -1.0, -17.0, 4.0 ],
            "size": [ 2, 18, 2 ],
            "uv": [ 48, 0 ]
          }
        ]
      },

      {
        "name": "tentacle4",
        "parent": "body",
        "pivot": [ -3.5, 0.0, 3.5 ],
        "cubes": [
          {
            "origin": [ -4.5, -17.0, 2.5 ],
            "size": [ 2, 18, 2 ],
            "uv": [ 48, 0 ]
          }
        ]
      },

      {
        "name": "tentacle5",
        "parent": "body",
        "pivot": [ -5.0, 0.0, 0.0 ],
        "cubes": [
          {
            "origin": [ -6.0, -17.0, -1.0 ],
            "size": [ 2, 18, 2 ],
            "uv": [ 48, 0 ]
          }
        ]
      },

      {
        "name": "tentacle6",
        "parent": "body",
        "pivot": [ -3.5, 0.0, -3.5 ],
        "cubes": [
          {
            "origin": [ -4.5, -17.0, -4.5 ],
            "size": [ 2, 18, 2 ],
            "uv": [ 48, 0 ]
          }
        ]
      },

      {
        "name": "tentacle7",
        "parent": "body",
        "pivot": [ 0.0, 0.0, -5.0 ],
        "cubes": [
          {
            "origin": [ -1.0, -17.0, -6.0 ],
            "size": [ 2, 18, 2 ],
            "uv": [ 48, 0 ]
          }
        ]
      },

      {
        "name": "tentacle8",
        "parent": "body",
        "pivot": [ 3.5, 0.0, -3.5 ],
        "cubes": [
          {
            "origin": [ 2.5, -17.0, -4.5 ],
            "size": [ 2, 18, 2 ],
            "uv": [ 48, 0 ]
          }
        ]
      }
    ]
  }
}