{
	"format_version" : "1.8.0",
	"animations" : {
		"animation.cow.baby_transform" : {
			"bones" : {
				"head" : {
					"position" : [ 0.0, "query.is_baby ? 4.0 : 0.0", "query.is_baby ? 4.0 : 0.0" ],
					"scale" : "query.is_baby ? 2.0 : 1.0"
				}
			},
			"loop" : true
		},
		"animation.cow.setup" : {
			"bones" : {
				"body" : {
					"rotation" : [ "-this", 0.0, 0.0 ]
				}
			},
			"loop" : true
		},
		"animation.cow.setup.v1.0" : {
			"bones" : {
				"body" : {
					"rotation" : [ "90 - this", 0.0, 0.0 ]
				}
			},
			"loop" : true
		}
	}
}
