{
	"format_version" : "1.8.0",
	"animations" : {
		"animation.magma_cube.move" : {
			"bones" : {
				"bodycube_0" : {
					"position" : [ 0.0, "3.0 * (variable.slime_squish_factor < 0.0 ? 0.0 : variable.slime_squish_factor) * 1.7", 0.0 ]
				},
				"bodycube_1" : {
					"position" : [ 0.0, "2.0 * (variable.slime_squish_factor < 0.0 ? 0.0 : variable.slime_squish_factor) * 1.7", 0.0 ]
				},
				"bodycube_2" : {
					"position" : [ 0.0, "1.0 * (variable.slime_squish_factor < 0.0 ? 0.0 : variable.slime_squish_factor) * 1.7", 0.0 ]
				},
				"bodycube_4" : {
					"position" : [ 0.0, "-1.0 * (variable.slime_squish_factor < 0.0 ? 0.0 : variable.slime_squish_factor) * 1.7", 0.0 ]
				},
				"bodycube_5" : {
					"position" : [ 0.0, "-2.0 * (variable.slime_squish_factor < 0.0 ? 0.0 : variable.slime_squish_factor) * 1.7", 0.0 ]
				},
				"bodycube_6" : {
					"position" : [ 0.0, "-3.0 * (variable.slime_squish_factor < 0.0 ? 0.0 : variable.slime_squish_factor) * 1.7", 0.0 ]
				},
				"bodycube_7" : {
					"position" : [ 0.0, "-4.0 * (variable.slime_squish_factor < 0.0 ? 0.0 : variable.slime_squish_factor) * 1.7", 0.0 ]
				}
			},
			"loop" : true
		}
	}
}
