{
	"format_version" : "1.8.0",
	"animations" : {
		"animation.squid.move" : {
			"anim_time_update" : "query.modified_distance_moved",
			"bones" : {
				"body" : {
					"position" : [ 0.0, "query.is_in_water ? 0.0 : (query.is_baby ? 3.2 : 6.4)", 0.0 ]
				},
				"tentacle1" : {
					"rotation" : [ "variable.squid.tentacleangle - this", "90.0 - this", 0.0 ]
				},
				"tentacle2" : {
					"rotation" : [ "variable.squid.tentacleangle - this", "45.0 - this", 0.0 ]
				},
				"tentacle3" : {
					"rotation" : [ "variable.squid.tentacleangle - this", "0.0 - this", 0.0 ]
				},
				"tentacle4" : {
					"rotation" : [ "variable.squid.tentacleangle - this", "-45.0 - this", 0.0 ]
				},
				"tentacle5" : {
					"rotation" : [ "variable.squid.tentacleangle - this", "-90.0 - this", 0.0 ]
				},
				"tentacle6" : {
					"rotation" : [ "variable.squid.tentacleangle - this", "-135.0 - this", 0.0 ]
				},
				"tentacle7" : {
					"rotation" : [ "variable.squid.tentacleangle - this", "-180.0 - this", 0.0 ]
				},
				"tentacle8" : {
					"rotation" : [ "variable.squid.tentacleangle - this", "-225.0 - this", 0.0 ]
				}
			},
			"loop" : true
		},
		"animation.squid.rotate" : {
			"anim_time_update" : "query.modified_distance_moved",
			"bones" : {
				"body" : {
					"rotation" : [ 90.0, 0.0, "variable.squid.zbodyrotation" ]
				}
			},
			"loop" : true
		}
	}
}
