{
  "namespace": "mashup_home",

  "home_tab_content": {
    "type": "panel",
    "size": [ "100%", "100%" ],
    "controls": [
      {
        "border@common.focus_border_white": {
          "size": [ "100%", "100%" ],
          "color": [ 0, 0, 0 ],
          "controls": [
            {
              "key_art": {
                "type": "image",
                "size": [ "100% - 2px", "100% - 2px" ],
                "bindings": [
                  {
                    "binding_name": "#mashup_key_art_texture",
                    "binding_name_override": "#texture"
                  },
                  {
                    "binding_name": "#mashup_key_art_file_system",
                    "binding_name_override": "#texture_file_system"
                  }
                ]
              }
            }
          ]
        }
      }
    ]
  }
}