{
  "namespace": "third_party_store",

  //--------------------------------------------------------------------------------
  // Screen
  //--------------------------------------------------------------------------------

  "third_party_store_screen@common.base_screen": {
    "allow_scroll_override": false,
    "button_mappings": [
      {
        "from_button_id": "button.menu_cancel",
        "to_button_id": "button.menu_exit",
        "mapping_type": "global"
      }
    ],
    "$default_text_color": [ 0.3, 0.3, 0.3 ],
    "$screen_content": "store.store_screen_content"
  }
}