{
  "minecraft:entity": {
    "format_version": "1.1.0",

    "components": {
      "minecraft:identifier": {
        "id": "minecraft:dragon_fireball"
      },
      "minecraft:collision_box": {
        "width": 0.31,
        "height": 0.31
      },

      "minecraft:projectile": {
        "onHit": {
          "spawn_aoe_cloud": {
            "radius": 6.0,
            "radius_on_use": 0,
            "potion": 23,
            "particle": "dragonbreath",
            "duration": 120,
            "color": [ 220, 0, 239 ],
            "affect_owner": false
          },
          "remove_on_hit": { }
        },
        "power": 1.3,
        "gravity": 0.00,
        "inertia": 1,
        "anchor": 2,
        "offset": [ 0, 0.5, 0 ],
        "semirandomdiffdamage": true,
        "uncertaintyBase": 10.0,
        "reflectOnHurt": true,
        "hitSound": "explode"
      }
    }
  }
}