{
  "minecraft:entity": {
    "format_version": "1.1.0",

    "components": {
      "minecraft:identifier": {
        "id": "minecraft:minecart"
      },
      "minecraft:is_stackable": {
      },
      "minecraft:type_family": {
        "family": [ "minecart" ]
      },
      "minecraft:collision_box": {
        "width": 0.98,
        "height": 0.7
      },
      "minecraft:rail_movement": {
      },
      "minecraft:rideable": {
        "seat_count": 1,
        "interact_text": "action.interact.ride.minecart",
        "seats": {
          "position": [ 0.0, -0.2, 0.0 ]
        }
      },
      "minecraft:rail_sensor": {
        "eject_on_activate": true
      }
    }
  }
}
