{
  "minecraft:entity": {
    "format_version": "1.1.0",

    "component_groups": {
      "minecraft:primed_tnt": {
        "minecraft:explode": {
          "fuseLength": 4,
          "fuseLit": true,
          "power": 3,
          "causesFire": false
        },
        "minecraft:rail_sensor": {
        },
        "minecraft:is_ignited": {
        }
      },
      "minecraft:inactive": {
        "minecraft:rail_sensor": {
          "on_activate": {
            "event": "minecraft:on_prime"
          }
        },
        "minecraft:interact": [
          {
            "on_interact": {
              "filters": {
                "other_with_item": [
                  "flint_and_steel",
                  "fireball:0"
                ],
                "other_with_families": "player"
              },
              "event": "minecraft:on_prime",
              "target": "self"
            },
            "swing": true,
            "play_sounds": "ignite",
            "interact_text": "action.interact.creeper"
          },
          {
            "on_interact": {
              "filters": {"other_with_components": "fire_aspect"},
              "event": "minecraft:on_prime",
              "target": "self"
            },
            "swing": true,
            "interact_text": "action.interact.creeper"
          }
        ]
      }
    },

    "components": {
      "minecraft:identifier": {
        "id": "minecraft:tnt_minecart"
      },
      "minecraft:type_family": {
        "family": [ "minecart" ]
      },
      "minecraft:collision_box": {
        "width": 0.98,
        "height": 0.7
      },
      "minecraft:rail_movement": {
      },
      "minecraft:is_stackable": {
      }
    },

    "events": {
      "minecraft:entity_spawned": {
        "add": {
          "component_groups": [
            "minecraft:inactive"
          ]
        }
      },
      "minecraft:on_prime": {
        "remove": {
          "component_groups": [
            "minecraft:inactive"
          ]
        },
        "add": {
          "component_groups": [
            "minecraft:primed_tnt"
          ]
        }
      }
    }

  }
}
