{
  "minecraft:entity": {
    "format_version": "1.1.0",

    "component_groups": {
      "minecraft:zombie_horse_leashed": {
        "minecraft:behavior.move_towards_restriction": {
          "priority": 2,
          "speed_multiplier": 1.0
        }
      }
    },

    "components": {
      "minecraft:identifier": {
        "id": "minecraft:zombie_horse"
      },
      "minecraft:type_family": {
        "family": [ "zombiehorse", "undead" ]
      },
      "minecraft:breathable": {
        "totalSupply": 15,
        "suffocateTime": 0
      },
      "minecraft:collision_box": {
        "width": 1.4,
        "height": 1.6
      },
      "minecraft:health": {
        "value": 15,
        "max": 15
      },
      "minecraft:loot": {
        "table": "loot_tables/entities/zombie_horse.json"
      },
      "minecraft:movement": {
        "value": 0.2
      },
      "minecraft:navigation.walk": {
        "can_float": true,
        "avoid_water": true
      },
      "minecraft:movement.basic": {
      },
      "minecraft:jump.static": {
      },
      "minecraft:nameable": {
      },
      "minecraft:is_tamed": {
      },
      "minecraft:horse.jump_strength": {
        "value": {
          "range_min": 0.4, 
          "range_max": 1.0
        }
      },
      "minecraft:leashable": {
        "soft_distance": 4.0,
        "hard_distance": 6.0,
        "max_distance": 10.0,
        "on_leash": {
          "event": "minecraft:on_leash",
          "target": "self"
        },
        "on_unleash": {
          "event": "minecraft:on_unleash",
          "target": "self"
        }
      },
      "minecraft:behavior.float": {
        "priority": 0
      },
      "minecraft:behavior.panic": {
        "priority": 1,
        "speed_multiplier": 1.2
      },
      "minecraft:behavior.random_stroll": {
        "priority": 6,
        "speed_multiplier": 0.7
      },
      "minecraft:behavior.look_at_player": {
        "priority": 7,
        "look_distance": 6.0,
        "probability": 0.02
      },
      "minecraft:behavior.random_look_around": {
        "priority": 8
      },

      "minecraft:rideable": {
        "priority": 0,
        "seat_count": 1,
        "family_types": [
          "zombie"
        ],
        "interact_text": "action.interact.ride.horse",
        "seats": {
          "position": [0.0, 1.2, -0.2]
        }
      },
      "minecraft:behavior.mount_pathing": {
        "priority": 2,
        "speed_multiplier": 1.5,
        "target_dist": 0.0,
        "track_target": true
      },
      "minecraft:behavior.player_ride_tamed": {

      }
    },

    "events": {
      "minecraft:on_leash": {
        "add": {
          "component_groups": [
            "minecraft:zombie_horse_leashed"
          ]
        }
      },
      "minecraft:on_unleash": {
        "remove": {
          "component_groups": [
            "minecraft:zombie_horse_leashed"
          ]
        }
      }
    }
  }
}