{
    "version" : 1,
    "fonts" : [
      {
        "font_format": "ttf",
        "font_name": "MinecraftTen",
        "version": 1,
        "font_file": "font/minecraft-ten",
        "lowPerformanceCompatible": false
      },
      {
        "font_format" : "msdf",
        "font_name" : "OldSmoothFont",
        "font_file" : "font/smooth/smooth_"
      }
    ],
    "font_aliases" : [
      {
        "alias" : "SmoothFontLatin", 

        "fonts" : [
          {
            "font_reference" : "OldSmoothFont"
          },
          {
            "font_reference" : "unicode",
            "font_ranges" : [
              { "first" : 57344, "last" : 63743 }
            ]
          }
        ]
      },
      {
        "alias" : "MinecraftTenEmoticon",        
        "fonts": [
          {
            "font_reference": "MinecraftTen"
          },
          {
            "font_reference": "unicode",
            "font_ranges": [
              {
                "first": 57344,
                "last": 63743
              }
            ]
          }
        ]
      }
    ]    
}
