{
  "format_version": "1.8.0",
  "animations": {
    "animation.iron_golem.walk": {
      "loop": true,
      "bones": {
        "leg0": { "rotation": [ "(Math.cos(query.modified_distance_moved * 38.17) * 40.0)", 0.0, 0.0 ] },
        "leg1": { "rotation": [ "(Math.cos(query.modified_distance_moved * 38.17 + 180) * 40.0)", 0.0, 0.0 ] }
      }
    },
    "animation.iron_golem.move": {
      "loop": true,
      "bones": {
        "arm0": { "rotation": [ "7.4 - ((1.5 * Math.abs(Math.mod(query.modified_distance_moved, 13) - 6.5) - 3.25) / 3.25) * query.modified_move_speed * 23.75", 0.0, 0.0 ] },
        "arm1": { "rotation": [ "7.4 - ((1.5 * Math.abs(Math.mod(query.modified_distance_moved, 13) - 6.5) - 3.25) / 3.25) * -query.modified_move_speed * 23.75", 0.0, 0.0 ] }
      }
    },
    "animation.iron_golem.attack": {
      "loop": true,
      "bones": {
        "arm0": { "rotation": [ "-114 + ((1.5 * Math.abs(Math.mod(variable.attack_animation_tick - query.frame_alpha, 10) - 5) - 2.5) / 5) * 57.3", 0, 0 ] },
        "arm1": { "rotation": [ "-114 + ((1.5 * Math.abs(Math.mod(variable.attack_animation_tick - query.frame_alpha, 10) - 5) - 2.5) / 5) * 57.3", 0, 0 ] }
      }
    },
    "animation.iron_golem.flower": {
      "loop": true,
      "bones": {
        "arm0": { "rotation": [ "-45.8 + ((0.25 * Math.abs(Math.mod(variable.offer_flower_tick, 70) - 35) - 17.5) / 35)", 0, 0 ] }
      }
    }
  }
}