{
  "format_version": "1.8.0",
  "animations": {
    "animation.ocelot_v1.0.baby_transform": {
      "loop": true,
      "bones": {
        "head": {
          "scale": 1.5
        }
      }
    },
    "animation.ocelot_v1.0.setup": {
      "loop": true,
      "bones": {
        "body": {
          "rotation": [ "-this", 0.0, 0.0 ],
          "position": [ 0.0, "-12.0 - this", "-10.0 - this" ]
        },
        "head": { "position": [ 0.0, "-15 - this", "-9 - this" ] },
        "tail1": {
          "position": [ 0.0, "-15 - this", "8 - this" ],
          "rotation": [ "51.57 - this", 0.0, 0.0 ]
        },
        "tail2": {
          "position": [ 0.0, "-20 - this", "14 - this" ],
          "rotation": [ "-this", 0.0, 0.0 ]
        },
        "frontLegL": { "position": [ 0.0, "-13.8 - this", "-5 - this" ] },
        "frontLegR": { "position": [ 0.0, "-13.8 - this", "-5 - this" ] },
        "backLegL": { "position": [ 0.0, "-18 - this", "5 - this" ] },
        "backLegR": { "position": [ 0.0, "-18 - this", "5 - this" ] }
      }
    },
    "animation.ocelot_v1.0.sneak": {
      "loop": true,
      "bones": {
        "body": { "position": [ 0.0, -1.0, 0.0 ] },
        "head": { "position": [ 0.0, -2.0, 0.0 ] },
        "tail1": {
          "position": [ 0.0, -1.0, 0.0 ],
          "rotation": [ "90.0 - this", 0.0, 0.0 ]
        },
        "tail2": {
          "position": [ 0.0, 4.0, 2.0 ],
          "rotation": [ "99.0 + 45.0 * Math.cos(query.modified_distance_moved * 57.3) * query.modified_move_speed - this", 0.0, 0.0 ]
        },
        "frontLegL": { "rotation": [ "Math.cos(query.modified_distance_moved * 38.17 + 180.0)* 57.3 * query.modified_move_speed", 0.0, 0.0 ] },
        "frontLegR": { "rotation": [ "Math.cos(query.modified_distance_moved * 38.17) * 57.3 * query.modified_move_speed", 0.0, 0.0 ] },
        "backLegL": { "rotation": [ "Math.cos(query.modified_distance_moved * 38.17) * 57.3 * query.modified_move_speed", 0.0, 0.0 ] },
        "backLegR": { "rotation": [ "Math.cos(query.modified_distance_moved * 38.17 + 180.0)* 57.3 * query.modified_move_speed", 0.0, 0.0 ] }
      }
    },
    "animation.ocelot_v1.0.sprint": {
      "loop": true,
      "bones": {
        "tail1": { "rotation": [ "90.0 - this", 0.0, 0.0 ] },
        "tail2": {
          "position": [ 0.0, 5.0, 2.0 ],
          "rotation": [ "99.0 + 18.0 * Math.cos(query.modified_distance_moved * 57.3) * query.modified_move_speed", 0.0, 0.0 ]
        },
        "frontLegL": { "rotation": [ "Math.cos(query.modified_distance_moved * 38.17 + 180.0 + 17.19) * 57.3 * query.modified_move_speed", 0.0, 0.0 ] },
        "frontLegR": { "rotation": [ "Math.cos(query.modified_distance_moved * 38.17 + 180.0) * 57.3 * query.modified_move_speed", 0.0, 0.0 ] },
        "backLegL": { "rotation": [ "Math.cos(query.modified_distance_moved * 38.17)* 57.3 * query.modified_move_speed", 0.0, 0.0 ] },
        "backLegR": { "rotation": [ "Math.cos(query.modified_distance_moved * 38.17 + 17.19)* 57.3 * query.modified_move_speed", 0.0, 0.0 ] }
      }
    },
    "animation.ocelot_v1.0.sit": {
      "loop": true,
      "bones": {
        "body": {
          "position": [ 0.0, 4.0, 5.0 ],
          "rotation": [ -45.0, 0.0, 0.0 ]
        },
        "head": {
          "position": [ 0.0, 3.3, 1.0 ]
        },
        "tail1": {
          "position": [ 0.0, -8.0, -2.0 ],
          "rotation": [ "99.0 - this", 0.0, 0.0 ]
        },
        "tail2": {
          "position": [ 0.0, -2.0, -0.8 ],
          "rotation": [ "153.0 - this", 0.0, 0.0 ]
        },
        "frontLegL": {
          "position": [ 0.0, -2.0, "-7 - this" ],
          "rotation": [ "-2.86", 0.0, 0.0 ]
        },
        "frontLegR": {
          "position": [ 0.0, -2.0, "-7 - this" ],
          "rotation": [ "-2.86", 0.0, 0.0 ]
        },
        "backLegL": {
          "position": [ 0.0, -3.0, -4.0 ],
          "rotation": [ "-90", 0.0, 0.0 ]
        },
        "backLegR": {
          "position": [ 0.0, -3.0, -4.0 ],
          "rotation": [ "-90", 0.0, 0.0 ]
        }
      }
    },
    "animation.ocelot_v1.0.walk": {
      "loop": true,
      "bones": {
        "frontLegL": { "rotation": [ "Math.cos(query.modified_distance_moved * 38.17 + 180.0) * 57.3 * query.modified_move_speed", 0.0, 0.0 ] },
        "frontLegR": { "rotation": [ "Math.cos(query.modified_distance_moved * 38.17) * 57.3 * query.modified_move_speed", 0.0, 0.0 ] },
        "backLegL": { "rotation": [ "Math.cos(query.modified_distance_moved * 38.17) * 57.3 * query.modified_move_speed", 0.0, 0.0 ] },
        "backLegR": { "rotation": [ "Math.cos(query.modified_distance_moved * 38.17 + 180.0) * 57.3 * query.modified_move_speed", 0.0, 0.0 ] },
        "tail2": { "rotation": [ "99.0 + 45.0 * Math.cos(query.modified_distance_moved * 57.3) * query.modified_move_speed", 0.0, 0.0 ] }
      }
    }
  }
}
