{
  "format_version": "1.8.0",
  "animations": {
    "animation.panda.unhappy": {
      "loop": true,
      "bones": {
        "head": {
          "rotation": [ 0.0, "(Math.sin(query.life_time * 327.6) * 20) - this", "(Math.sin(query.life_time * 327.6) * 20) - this" ]
        },
        "leg2": {
          "rotation": [ "(Math.sin(query.life_time * 343.8) * -43) - this", 0.0, 0.0 ]
        },
        "leg3": {
          "rotation": [ "(Math.sin(query.life_time * 343.8) * 43) - this", 0.0, 0.0 ]
        }
      }
    },
    "animation.panda.sneezing": {
      "loop": true,
      "bones": {        
        "head": {
          "rotation": [ "(query.sneeze_counter < 15) ? (-45 * (query.sneeze_counter / 14)) : (-45 + (9 * (query.sneeze_counter - 15)) - this)", 0.0, 0.0 ]        
        }
      }
    },
    "animation.panda.sitting": {
      "loop": true,
      "bones": {
        "body": {
          "rotation": [ "(query.is_scared * Math.cos(query.life_time * 71.62) * 16.2) + (query.sit_amount * -90) - this", 0.0, 0.0 ]
        },
        "head": {
          "rotation": [ "query.is_eating ? (90 + 11.5 * Math.sin(query.life_time * 750)) : (query.sit_amount * (100 - this)) - this", 0.0, 0.0 ]
        },
        "leg0": {
          "rotation": [ 0.0, 0.0, "32.7 - this" ]
        },
        "leg1": {
          "rotation": [ 0.0, 0.0, "-32.7 - this" ]
        },
        "leg2": {
          "rotation": [ "(query.is_eating ? (-23 - (16.5 * Math.sin(query.life_time * 750))) : 0) - this", 0.0, -15 ]
        },
        "leg3": {
          "rotation": [ "(query.is_eating ? (-23 - (16.5 * Math.sin(query.life_time * 750))) : 0) - this", 0.0, 15 ]
        }
      }
    },
    "animation.panda.rolling": {
      "loop": true,
      "bones": {
        "body": {
          "rotation": [ "(query.roll_counter / 32) * 360", 0.0, 0.0 ]
        },
        "head": {
          "rotation": [ "(this * -118) + query.roll_counter - this", 0.0, 0.0 ]
        },
        "leg0": {
          "rotation": [ "Math.sin(query.life_time * 60 * (query.is_baby ? 0.95 : 0.5) * 57.3) * 8.6 - this", 0.0, 0.0 ]
        },
        "leg1": {
          "rotation": [ "Math.sin(query.life_time * 60 * (query.is_baby ? 0.95 : 0.5) * 57.3) * -8.6 - this", 0.0, 0.0 ]
        },
        "leg2": {
          "rotation": [ "Math.sin(query.life_time * 60 * (query.is_baby ? 0.95 : 0.5) * 57.3) * -8.6 - this", 0.0, 0.0 ]
        },
        "leg3": {
          "rotation": [ "Math.sin(query.life_time * 60 * (query.is_baby ? 0.95 : 0.5) * 57.3) * 8.6 - this", 0.0, 0.0 ]
        }
      }
    },
    "animation.panda.lying": {
      "loop": true,
      "bones": {
        "body": {
          "rotation": [ "query.lie_amount * -180 - this", 0.0, 0.0 ],
          "position": [ 0.0, "(query.is_baby ? 0.5 : 1.3) * query.lie_amount * -12 - this", 0.0 ]
        },
        "head": {
          "rotation": [ "(query.lie_amount * 90) - this", 0.0, 0.0 ]
        },
        "leg0": {
          "rotation": [ "Math.sin(query.life_time * 206.28) * -17.2 - this", 0.0, 0.0 ]
        },
        "leg1": {
          "rotation": [ "Math.sin(query.life_time * 263.58) * 17.2 - this", 0.0, 0.0 ]
        },
        "leg2": {
          "rotation": [ "Math.sin(query.life_time * 172) * 17.2 - this", 0.0, 0.0 ]
        },
        "leg3": {
          "rotation": [ "Math.sin(query.life_time * 229.2) * -17.2 - this", 0.0, 0.0 ]
        }
      }
    },
    "animation.panda.baby_transform": {
      "loop": true,
      "bones": {
        "head": {
          "scale": 1.8,
          "position": [ 0, -0.18, 0.15 ]
        },
        "body": {
          "scale": [ 1.15, 1.15, 1.0 ],
          "position": [ 0, -0.05, 0.0 ]
        }
      }
    }
  }
}