{
  "format_version": "1.8.0",
  "animations": {
    "animation.wither_skeleton.attack": {
      "loop": true,
      "bones": {
        "rightArm": {
          "rotation": [ "-90 - (variable.attack2 * 1.2 - variable.attack * 0.4) + variable.x_bob - this", "variable.attack2 * 0.6 - 5.73 - this", "variable.z_bob - this" ]
        },
        "leftArm": {
          "rotation": [ "-90 - (variable.attack2 * 1.2 - variable.attack * 0.4) - variable.x_bob - this", "5.73 - (variable.attack2 * 0.6) - this", "-variable.z_bob - this" ]
        }
      }
    }
  }
}