{
  "format_version": "1.8.0",
  "animation_controllers": {
    "controller.animation.blaze.move": {
      "states": {
        "default": {
          "animations": [
            { "move": [] },
            { "look_at_target": [] }
          ]
        }
      }
    },
    "controller.animation.blaze.flame": {
      "states": {
        "default": {
          "transitions": [
            { "flaming": "query.is_charged" }
          ]
        },
        "flaming": {
          "particle_effects": [
            {
              "effect": "charged_flames"
            }
          ],
          "transitions": [
            { "default": "!query.is_charged" }
          ]
        }
      }
    }
  }
}