{
  "format_version": "1.8.0",
  "animation_controllers": {
    "controller.animation.illager_beast.move": {
      "states": {
        "default": {
          "parameters": [
            "query.modified_move_speed"
          ],
          "animations": [
            {
              "walk": [
                {
                  "0.0": 0.0,
                  "1.0": 1.0
                }
              ]
            },
            {
              "look_at_target": []
            }
          ]
        }
      }
    },
    "controller.animation.illager_beast.head_movement": {
      "states": {
        "default": {
          "animations": [ { "idle_mouth": [] } ]
        }
      }
    }
  }
}