{
  "format_version": "1.10.0",
  "geometry.bow_standby": {
    "visible_bounds_width": 1,
    "visible_bounds_height": 1,
    "texturewidth": 16,
    "textureheight": 16,
    "bones": [
      {
        "name": "rightItem",
        "pivot": [ 0.0, 0.0, 0.0 ],
        "rotation": [ 0.0, 0.0, 0.0 ],
        "texture_meshes": [
          {
            "texture": "default",
            "position": [ 2.5, 1.0, -1.0 ],
            "local_pivot": [ 6.0, 0.0, 6.0 ],
            "rotation": [ 0.0, -135.0, 90.0 ]
          }
        ]
      }
    ]
  },
  "geometry.bow_pulling_0": {
    "visible_bounds_width": 1,
    "visible_bounds_height": 1,
    "bones": [
      {
        "name": "rightItem",
        "pivot": [ 0.0, 0.0, 0.0 ],
        "rotation": [ 0.0, 0.0, 0.0 ],
        "texture_meshes": [
          {
            "texture": "bow_pulling_0",
            "position": [ 2.5, 1.0, -1.0 ],
            "local_pivot": [ 6.0, 0.0, 6.0 ],
            "rotation": [ 0.0, -135.0, 90.0 ]
          }
        ]
      }
    ]
  },
  "geometry.bow_pulling_1": {
    "visible_bounds_width": 1,
    "visible_bounds_height": 1,
    "bones": [
      {
        "name": "rightItem",
        "pivot": [ 0.0, 0.0, 0.0 ],
        "rotation": [ 0.0, 0.0, 0.0 ],
        "texture_meshes": [
          {
            "texture": "bow_pulling_1",
            "position": [ 2.5, 1.0, -1.0 ],
            "local_pivot": [ 6.0, 0.0, 6.0 ],
            "rotation": [ 0.0, -135.0, 90.0 ]
          }
        ]
      }
    ]
  },
  "geometry.bow_pulling_2": {
    "visible_bounds_width": 1,
    "visible_bounds_height": 1,
    "bones": [
      {
        "name": "rightItem",
        "pivot": [ 0.0, 0.0, 0.0 ],
        "rotation": [ 0.0, 0.0, 0.0 ],
        "texture_meshes": [
          {
            "texture": "bow_pulling_2",
            "position": [ 2.5, 1.0, -1.0 ],
            "local_pivot": [ 6.0, 0.0, 6.0 ],
            "rotation": [ 0.0, -135.0, 90.0 ]
          }
        ]
      }
    ]
  }
}