{
  "format_version": "1.8.0",
  "animations": {
    "animation.armor_stand.default_pose": {
      "loop": true,
      "bones": {
        "head": { "rotation": [ "-this", "-this", "-this" ] },
        "body": { "rotation": [ "-this", "-this", "-this" ] },
        "rightArm": { "rotation": [ "-this - 15", "-this", "-this + 10" ] },
        "leftArm": { "rotation": [ "-this - 10", "-this", "-this - 10" ] },
        "rightLeg": { "rotation": [ "-this + 1", "-this", "-this + 1" ] },
        "leftLeg": { "rotation": [ "-this - 1", "-this", "-this - 1" ] },
        "rightItem": { "rotation": [ "-this", "-this", "-this" ] }
      }
    },
    "animation.armor_stand.no_pose": {
      "loop": true,
      "bones": {
        "head": { "rotation": [ "-this", "-this", "-this" ] },
        "body": { "rotation": [ "-this", "-this", "-this" ] },
        "rightArm": { "rotation": [ "-this", "-this", "-this" ] },
        "leftArm": { "rotation": [ "-this", "-this", "-this" ] },
        "rightLeg": { "rotation": [ "-this", "-this", "-this" ] },
        "leftLeg": { "rotation": [ "-this", "-this", "-this" ] },
        "rightItem": { "rotation": [ "-this", "-this", "-this" ] }
      }
    },
    "animation.armor_stand.solemn_pose": {
      "loop": true,
      "bones": {
        "head": { "rotation": [ "-this + 15", "-this", "-this" ] },
        "body": { "rotation": [ "-this", "-this", "-this + 2" ] },
        "rightArm": { "rotation": [ "-this - 60", "-this - 20", "-this - 10" ] },
        "leftArm": { "rotation": [ "-this - 30", "-this + 15", "-this + 15" ] },
        "rightLeg": { "rotation": [ "-this + 1", "-this", "-this + 1" ] },
        "leftLeg": { "rotation": [ "-this - 1", "-this", "-this - 1" ] },
        "rightItem": { "rotation": [ "-this", "-this", "-this" ] }
      }
    },
    "animation.armor_stand.athena_pose": {
      "loop": true,
      "bones": {
        "head": { "rotation": [ "-this - 5", "-this", "-this" ] },
        "body": { "rotation": [ "-this", "-this", "-this + 2" ] },
        "rightArm": { "rotation": [ "-this - 60", "-this + 20", "-this - 10" ] },
        "leftArm": { "rotation": [ "-this + 10", "-this", "-this - 5" ] },
        "rightLeg": { "rotation": [ "-this + 3", "-this + 3", "-this + 3" ] },
        "leftLeg": { "rotation": [ "-this - 3", "-this - 3", "-this - 3" ] },
        "rightItem": { "rotation": [ "-this", "-this", "-this" ] }
      }
    },
    "animation.armor_stand.brandish_pose": {
      "loop": true,
      "bones": {
        "head": { "rotation": [ "-this - 15", "-this", "-this" ] },
        "body": { "rotation": [ "-this", "-this", "-this - 2" ] },
        "rightArm": { "rotation": [ "-this - 110", "-this + 50", "-this" ] },
        "leftArm": { "rotation": [ "-this + 20", "-this", "-this - 10" ] },
        "rightLeg": { "rotation": [ "-this - 5", "-this + 3", "-this + 3" ] },
        "leftLeg": { "rotation": [ "-this + 5", "-this - 3", "-this - 3" ] },
        "rightItem": { "rotation": [ "-this", "-this", "-this" ] }
      }
    },
    "animation.armor_stand.honor_pose": {
      "loop": true,
      "bones": {
        "head": { "rotation": [ "-this - 15", "-this", "-this" ] },
        "body": { "rotation": [ "-this", "-this", "-this" ] },
        "rightArm": { "rotation": [ "-this - 110", "-this - 35", "-this" ] },
        "leftArm": { "rotation": [ "-this - 110", "-this + 35", "-this" ] },
        "rightLeg": { "rotation": [ "-this - 5", "-this + 3", "-this + 3" ] },
        "leftLeg": { "rotation": [ "-this + 5", "-this - 3", "-this - 3" ] },
        "rightItem": { "rotation": [ "-this", "-this", "-this" ] }
      }
    },
    "animation.armor_stand.entertain_pose": {
      "loop": true,
      "bones": {
        "head": { "rotation": [ "-this - 15", "-this", "-this" ] },
        "body": { "rotation": [ "-this", "-this", "-this" ] },
        "rightArm": { "rotation": [ "-this - 110", "-this + 35", "-this" ] },
        "leftArm": { "rotation": [ "-this - 110", "-this - 35", "-this" ] },
        "rightLeg": { "rotation": [ "-this - 5", "-this + 3", "-this + 3" ] },
        "leftLeg": { "rotation": [ "-this + 5", "-this - 3", "-this - 3" ] },
        "rightItem": { "rotation": [ "-this", "-this", "-this" ] }
      }
    },
    "animation.armor_stand.salute_pose": {
      "loop": true,
      "bones": {
        "head": { "rotation": [ "-this", "-this", "-this" ] },
        "body": { "rotation": [ "-this", "-this", "-this" ] },
        "rightArm": { "rotation": [ "-this - 70", "-this - 40", "-this" ] },
        "leftArm": { "rotation": [ "-this + 10", "-this", "-this - 5" ] },
        "rightLeg": { "rotation": [ "-this + 1", "-this", "-this + 1" ] },
        "leftLeg": { "rotation": [ "-this - 1", "-this", "-this - 1" ] },
        "rightItem": { "rotation": [ "-this", "-this", "-this" ] }
      }
    },
    "animation.armor_stand.riposte_pose": {
      "loop": true,
      "bones": {
        "head": { "rotation": [ "-this + 16", "-this + 20", "-this" ] },
        "body": { "rotation": [ "-this", "-this", "-this" ] },
        "rightArm": { "rotation": [ "-this + 246", "-this", "-this + 89" ] },
        "leftArm": { "rotation": [ "-this + 4", "-this + 8", "-this + 237" ] },
        "rightLeg": { "rotation": [ "-this + 8", "-this + 20", "-this + 4" ] },
        "leftLeg": { "rotation": [ "-this - 14", "-this - 18", "-this - 16" ] },
        "rightItem": { "rotation": [ "-this", "-this + 180", "-this" ] }
      }
    },
    "animation.armor_stand.zombie_pose": {
      "loop": true,
      "bones": {
        "head": { "rotation": [ "-this - 10", "-this", "-this - 5" ] },
        "body": { "rotation": [ "-this", "-this", "-this" ] },
        "rightArm": { "rotation": [ "-this - 100", "-this", "-this" ] },
        "leftArm": { "rotation": [ "-this - 105", "-this", "-this" ] },
        "rightLeg": { "rotation": [ "-this - 46", "-this", "-this" ] },
        "leftLeg": { "rotation": [ "-this + 7", "-this", "-this" ] },
        "rightItem": { "rotation": [ "-this", "-this", "-this" ] }
      }
    },
    "animation.armor_stand.cancan_a_pose": {
      "loop": true,
      "bones": {
        "head": { "rotation": [ "-this - 5", "-this + 18", "-this" ] },
        "body": { "rotation": [ "-this", "-this + 22", "-this" ] },
        "rightArm": { "rotation": [ "-this", "-this + 84", "-this + 111" ] },
        "leftArm": { "rotation": [ "-this + 8", "-this", "-this - 114" ] },
        "rightLeg": { "rotation": [ "-this", "-this + 23", "-this - 13" ] },
        "leftLeg": { "rotation": [ "-this - 111", "-this + 55", "-this" ] },
        "rightItem": { "rotation": [ "-this", "-this", "-this" ] }
      }
    },
    "animation.armor_stand.cancan_b_pose": {
      "loop": true,
      "bones": {
        "head": { "rotation": [ "-this - 10", "-this - 20", "-this" ] },
        "body": { "rotation": [ "-this", "-this - 18", "-this" ] },
        "rightArm": { "rotation": [ "-this + 8", "-this + 90", "-this + 111" ] },
        "leftArm": { "rotation": [ "-this", "-this", "-this - 112" ] },
        "rightLeg": { "rotation": [ "-this - 119", "-this - 42", "-this" ] },
        "leftLeg": { "rotation": [ "-this", "-this", "-this + 13" ] },
        "rightItem": { "rotation": [ "-this", "-this", "-this" ] }
      }
    },
    "animation.armor_stand.hero_pose": {
      "loop": true,
      "bones": {
        "head": { "rotation": [ "-this - 4", "-this + 67", "-this" ] },
        "body": { "rotation": [ "-this", "-this + 8", "-this" ] },
        "rightArm": { "rotation": [ "-this - 99", "-this + 63", "-this" ] },
        "leftArm": { "rotation": [ "-this + 16", "-this + 32", "-this - 8" ] },
        "rightLeg": { "rotation": [ "-this + 4", "-this + 63", "-this + 8" ] },
        "leftLeg": { "rotation": [ "-this", "-this - 75", "-this - 8" ] },
        "rightItem": { "rotation": [ "-this", "-this", "-this" ] }
      }
    },
    "animation.armor_stand.wiggle": {
      "loop": true,
      "bones": {
        "basePlate": { "rotation": [ 0, "math.sin((variable.armor_stand.hurt_time - query.frame_alpha) * 120) * 3", 0 ] }
      }
    }
  }
}