{
  "format_version": "1.8.0",
  "animations": {
    "animation.parrot.base": {
      "loop": true,
      "bones": {
        "feather": {
          "rotation": [ "-this", 0.0, 0.0 ]
        },
        "body": {
          "rotation": [ "-this", 0.0, 0.0 ],
          "position": [ "-this", 0.0, 0.0 ]
        },
        "wing0": {
          "rotation": [ "-40.0-this", "-180.0-this", 0.0 ],
          "position": [ "1.5-this", 0.0, 0.0 ]
        },
        "wing1": {
          "rotation": [ "-40.0-this", "-180.0-this", 0.0 ],
          "position": [ "-1.5-this", 0.0, 0.0 ]
        },
        "leg0": {
          "rotation": [ "-16.713-this", 0.0, "-this" ],
          "position": [ 0.0, "-6.0-this", -0.5 ]
        },
        "leg1": {
          "rotation": [ "-16.713-this", 0.0, "-this" ],
          "position": [ 0.0, "-6.0-this", -0.5 ]
        },
        "head": {
          "rotation": [ 0.0, 0.0, "-this" ],
          "position": [ "-this", 0.0, 0.0 ]
        },
        "tail": {
          "position": [ "-this", 0.0, 0.0 ]
        }
      }
    },
    "animation.parrot.dance": {
      "loop": true,
      "bones": {
        "head": {
          "rotation": [ "-this", "-this", "variable.dance.y*23.0 - this" ]
        },
        "body": {
          "position": [ "variable.dance.x-this", "variable.dance.y", 0.0 ]
        },
        "wing0": {
          "rotation": [ 0.0, 0.0, "-5.0 - variable.wing_flap" ]
        },
        "wing1": {
          "rotation": [ 0.0, 0.0, "5.0 + variable.wing_flap" ]
        },
        "leg0": {
          "rotation": [ 0.0, 0.0, "-20.0 - this" ],
          "position": [ "-variable.dance.x", "-variable.dance.y", 0.0 ]
        },
        "leg1": {
          "rotation": [ 0.0, 0.0, "20.0 - this" ],
          "position": [ "-variable.dance.x", "-variable.dance.y", 0.0 ]
        },
        "tail": {
          "rotation": [ "60.0 - this", 0.0, 0.0 ]
        }
      }
    },
    "animation.parrot.sitting": {
      "loop": true,
      "bones": {
        "body": {
          "position": [ 0.0, -1.9, 0.0 ]
        },
        "wing0": {
          "rotation": [ 0.0, 0.0, "-5.0-this" ]
        },
        "wing1": {
          "rotation": [ 0.0, 0.0, "5.0-this" ]
        },
        "tail": {
          "rotation": [ "90.0 - this", 0.0, 0.0 ]
        },
        "leg0": {
          "rotation": [ 90.0, 0.0, 0.0 ]
        },
        "leg1": {
          "rotation": [ 90.0, 0.0, 0.0 ]
        }
      }
    },
    "animation.parrot.flying": {
      "loop": true,
      "bones": {
        "leg0": {
          "rotation": [ "Math.cos(query.anim_time * 38.17) * 80.0", 0.0, 0.0 ]
        },
        "leg1": {
          "rotation": [ "Math.cos(query.anim_time * 38.17) * -80.0", 0.0, 0.0 ]
        }
      }
    },
    "animation.parrot.standing": {
      "loop": true,
      "bones": {
        "leg0": {
          "rotation": [ 20.0, 0.0, 0.0 ]
        },
        "leg1": {
          "rotation": [ 20.0, 0.0, 0.0 ]
        }
      }
    },
    "animation.parrot.moving": {
      "loop": true,
      "bones": {
        "body": {
          "position": [ 0.0, "variable.wing_flap * 0.3", 0.0 ]
        },
        "wing0": {
          "rotation": [ 0.0, 0.0, "-5.0 - variable.wing_flap * 57.3" ]
        },
        "wing1": {
          "rotation": [ 0.0, 0.0, "5.0 + variable.wing_flap * 57.3" ]
        },
        "tail": {
          "rotation": [ "60.0 + Math.cos(query.anim_time * 38.17) * 17.0 - this", 0.0, 0.0 ]
        }
      }
    }
  }
}