{
  "format_version": "1.8.0",
  "animations": {
    "animation.pig.setup.v1.0": {
      "loop": true,
      "bones": {
        "body": {
          "rotation": [ "90.0 - this", 0.0, 0.0 ]
        }
      }
    },
    "animation.pig.setup": {
      "loop": true,
      "bones": {
        "body": {
          "rotation": [ "-this", 0.0, 0.0 ]
        }
      }
    },
    "animation.pig.baby_transform": {
      "loop": true,
      "bones": {
        "head": {
          "scale": 2.0,
          "position": [ 0.0, 8.0, 4.0 ]
        }
      }
    },
    "animation.pig.idle": {
      "loop": true,
      "bones": {
        "head": {
          "scale": 4.0
        }
      }
    }
  }
}