{
  "format_version": "1.8.0",
  "animations": {
    "animation.tripod_camera.neutral": {
      "loop": true,
      "bones": {
        "body": { 
          "position": [ 0.0, "-this", 0.0 ]
        },
        "leg0": { 
          "rotation": [ "18 - this", 0.0, 0.0 ]
        },
        "leg1": { 
          "rotation": [ "-(18 + this)", 0.0, 0.0 ]
        },
        "leg2": { 
          "rotation": [ 0.0, 0.0, "18 - this" ]
        },
        "leg3": { 
          "rotation": [ 0.0, 0.0, "-(18 + this)" ]
        }
      }
    }
  }
}