{
  "format_version": "1.8.0",
  "geometry.armor_stand": {
    "visible_bounds_width": 1.5,
    "visible_bounds_height": 1,
    "visible_bounds_offset": [ 0, 0.5, 0 ],
    "texturewidth": 64,
    "textureheight": 64,
    "bones": [
      {
        "name": "body",
        "pivot": [ 0, 24, 0 ],
        "cubes": [
          {
            "origin": [ -6, 21, -1.5 ],
            "size": [ 12, 3, 3 ],
            "uv": [ 0, 26 ]
          },
          {
            "origin": [ -3, 14, -1 ],
            "size": [ 2, 7, 2 ],
            "uv": [ 16, 0 ]
          },
          {
            "origin": [ 1, 14, -1 ],
            "size": [ 2, 7, 2 ],
            "uv": [ 48, 16 ]
          },
          {
            "origin": [ -4, 12, -1 ],
            "size": [ 8, 2, 2 ],
            "uv": [ 0, 48 ]
          }
        ],
        "parent": "waist"
      },
      {
        "name": "waist",
        "neverRender": true,
        "pivot": [ 0.0, 12.0, 0.0 ],
        "parent": "basePlate"
      },
      {
        "name": "head",
        "pivot": [ 0, 24, 0 ],
        "cubes": [
          {
            "origin": [ -1, 24, -1 ],
            "size": [ 2, 7, 2 ],
            "uv": [ 0, 0 ]
          }
        ],
        "parent": "body"
      },
      {
        "name": "hat",
        "pivot": [ 0.0, 24.0, 0.0 ],
        "cubes": [
          {
            "origin": [ -4.0, 24.0, -4.0 ],
            "size": [ 8, 8, 8 ],
            "uv": [ 32, 0 ],
            "inflate": 0.5
          }
        ],
        "neverRender": true,
        "parent": "head"
      },
      {
        "name": "rightArm",
        "pivot": [ -5, 22, 0 ],
        "cubes": [
          {
            "origin": [ -7, 12, -1 ],
            "size": [ 2, 12, 2 ],
            "uv": [ 24, 0 ]
          }
        ],
        "parent": "body"
      },
      {
        "name": "rightItem",
        "pivot": [ -6, 14.5, 1 ],
        "neverRender": false,
        "parent": "rightArm"
      },
      {
        "name": "leftArm",
        "pivot": [ 5, 22, 0 ],
        "cubes": [
          {
            "origin": [ 5, 12, -1 ],
            "size": [ 2, 12, 2 ],
            "uv": [ 32, 16 ]
          }
        ],
        "parent": "body",
        "mirror": true
      },
      {
        "name": "leftItem",
        "pivot": [ 6, 14.5, 1 ],
        "neverRender": false,
        "parent": "leftArm"
      },
      {
        "name": "rightLeg",
        "pivot": [ -1.9, 12, 0 ],
        "cubes": [
          {
            "origin": [ -2.9, 1, -1 ],
            "size": [ 2, 11, 2 ],
            "uv": [ 8, 0 ]
          }
        ],
        "parent": "body"
      },
      {
        "name": "leftLeg",
        "pivot": [ 1.9, 12, 0 ],
        "cubes": [
          {
            "origin": [ 0.9, 1, -1 ],
            "size": [ 2, 11, 2 ],
            "uv": [ 40, 16 ]
          }
        ],
        "parent": "body",
        "mirror": true
      },
      {
        "name": "basePlate",
        "cubes": [
          {
            "origin": [ -6, 0, -6 ],
            "size": [ 12, 1, 12 ],
            "uv": [ 0, 32 ]
          }
        ]
      }
    ]
  }
}