{
  "format_version": "1.12.0",
  "minecraft:geometry": [
    {
      "description": {
        "identifier": "geometry.arrow",
        "texture_width": 32,
        "texture_height": 32
      },
      "bones": [
        {
          "name": "body",
          "pivot": [ 0.0, 1.0, 0.0 ],
          "cubes": [
            {
              "origin": [ 0.0, -1.5, -3.0 ],
              "size": [ 0, 5, 16 ],
              "uv": {
                "east": { "uv": [ 0, 0 ] }
              },
              "rotation": [ 0.0, 0.0, 45.0 ]
            },
            {
              "origin": [ 0.0, -1.5, -3.0 ],
              "size": [ 0, 5, 16 ],
              "uv": {
                "east": { "uv": [ 0, 0 ] }
              },
              "rotation": [ 0.0, 0.0, -45.0 ]
            },
            {
              "origin": [ -2.5, -1.5, 12.0 ],
              "size": [ 5, 5, 0 ],
              "uv": {
                "south": { "uv": [ 0, 5 ] }
              },
              "rotation": [ 0.0, 0.0, 45.0 ]
            }
          ]
        }
      ]
    }
  ]
}
