{
  "format_version": "1.8.0",
  "animation_controllers": {
    "controller.animation.snowgolem.move": {
      "states": {
        "default": {
          "parameters": [ "query.modified_move_speed" ],
          "animations": [
            {
              "move": [
                {
                  "0.0": 0.0,
                  "1.0": 1.0
                }
              ]
            },
            { "look_at_target": [] },
            { "arms": [] }
          ]
        }
      }
    }
  }
}