{
  "format_version": "1.8.0",
  "animations": {
    "animation.magma_cube.move": {
      "loop": true,
      "bones": {
        "bodyCube_7": {
          "position": [ 0.0, "-4.0 * (variable.slime_squish_factor < 0.0 ? 0.0 : variable.slime_squish_factor) * 1.7", 0.0 ]
        },
        "bodyCube_6": {
          "position": [ 0.0, "-3.0 * (variable.slime_squish_factor < 0.0 ? 0.0 : variable.slime_squish_factor) * 1.7", 0.0 ]
        },
        "bodyCube_5": {
          "position": [ 0.0, "-2.0 * (variable.slime_squish_factor < 0.0 ? 0.0 : variable.slime_squish_factor) * 1.7", 0.0 ]
        },
        "bodyCube_4": {
          "position": [ 0.0, "-1.0 * (variable.slime_squish_factor < 0.0 ? 0.0 : variable.slime_squish_factor) * 1.7", 0.0 ]
        },
        "bodyCube_2": {
          "position": [ 0.0, "1.0 * (variable.slime_squish_factor < 0.0 ? 0.0 : variable.slime_squish_factor) * 1.7", 0.0 ]
        },
        "bodyCube_1": {
          "position": [ 0.0, "2.0 * (variable.slime_squish_factor < 0.0 ? 0.0 : variable.slime_squish_factor) * 1.7", 0.0 ]
        },
        "bodyCube_0": {
          "position": [ 0.0, "3.0 * (variable.slime_squish_factor < 0.0 ? 0.0 : variable.slime_squish_factor) * 1.7", 0.0 ]
        }
      }
    }
  }
}