{
  "format_version": "1.8.0",
  "animations": {
    "animation.shulker.facing.v1.0": {
      "anim_time_update": "query.modified_distance_moved",
      "loop": true,
      "bones": {
        "base": {
          "position": [ "variable.Shulker.XOffset", "variable.Shulker.YOffset", "variable.Shulker.ZOffset" ],
          "rotation": [ "variable.Shulker.XPreRotation", 0.0, "variable.Shulker.ZPreRotation" ],
          "scale": 0.98
        },
        "lid": {
          "position": [ "(variable.Shulker.EastFacing - variable.Shulker.WestFacing) * 8", "(variable.Shulker.NorthFacing + variable.Shulker.SouthFacing + variable.Shulker.EastFacing + variable.Shulker.WestFacing) * 8 + (variable.Shulker.UpFacing) * 16", "(variable.Shulker.NorthFacing - variable.Shulker.SouthFacing) * 8" ],
          "rotation": [ "variable.Shulker.XPreRotation", 0.0, "variable.Shulker.ZPreRotation" ]
        }
      }
    },
    "animation.shulker.move.v1.0": {
      "anim_time_update": "query.modified_distance_moved",
      "loop": true,
      "bones": {
        "lid": {
          "position": [
            "(7.2 - Math.sin(variable.Shulker.LidPositionFactor * 1.16) * 7.5 + (variable.Shulker.LidPositionFactor > 180 ? Math.sin(query.life_time * 114.6) * 0.7 + 1.5: 0.0)) * (variable.Shulker.WestFacing - variable.Shulker.EastFacing)",
            "(7.2 - Math.sin(variable.Shulker.LidPositionFactor * 1.16) * 7.5 + (variable.Shulker.LidPositionFactor > 180 ? Math.sin(query.life_time * 114.6) * 0.7 + 1.5: 0.0)) * ((variable.Shulker.FacingDirection == 0 ? 1.0 : 0.0) - variable.Shulker.UpFacing)",
            "(7.2 - Math.sin(variable.Shulker.LidPositionFactor * 1.16) * 7.5 + (variable.Shulker.LidPositionFactor > 180 ? Math.sin(query.life_time * 114.6) * 0.7 + 1.5: 0.0)) * (variable.Shulker.SouthFacing - variable.Shulker.NorthFacing)"
          ],
          "rotation": [
            0.0,
            "(variable.Shulker.PeekAmount > 0.3 ? Math.pow(variable.Shulker.LidRotationFactor, 4) * 22.5 : 0.0) * ((variable.Shulker.FacingDirection == 0 ? 1.0 : 0.0) + variable.Shulker.WestFacing + variable.Shulker.EastFacing + variable.Shulker.UpFacing)",
            "(variable.Shulker.PeekAmount > 0.3 ? Math.pow(variable.Shulker.LidRotationFactor, 4) * 22.5 : 0.0) * (variable.Shulker.NorthFacing + variable.Shulker.SouthFacing)"
          ]
        },
        "head": {
          "position": [ 0.0, "-variable.Shulker.UpFacing * 3 - (3 * (variable.Shulker.NorthFacing + variable.Shulker.SouthFacing + variable.Shulker.WestFacing + variable.Shulker.EastFacing))", 0.0 ]
        }
      }
    }
  }
} 