{
  "format_version": "1.8.0",
  "animations": {
    "animation.shulker.facing": {
      "anim_time_update": "query.modified_distance_moved",
      "loop": true,
      "bones": {
        "base": {
          "position": [ "variable.Shulker.XOffset", "variable.Shulker.YOffset", "variable.Shulker.ZOffset" ],
          "rotation": [ "variable.Shulker.XPreRotation", 0.0, "variable.Shulker.ZPreRotation" ],
          "scale": 0.98
        }
      }
    },
    "animation.shulker.move": {
      "anim_time_update": "query.modified_distance_moved",
      "loop": true,
      "bones": {
        "lid": {
          "position": [ 0.0, "7.2 - Math.sin(variable.Shulker.LidPositionFactor * 1.16) * 7.5 + (variable.Shulker.LidPositionFactor > 180 ? Math.sin(query.life_time * 114.6) * 0.7 + 1.5: 0.0)", 0.0 ],
          "rotation": [ 0.0, "variable.Shulker.PeekAmount > 0.3 ? Math.pow(variable.Shulker.LidRotationFactor, 4) * 22.5 : 0.0", 0.0 ]
        },
        "head": {
          "position": [ 0.0, "-variable.Shulker.UpFacing * 6 - (3 * (variable.Shulker.NorthFacing + variable.Shulker.SouthFacing + variable.Shulker.WestFacing + variable.Shulker.EastFacing))", 0.0 ]
        }
      }
    }
  }
}