{
  "namespace": "brewing_stand_pocket",

  "generic_label": {
    "type": "label",
    "anchor_from": "center",
    "anchor_to": "center",
    "shadow": true
  },

  // Gamepad //

  "gamepad_helpers": {
    "type": "panel",
    "anchor_from": "bottom_middle",
    "anchor_to": "bottom_middle",
    "size": [ "98%", 16 ],
    "$icon_text_color": [ 0.0, 0.0, 0.0 ],
    "controls": [
      {
        "grey_gamepad_helper_a@common.grey_gamepad_helper_a": {
          "anchor_from": "left_middle",
          "anchor_to": "left_middle"
        }
      },
      {
        "grey_gamepad_helper_b@common.grey_gamepad_helper_b": {
          "anchor_from": "center",
          "anchor_to": "center"
        }
      },
      {
        "grey_gamepad_helper_x@common.grey_gamepad_helper_x": {
          "anchor_from": "right_middle",
          "anchor_to": "right_middle",
          "bindings": [
            {
              "binding_name": "#x_helper_visible",
              "binding_name_override": "#visible"
            }
          ]
        }
      },
      {
        "grey_gamepad_helper_y@common.grey_gamepad_helper_y": {
          "anchor_from": "right_middle",
          "anchor_to": "right_middle",
          "bindings": [
            {
              "binding_name": "#y_helper_visible",
              "binding_name_override": "#visible"
            }
          ]
        }
      }
    ]
  },

  // Backgrounds //

  "background_image@common.sprite_sheet_base": {
    "size": [ "100%", "100%" ],
    "nineslice_size": 4.0,
    "uv": [ 0, 0 ],
    "uv_size": [ 16, 16 ]
  },

  // Output Slot //

  "output_slot@common.pocket_ui_container_selectable_slot_item": {
    "$item_collection_name": "brewing_result_items",
    "$cell_overlay_ref": "brewing_stand.bottle_empty_image"
  },

  // Slots //

  "brewing_input_slot": {
    "type": "panel",
    "size": [ 32, 32 ],
    "offset": [ 0, 0 ],
    "anchor_from": "top_middle",
    "anchor_to": "top_middle",
    "controls": [
      {
        "input_slot@common.pocket_ui_container_selectable_slot_item": {
          "$item_collection_name": "brewing_input_item",
          "property_bag": {
            "#start_selected": true
          }
        }
      }
    ]
  },
  "brewing_out_slots": {
    "type": "grid",
    "size": [ 128, 42 ],
    "anchor_from": "bottom_middle",
    "anchor_to": "bottom_middle",
    "grid_dimensions": [ 3, 1 ],
    "collection_name": "brewing_result_items",
    "controls": [
      {
        "left_offset": {
          "type": "panel",
          "grid_position": [ 0, 0 ],
          "controls": [
            {
              "output_slot1@brewing_stand_pocket.output_slot": {
              }
            }
          ]
        }
      },
      {
        "middle": {
          "type": "panel",
          "grid_position": [ 1, 0 ],
          "controls": [
            {
              "output_slot2@brewing_stand_pocket.output_slot": {
                "anchor_from": "bottom_middle",
                "anchor_to": "bottom_middle"

              }
            }
          ]
        }
      },
      {
        "right_offset": {
          "type": "panel",
          "grid_position": [ 2, 0 ],
          "controls": [
            {
              "output_slot3@brewing_stand_pocket.output_slot": {
                "anchor_from": "top_right",
                "anchor_to": "top_right"
              }
            }
          ]
        }
      }
    ]
  },
  "slots_panel": {
    "type": "panel",
    "size": [ 128, 94 ],
    "controls": [
      {
        "brewing_input_slot@brewing_stand_pocket.brewing_input_slot": {
          "offset": [ 0, 0 ]
        }
      },
      {
        "brewing_out_slots@brewing_stand_pocket.brewing_out_slots": {
          "offset": [ 0, 0 ]
        }
      },
      {
        "brewing_arrow_panel": {
          "type": "panel",
          "anchor_from": "top_right",
          "anchor_to": "top_right",
          "size": [ 9, 28 ],
          "offset": [ -20, 9 ],
          "controls": [
            {
              "brewing_arrow_empty_image@brewing_stand.brewing_arrow_empty_image": {
                "layer": 0,
                "offset": [ 0, 0 ]
              }
            },
            {
              "brewing_arrow_full_image@brewing_stand.brewing_arrow_full_image": {
                "layer": 1,
                "offset": [ 0, 0 ]
              }
            }
          ]
        }
      },
      {
        "brewing_bubbles_panel": {
          "type": "panel",
          "size": [ 12, 29 ],
          "offset": [ 17, 9 ],
          "anchor_from": "top_left",
          "anchor_to": "top_left",
          "controls": [
            {
              "bubbles_empty_image@brewing_stand.bubbles_empty_image": {
                "layer": 0,
                "offset": [ 0, 0 ]
              }
            },
            {
              "bubbles_full_image@brewing_stand.bubbles_full_image": {
                "layer": 1,
                "offset": [ 0, 0 ]
              }
            }
          ]
        }
      }
    ]
  },

  // Inventory Grids //

  "inventory_grid": {
    "type": "grid",
    "grid_rescaling_type": "horizontal",
    "anchor_to": "top_left",
    "anchor_from": "top_left",
    "size": [ "100%", "default" ],
    "maximum_grid_items": "$container_size",
    "collection_name": "$pane_collection",
    "$item_renderer": "common.filtered_item_renderer",
    "grid_item_template": "common.pocket_ui_container_item",
    "$item_collection_name": "$pane_collection",
    "bindings": [
      {
        "binding_name": "#collection_total_items",
        "binding_name_override": "#maximum_grid_items",
        "binding_type": "collection",
        "binding_collection_name": "$pane_collection"
      }
    ]
  },
  "inventory_panel": {
    "type": "panel",
    "size": [ "100%", "100%" ],
    "anchor_to": "center",
    "anchor_from": "center",
    "controls": [
      {
        "scrolling_panel@common.scrolling_panel": {
          "size": [ "100%-2px", "100%-2px" ],
          "anchor_to": "top_left",
          "anchor_from": "top_left",
          "$scrolling_pane_size": [ "100%", "100%-2px" ],
          "$scrolling_content": "brewing_stand_pocket.inventory_grid",
          "$scroll_box_mouse_image_control": "common-classic.button_state_default",
          "$scroll_size": [ "8px", "100%" ]
        }
      }
    ]
  },

  // Brewing Stand Panel //

  "brewing_stand_contents_panel": {
    "type": "panel",
    "offset": [ 0, "default-4px" ],
    "controls": [
      {
        "slots_panel@slots_panel": {
          "offset": [ -5, -10 ]
        }
      }
    ]

  },

  // Half Screens //

  "half_screen": {
    "type": "input_panel",
    "size": [ "50%-4px", "100%-35px" ],
    "anchor_from": "top_left",
    "anchor_to": "top_left"
  },
  "inventory_half_screen@brewing_stand_pocket.half_screen": {
    "offset": [ 8, 31 ],
    "controls": [
      {
        "screen": {
          "type": "input_panel",
          "button_mappings": [
            {
              "from_button_id": "button.menu_cancel",
              "to_button_id": "button.container_unselect_slot",
              "mapping_type": "global"
            }
          ],
          "bindings": [
            {
              "binding_name": "#inventory_focused",
              "binding_name_override": "#modal"
            }
          ],
          "controls": [
            { "inventory_panel@brewing_stand_pocket.inventory_panel": { } }
          ]
        }
      }
    ]
  },
  "brewing_stand_half_screen@brewing_stand_pocket.half_screen": {
    "offset": [ 8, 31 ],
    "anchor_from": "top_right",
    "anchor_to": "top_right",
    "controls": [
      {
        "screen": {
          "type": "input_panel",
          "bindings": [
            {
              "binding_name": "#slots_focused",
              "binding_name_override": "#modal"
            }
          ],
          "controls": [
            { "brewing_stand_contents_panel@brewing_stand_pocket.brewing_stand_contents_panel": { } }
          ],
          "button_mappings": [
            {
              "from_button_id": "button.menu_cancel",
              "to_button_id": "button.menu_exit",
              "mapping_type": "global"
            }
          ]
        }
      }
    ]

  },

  // Header //

  "header": {
    "type": "panel",
    "size": [ "100%", 28 ],
    "anchor_from": "top_middle",
    "anchor_to": "top_middle",
    "controls": [
      {
        "header_background": {
          "type": "image",
          "nineslice_size": [ 3, 3, 3, 6 ],
          "texture": "textures/gui/newgui/TopBar",
          "uv": [ 0, 0 ],
          "uv_size": [ 5, 8 ]
        }
      },
      { "legacy_pocket_close_button@common.legacy_pocket_close_button": { } },
      {
        "panel": {
          "type": "panel",
          "anchor_from": "center",
          "anchor_to": "center",
          "controls": [
            {
              "title_label@brewing_stand_pocket.generic_label": {
                "text": "$container_title", 
                "layer": 1
              }
            }
          ]
        }
      }
    ]
  },

  // Brewing Stand Screen //

  "brewing_stand_panel": {
    "type": "panel",
    "controls": [
      { "gamepad_helpers@brewing_stand_pocket.gamepad_helpers": { "layer": 2 } },
      { "header@brewing_stand_pocket.header": { "layer": 2 } },
      { "bg@brewing_stand_pocket.background_image": { } },
      {
        "inventory@brewing_stand_pocket.inventory_half_screen": {
          "$container_size": 36,
          "$pane_collection": "combined_hotbar_and_inventory_items"
        }
      },
      { "brewing_stand_half_screen@brewing_stand_pocket.brewing_stand_half_screen": { "layer": 1 } },
      { "hold_icon@common.inventory_take_progress_icon_button": { } },
      { "flying_item_renderer@common.flying_item_renderer": { } },
      {
        "selected_item_details_factory": {
          "type": "factory",
          "control_name": "@pocket_containers.selected_item_details"
        }
      }
    ]
  }
}