{
  "namespace": "enchanting_pocket",

  "generic_label": {
    "type": "label",
    "anchor_from": "center",
    "anchor_to": "center",
    "shadow": true
  },

  // Gamepad //

  "gamepad_helpers": {
    "type": "panel",
    "anchor_from": "bottom_middle",
    "anchor_to": "bottom_middle",
    "size": [ "98%", 16 ],
    "$icon_text_color": [ 0.0, 0.0, 0.0 ],
    "controls": [
      {
        "grey_gamepad_helper_a@common.grey_gamepad_helper_a": {
          "anchor_from": "left_middle",
          "anchor_to": "left_middle"
        }
      },
      {
        "grey_gamepad_helper_b@common.grey_gamepad_helper_b": {
          "anchor_from": "center",
          "anchor_to": "center"
        }
      },
      {
        "grey_gamepad_helper_x@common.grey_gamepad_helper_x": {
          "anchor_from": "right_middle",
          "anchor_to": "right_middle"
        }
      }
    ]
  },

  // Backgrounds //

  "background_image@common.sprite_sheet_base": {
    "size": [ "100%", "100%" ],
    "nineslice_size": 4.0,
    "uv": [ 0, 0 ],
    "uv_size": [ 16, 16 ]
  },

  // Inventory Grids //

  "inventory_grid": {
    "type": "grid",
    "grid_rescaling_type": "horizontal",
    "anchor_to": "top_left",
    "anchor_from": "top_left",
    "size": [ "100%", "default" ],
    "maximum_grid_items": "$container_size",
    "collection_name": "$pane_collection",
    "$item_renderer": "common.filtered_item_renderer",
    "grid_item_template": "common.pocket_ui_container_item",
    "$item_collection_name": "$pane_collection",
    "bindings": [
      {
        "binding_name": "#collection_total_items",
        "binding_name_override": "#maximum_grid_items",
        "binding_type": "collection",
        "binding_condition": "visible",
        "binding_collection_name": "$pane_collection"
      }
    ]
  },
  "inventory_panel": {
    "type": "panel",
    "size": [ "100%", "100%" ],
    "anchor_to": "center",
    "anchor_from": "center",
    "controls": [
      {
        "scrolling_panel@common.scrolling_panel": {
          "size": [ "100%-2px", "100%-2px" ],
          "anchor_to": "top_left",
          "anchor_from": "top_left",
          "$scrolling_pane_size": [ "100%", "100%-2px" ],
          "$scrolling_content": "enchanting_pocket.inventory_grid",
          "$scroll_box_mouse_image_control": "common-classic.button_state_default",
          "$scroll_size": [ "8px", "100%" ]
        }
      }
    ]
  },

  // Enchanting Slots Panel //

  "enchanting_slots_panel": {
    "type": "panel",
    "size": [ 32, 68 ],
    "anchor_to": "top_left",
    "anchor_from": "top_left",
    "controls": [
      {
        "input_slot@common.pocket_ui_container_selectable_slot_item": {
          "$item_collection_name": "enchanting_input_items",
          "anchor_from": "top_middle",
          "anchor_to": "top_middle",
          "property_bag": {
            "#start_selected": true
          }
        }
      },
      {
        "lapis_slot@common.pocket_ui_container_selectable_slot_item": {
          "$item_collection_name": "enchanting_lapis_items",
          "anchor_from": "bottom_middle",
          "anchor_to": "bottom_middle"
        }
      },
      {
        "lapis@enchanting.lapis_image": {
          "offset": [ 0, -8 ],
          "uv": [ 16, 90 ],
          "anchor_from": "bottom_middle",
          "anchor_to": "bottom_middle",
          "layer": 5
        }
      }
    ]
  },

  // Enchant Buttton //

  "enchant_text_runes@enchanting.enchant_runes": {
    "size": [ "100% - 29px", "100% - 6px" ],
    "color": [ 0.408, 0.368, 0.29, 1.0 ]
  },
  "show_highlighted_slot_control@common.pocket_ui_highlight_selected_slot": {
    "visible": false,
    "bindings": [
      {
        "binding_type": "collection",
        "binding_name": "#show_selected_button_highlight",
        "binding_name_override": "#visible",
        "binding_collection_name": "#enchant_buttons"
      }
    ]
  },
  "show_highlighted_hover_slot_control@common.pocket_ui_highlight_selected_slot": {
    "visible": false,
    "bindings": [
      {
        "binding_type": "collection",
        "binding_name": "#show_selected_button_highlight",
        "binding_name_override": "#visible",
        "binding_collection_name": "#enchant_buttons"
      }
    ]
  },
  "inactive_background@common.sprite_sheet_base": {
    "uv": [ 0, 32 ],
    "uv_size": [ 8, 8 ],
    "nineslice_size": 3
  },
  "dark_background@enchanting.dark_background": {
    "nineslice_size": 1
  },
  "dark_background_hover@enchanting_pocket.dark_background": {

  },
  "active_background@enchanting.active_background": {
    "nineslice_size": 1
  },
  "active_background_hover@enchanting_pocket.active_background": {
  },
  "unselectable_button@enchanting.unselectable_button": {
    "button_mappings": [
      {
        "from_button_id": "button.menu_select",
        "to_button_id": "button.menu_select",
        "mapping_type": "pressed"
      },
      {
        "from_button_id": "button.menu_ok",
        "to_button_id": "button.menu_ok",
        "mapping_type": "pressed"
      },
      {
        "to_button_id": "button.button_hovered",
        "mapping_type": "pressed"
      }
    ],
    "controls": [
      { "default@enchanting_pocket.dark_background": { } },
      { "hover@enchanting_pocket.dark_background_hover": { } },
      { "pressed@enchanting_pocket.dark_background": { } },
      {
        "enchant_cost@enchanting.fail_cost": {
          "anchor_from": "bottom_right",
          "anchor_to": "bottom_right",
          "offset": [ -3, -2 ]
        }
      }
    ]
  },
  "selectable_button@enchanting.selectable_button": {
    "button_mappings": [
      {
        "from_button_id": "button.menu_select",
        "to_button_id": "button.menu_select",
        "mapping_type": "pressed"
      },
      {
        "from_button_id": "button.menu_ok",
        "to_button_id": "button.menu_ok",
        "mapping_type": "pressed"
      },
      {
        "to_button_id": "button.button_hovered",
        "mapping_type": "pressed"
      }
    ],
    "controls": [
      { "default@enchanting_pocket.active_background": { } },
      { "hover@enchanting_pocket.active_background_hover": { } },
      { "pressed@enchanting_pocket.dark_background": { } },
      {
        "enchant_cost@enchanting.success_cost": {
          "anchor_from": "bottom_right",
          "anchor_to": "bottom_right",
          "offset": [ -3, -2 ]
        }
      }
    ]
  },
  "enchant_button_panel": {
    "type": "panel",
    "anchor_from": "top_left",
    "anchor_to": "top_left",
    "size": [ "100%", "33.3333333%-1px" ],
    "controls": [
      {
        "inactive_background@enchanting_pocket.inactive_background": {
          "size": [ "100%", "100%" ]
        }
      },
      {
        "unselectable_button@enchanting_pocket.unselectable_button": {
          "size": [ "100%", "100%" ],
          "layer": 1
        }
      },
      {
        "selectable_button@enchanting_pocket.selectable_button": {
          "size": [ "100%", "100%" ],
          "layer": 1
        }
      },
      {
        "dust@enchanting.dust_template": {
          "anchor_from": "left_middle",
          "anchor_to": "left_middle",
          "size": [ 13, 11 ],
          "offset": [ 1, 0 ],
          "layer": 2
        }
      },
      {
        "rune_text@enchanting_pocket.enchant_text_runes": {
          "layer": 2,
          "offset": [ 20, 2 ]
        }
      },
      { "highlight@enchanting_pocket.show_highlighted_slot_control": { "layer": 3 } }
    ]
  },

  // Enchant Selection Panel //

  "enchant_selection_panel": {
    "type": "panel",
    "size": [ "100%-34px", 60 ],
    "offset": [ 34, 0 ],
    "anchor_from": "top_left",
    "anchor_to": "top_left",
    "controls": [
      {
        "grid": {
          "type": "grid",
          "collection_name": "#enchant_buttons",
          "size": [ "100%", "100%" ],
          "layer": 2,
          "anchor_from": "center",
          "anchor_to": "center",
          "grid_dimensions": [ 1, 3 ],
          "controls": [
            {
              "button1@enchant_button_panel": {
                "grid_position": [ 0, 0 ],
                "$uvs": [ 3, 2 ],
                "$uvus": [ 3, 18 ]
              }
            },
            {
              "button2@enchant_button_panel": {
                "grid_position": [ 0, 1 ],
                "$uvs": [ 18, 2 ],
                "$uvus": [ 18, 18 ]
              }
            },
            {
              "button3@enchant_button_panel": {
                "grid_position": [ 0, 2 ],
                "$uvs": [ 34, 2 ],
                "$uvus": [ 34, 18 ]
              }
            }
          ]
        }
      }
    ]
  },

  // Enchanting Confirm Panel //

  "item_renderer": {
    "type": "custom",
    "renderer": "inventory_item_renderer",
    "anchor_from": "center",
    "anchor_to": "center",
    "size": [ 18, 18 ]
  },
  "confirm_default_control@common.sprite_sheet_base": {
    "uv": [ 8, 32 ],
    "uv_size": [ 8, 8 ],
    "nineslice_size": 2
  },
  "enchanting_confirm_button@common.button": {
    "size": [ 120, 30 ],
    "focus_enabled": false,
    "$pressed_button_name": "button.enchant",

    "controls": [
      { "default@enchanting_pocket.confirm_default_control": { } },
      { "hover@enchanting_pocket.confirm_default_control": { } },
      {
        "pressed@common.sprite_sheet_base": {
          "uv": [ 0, 32 ],
          "uv_size": [ 8, 8 ],
          "nineslice_size": 2
        }
      },
      {
        "arrow_active@common.sprite_sheet_base": {
          "uv": [ 73, 36 ],
          "uv_size": [ 22, 15 ],
          "size": [ 22, 15 ],
          "layer": 1,
          "bindings": [
            {
              "binding_name": "#active_enchant",
              "binding_name_override": "#visible"
            }
          ]
        }
      },
      {
        "arrow_inactive@common.sprite_sheet_base": {
          "uv": [ 73, 20 ],
          "uv_size": [ 22, 15 ],
          "size": [ 22, 15 ],
          "layer": 1,
          "bindings": [
            {
              "binding_name": "#inactive_enchant",
              "binding_name_override": "#visible"
            }
          ]
        }
      },
      {
        "input_item_renderer@enchanting_pocket.item_renderer": {
          "anchor_from": "left_middle",
          "anchor_to": "left_middle",
          "layer": 1,
          "offset": [ 5, 0 ],
          "property_bag": {
            "#filtered_light_multiplier": 0.5
          },
          "bindings": [
            {
              "binding_name": "#input_item_id",
              "binding_name_override": "#item_id_aux"
            },
            {
              "binding_name": "#inactive_enchant",
              "binding_name_override": "#disabled_filter_visible"
            }
          ]
        }
      },
      {
        "output_item_renderer@enchanting_pocket.item_renderer": {
          "anchor_from": "right_middle",
          "anchor_to": "right_middle",
          "offset": [ -5, 0 ],
          "layer": 1,
          "bindings": [
            {
              "binding_name": "#output_item_id",
              "binding_name_override": "#item_id_aux"
            }
          ]
        }
      }
    ]
  },
  "enchanting_confirm_panel": {
    "type": "panel",
    "size": [ "100%-34px", 44 ],
    "offset": [ 17, 0 ],
    "anchor_from": "bottom_middle",
    "anchor_to": "bottom_middle",
    "controls": [
      {
        "confirm@enchanting_pocket.enchanting_confirm_button": {
          "anchor_from": "top_middle",
          "anchor_to": "top_middle"
        }
      },
      {
        "enchantment_hint_text@enchanting_pocket.generic_label": {
          "anchor_from": "bottom_middle",
          "anchor_to": "bottom_middle",
          "text": "#text",
          "bindings": [
            {
              "binding_name": "#enchant_hint",
              "binding_name_override": "#text"
            }
          ]
        }
      }
    ]
  },

  // Enchanting Book Panel //

  "enchanting_book_panel": {
    "type": "panel",
    "size": [ 40, 40 ],
    "anchor_from": "bottom_left",
    "anchor_to": "bottom_left",
    "controls": [
      {
        "enchanting_book": {
          "type": "custom",
          "renderer": "enchanting_book_renderer",
          "size": [ 40, 40 ],
          "offset": [ 18, 18 ],
          "anchor_from": "center",
          "anchor_to": "center",
          "bindings": [
            {
              "binding_name": "#open",
              "binding_type": "global"
            }
          ]
        }
      },
      {
        "player_level_label@enchanting_pocket.generic_label": {
          "offset": [ 0, -9 ],
          "font_type": "rune",
          // This doesn't need loc because it is being converted to the rune font.
          "text": "Level",
          "anchor_from": "bottom_middle",
          "anchor_to": "bottom_middle",
          "bindings": [
            {
              "binding_name": "#player_level_color",
              "binding_name_override": "#color"
            }
          ]
        }
      },
      {
        "level_label@enchanting_pocket.generic_label": {
          "text": "#text",
          "anchor_from": "bottom_middle",
          "anchor_to": "bottom_middle",
          "bindings": [
            {
              "binding_name": "#player_level_info",
              "binding_name_override": "#text"
            },
            {
              "binding_name": "#player_level_color",
              "binding_name_override": "#color"
            }
          ]
        }
      }
    ]
  },


  // Enchanting Panel //

  "enchanting_contents_panel": {
    "type": "panel",
    "size": [ "100%", 108 ],
    "anchor_from": "top_left",
    "anchor_to": "top_left",
    "controls": [
      { "enchanting_slots_panel@enchanting_pocket.enchanting_slots_panel": { } },
      { "enchant_selection_panel@enchanting_pocket.enchant_selection_panel": { } },
      { "enchanting_confirm_panel@enchanting_pocket.enchanting_confirm_panel": { } },
      { "enchanting_book_panel@enchanting_pocket.enchanting_book_panel": { } }
    ]
  },

  // Half Screens //

  "half_screen": {
    "type": "input_panel"
  },
  "inventory_half_screen@enchanting_pocket.half_screen": {
    "offset": [ 8, 31 ],
    "anchor_from": "top_left",
    "anchor_to": "top_left",
    "size": [ "45%-4px", "100%-35px" ],
    "controls": [
      {
        "screen": {
          "type": "input_panel",
          "button_mappings": [
            {
              "from_button_id": "button.menu_cancel",
              "to_button_id": "button.container_unselect_slot",
              "mapping_type": "global"
            }
          ],
          "bindings": [
            {
              "binding_name": "#inventory_focused",
              "binding_name_override": "#modal"
            }
          ],
          "controls": [
            { "inventory_panel@enchanting_pocket.inventory_panel": { } }
          ]
        }
      }
    ]
  },
  "enchanting_half_screen@enchanting_pocket.half_screen": {
    "offset": [ -4, 31 ],
    "size": [ "55%-8px", "100%-35px" ],
    "anchor_from": "top_right",
    "anchor_to": "top_right",
    "controls": [
      {
        "screen": {
          "type": "input_panel",
          "bindings": [
            {
              "binding_name": "#slots_focused",
              "binding_name_override": "#modal"
            }
          ],
          "controls": [
            { "enchanting_contents_panel@enchanting_pocket.enchanting_contents_panel": { "layer": 1 } }
          ],
          "button_mappings": [
            {
              "from_button_id": "button.menu_cancel",
              "to_button_id": "button.menu_exit",
              "mapping_type": "global"
            }
          ]
        }
      }
    ]
  },

  // Header //

  "header": {
    "type": "panel",
    "size": [ "100%", 28 ],
    "anchor_from": "top_middle",
    "anchor_to": "top_middle",
    "controls": [
      {
        "header_background": {
          "type": "image",
          "nineslice_size": [ 3, 3, 3, 6 ],
          "texture": "textures/gui/newgui/TopBar",
          "uv": [ 0, 0 ],
          "uv_size": [ 5, 8 ]
        }
      },
      { "legacy_pocket_close_button@common.legacy_pocket_close_button": { } },
      {
        "panel": {
          "type": "panel",
          "anchor_from": "center",
          "anchor_to": "center",
          "controls": [
            {
              "title_label@enchanting_pocket.generic_label": {
                "text": "$container_title",
                "layer": 1
              }
            }
          ]
        }
      }
    ]
  },

  // Output error label //

  "anim_error_text_alpha": {
    "anim_type": "alpha",
    "easing": "in_expo",
    "destroy_at_end": "item_text_label",
    "duration": 2,
    "from": 1.0,
    "to": 0
  },
  "error_text_panel": {
    "type": "panel",
    "anchor_from": "bottom_middle",
    "offset": [ 0, "-20%+10px" ],
    "layer": 30,
    "controls": [
      {
        "item_text_label@enchanting_pocket.generic_label": {
          "text": "#enchant_error",
          "alpha": "@enchanting_pocket.anim_error_text_alpha"
        }
      }
    ]
  },

  // Enchanting Screen //

  "enchanting_panel": {
    "type": "panel",
    "controls": [
      { "gamepad_helpers@enchanting_pocket.gamepad_helpers": { "layer": 2 } },
      { "header@enchanting_pocket.header": { "layer": 2 } },
      { "bg@enchanting_pocket.background_image": { } },
      { "hold_icon@common.inventory_take_progress_icon_button": { } },
      { "flying_item_renderer@common.flying_item_renderer": { } },
      {
        "selected_item_details_factory": {
          "type": "factory",
          "control_name": "@pocket_containers.selected_item_details"
        }
      },
      {
        "enchant_error_factory": {
          "type": "factory",
          "control_name": "@enchanting_pocket.error_text_panel",
          "layer": 3
        }
      },
      {
        "inventory_half_screen@enchanting_pocket.inventory_half_screen": {
          "$container_size": 36,
          "$pane_collection": "combined_hotbar_and_inventory_items",
          "layer": 1
        }
      },
      { "enchanting_half_screen@enchanting_pocket.enchanting_half_screen": { "layer": 2 } }
    ]
  }
}