{
  "namespace": "mashup_home",

  "banner_empty": {
    "type": "image",
    "texture": "textures/gui/newgui/BannersTransparent",
    "nineslice_size": 1
  },

  "banner_fill": {
    "type": "image",
    "texture": "textures/gui/newgui/Banners",
    "nineslice_size": 1,
    "layer": 1
  },

  "home_tab_content": {
    "type": "panel",
    "size": [ "100%", "100%" ],
    "controls": [
      {
        "border@common.focus_border_white": {
          "ignored": "(not $is_mashup)",
          "size": [ "100%", "100%" ],
          "color": [ 0, 0, 0 ],
          "controls": [
            {
              "key_art": {
                "type": "image",
                "size": [ "100% - 2px", "100% - 2px" ],
                "bindings": [
                  {
                    "binding_name": "#mashup_key_art_texture",
                    "binding_name_override": "#texture"
                  },
                  {
                    "binding_name": "#mashup_key_art_file_system",
                    "binding_name_override": "#texture_file_system"
                  }
                ]
              }
            }
          ]
        }
      },
      {
        "world_template_layout@mashup_home.world_template_layout": {
          "ignored": "$is_mashup"
        }
      }
    ]
  },

  "world_template_layout": {
    "type": "stack_panel",
    "orientation": "vertical",
    "size": [ "100%", "100%" ],
    "variables": [
      {
        "requires": "$pocket_screen",
        "$screenshot_carousel_height": [ "100%", 42 ]
      },
      {
        "requires": "($desktop_screen or $is_holographic)",
        "$screenshot_carousel_height": [ "100%", 49 ]
      }
    ],
    "controls": [
      { "key_art_and_text@mashup_home.key_art_and_text": {} },
      {
        "empty_panel": {
          "type": "panel",
          "size": [ 0, 2 ]
        }
      },
      {
        "screenshot_carousel@mashup_home.screenshot_carousel": {
          "size": "$screenshot_carousel_height"
        }
      }
    ]
  },

  "key_art_and_text": {
    "type": "stack_panel",
    "size": [ "100%", "fill" ],
    "orientation": "horizontal",
    "controls": [
      {
        "key_image_panel": {
          "type": "input_panel",
          "size": [ "177.78%y - 1.5px", "100%" ],
          "controls": [
            { "key_image@mashup_home.key_image_frame": {} }
          ]
        }
      },
      {
        "padding": {
          "type": "panel",
          "size": [ 2, 0 ]
        }
      },
      {
        "description_scroll@common.scrolling_panel": {
          "$show_background": false,
          "size": [ "fill", "100%" ],
          "$scrolling_content": "mashup_home.world_description",
          "$scroll_size": [ 5, "100% - 4px" ],
          "$scrolling_pane_size": [ "100% - 4px", "100%" ],
          "$scrolling_pane_offset": [ 2, 0 ],
          "$scroll_bar_right_padding_size": [ 0, 0 ]
        }
      }
    ]
  },


  "world_description": {
    "type": "label",
    "size": [ "100%", "default" ],
    "text": "#world_description",
    "font_type": "smooth",
    "shadow": true,
    "layer": 1,
    "bindings": [
      {
        "binding_name": "#world_description",
        "binding_type": "global"
      }
    ]
  },
  

  "key_image_frame@mashup_home.banner_empty": {
    "anchor_from": "center",
    "anchor_to": "center",
    "offset": [ 0, 0 ],
    "size": [ "100%", "100%" ],
    "layer": 1,
    "controls": [
      {
        "zoomed": {
          "type": "image",
          "layer": 1,
          "size": [ "100% - 2px", "100% - 2px" ],
          "bindings": [
            {
              "binding_name": "#mashup_key_art_texture",
              "binding_name_override": "#texture"
            },
            {
              "binding_name": "#mashup_key_art_file_system",
              "binding_name_override": "#texture_file_system"
            }
          ]
        }
      }
    ]
  },

  "screenshot_carousel": {
    "type": "panel",
    "controls": [
      {
        "bg@mashup_home.banner_fill": {
          "size": [ "100%", "100%" ],
          "controls": [
            {
              "cycle_pack_left_button@common_store.cycle_pack_left_button": {
                "$pressed_button_name": "button.cycle_screenshots_left",
                "size": [ 20, "100%" ],
                "anchor_from": "top_left",
                "anchor_to": "top_left",
                "bindings": [
                  {
                    "binding_type": "collection_details",
                    "binding_collection_name": "category_collection"
                  }
                ]
              }
            },
            {
              "screenshots_grid@mashup_home.screenshots_grid": {
              }
            },
            {
              "cycle_pack_right_button@common_store.cycle_pack_right_button": {
                "$pressed_button_name": "button.cycle_screenshots_right",
                "size": [ 20, "100%" ],
                "anchor_from": "top_right",
                "anchor_to": "top_right",
                "bindings": [
                  {
                    "binding_type": "collection_details",
                    "binding_collection_name": "category_collection"
                  }
                ]
              }
            }
          ]
        }
      }
    ]
  },

  "screenshots_grid": {
    "type": "grid",
    "anchor_from": "center",
    "anchor_to": "center",
    "size": [ "100%c", "100% - 4px" ],
    "grid_item_template": "mashup_home.screenshots_grid_item",
    "grid_dimension_binding": "#world_screenshots_grid_dimensions",
    "collection_name": "category_collection",
    "bindings": [
      {
        "binding_name": "#world_screenshots_grid_dimensions"
      }
    ]
  },

  "screenshots_grid_item": {
    "type": "panel",
    "size": [ "177.78%y", "100%" ],
    "controls": [
      {
        "frame@banner_empty": {
          "size": [ "177.78%y - 1.558815625px", "100% - 2px" ],
          "layer": 1,
          "controls": [
            {
              "screenshot_image": {
                "type": "image",
                "layer": 1,
                "size": [ "100% - 2px", "100% - 2px" ],
                "bindings": [
                  {
                    "binding_type": "collection",
                    "binding_collection_name": "category_collection",
                    "binding_name": "#world_screenshot_texture_name",
                    "binding_name_override": "#texture"
                  },
                  {
                    "binding_type": "collection",
                    "binding_collection_name": "category_collection",
                    "binding_name": "#world_screenshot_texture_file_system",
                    "binding_name_override": "#texture_file_system"
                  }
                ]
              }
            },
            {
              "progress_loading@common_store.progress_loading": {
                "layer": 5,
                "$source_control_name": "screenshot_image",
                "$source_property_name": "(#texture = '')",
                "$hide_failure_text": true
              }
            },
            {
              "screenshot_button@common.button": {
                "layer": 4,
                "size": [ "100%", "100%" ],
                "focus_enabled": true,
                "default_control": "",
                "hover_control": "hover",
                "pressed_control": "pressed",
                "bindings": [
                  {
                    "binding_type": "collection_details",
                    "binding_collection_name": "category_collection"
                  }
                ],
                "button_mappings": [
                  {
                    "from_button_id": "button.menu_select",
                    "to_button_id": "button.select_screenshot",
                    "mapping_type": "pressed"
                  },
                  {
                    "from_button_id": "button.menu_ok",
                    "to_button_id": "button.select_screenshot",
                    "mapping_type": "pressed"
                  }
                ],
                "controls": [
                  {
                    "hover@common.focus_border_white": {
                    }
                  },
                  {
                    "pressed@common.focus_border_white": {
                    }
                  }
                ]
              }
            }
          ]
        }
      }
    ]
  }
}