{
  "namespace": "resource_pack_purchase",

  //--------------------------------------------------------------------------------
  // Common Controls
  //--------------------------------------------------------------------------------

  "banner_fill": {
    "type": "image",
    "texture": "textures/gui/newgui/Banners",
    "uv": [ 0, 0 ],
    "uv_size": [ 4, 4 ],
    "nineslice_size": 1,
    "layer": 1
  },

  "banner_empty": {
    "type": "image",
    "texture": "textures/gui/newgui/BannersTransparent",
    "uv": [ 0, 0 ],
    "uv_size": [ 4, 4 ],
    "nineslice_size": 1
  },

  "download_progress@resource_pack_purchase.banner_fill": {
    "$baseLayer|default": 2,
    "bindings": [
      {
        "binding_name": "#download_info_visible",
        "binding_name_override": "#visible"
      }
    ],
    "controls": [
      {
        "stacker": {
          "type": "stack_panel",
          "orientation": "vertical",
          "size": [ "100%", "100%" ],
          "controls": [
            {
              "sizer_text": {
                "type": "panel",
                "size": [ "100%", "50%" ],
                "controls": [
                  {
                    "download_progress_text": {
                      "type": "label",
                      "layer": "($baseLayer + 1)",
                      "size": [ "70%", "100%" ],
                      "offset": [ 0, "50%" ],
                      "color": "white",
                      "text": "#text",
                      "bindings": [
                        {
                          "binding_name": "#download_info_text",
                          "binding_name_override": "#text"
                        }
                      ]
                    }
                  }
                ]
              }
            },
            {
              "sizer_bar": {
                "type": "panel",
                "size": [ "100%", "50%" ],
                "bindings": [
                  {
                    "binding_name": "#download_progress_bar_visible",
                    "binding_name_override": "#visible"
                  }
                ],
                "controls": [
                  {
                    "download_progress_bar@file_upload.progress_bar_icon": {
                      "size": [ "70%", 5 ],
                      "layer": "($baseLayer + 1)",
                      "anchor_from": "center",
                      "anchor_to": "center",
                      "$progress_bindings": [
                        {
                          "binding_name": "#download_progress_bar_percentage",
                          "binding_name_override": "#clip_ratio"
                        }
                      ]
                    }
                  }
                ]
              }
            }
          ]
        }
      }
    ]
  },

  //--------------------------------------------------------------------------------
  // Content
  //--------------------------------------------------------------------------------

  "screenshots_grid_item": {
    "type": "panel",
    "size": [ "177.78%y", "100%" ],
    "controls": [
      {
        "frame@banner_empty": {
          "size": [ "177.78%y - 1.558815625px", "100% - 2px" ],
          "layer": 1,
          "controls": [
            {
              "screenshot_image": {
                "type": "image",
                "layer": 1,
                "size": [ "100% - 2px", "100% - 2px" ],
                "bindings": [
                  {
                    "binding_type": "collection",
                    "binding_collection_name": "category_collection",
                    "binding_name": "#screenshot_texture_name",
                    "binding_name_override": "#texture"
                  },
                  {
                    "binding_type": "collection",
                    "binding_collection_name": "category_collection",
                    "binding_name": "#screenshot_texture_file_system",
                    "binding_name_override": "#texture_file_system"
                  }
                ]
              }
            },
            {
              "progress_loading@common_store.progress_loading": {
                "layer": 5,
                "$source_control_name": "screenshot_image",
                "$source_property_name": "(#texture = '')",
                "$hide_failure_text": true
              }
            },
            {
              "screenshot_button@common.button": {
                "layer": 4,
                "size": [ "100%", "100%" ],
                "focus_enabled": true,
                "default_control": "",
                "hover_control": "hover",
                "pressed_control": "pressed",
                "bindings": [
                  {
                    "binding_type": "collection_details",
                    "binding_collection_name": "category_collection"
                  }
                ],
                "button_mappings": [
                  {
                    "from_button_id": "button.menu_select",
                    "to_button_id": "button.select_screenshot",
                    "mapping_type": "pressed"
                  },
                  {
                    "from_button_id": "button.menu_ok",
                    "to_button_id": "button.select_screenshot",
                    "mapping_type": "pressed"
                  }
                ],
                "controls": [
                  {
                    "hover@common.focus_border_white": {
                    }
                  },
                  {
                    "pressed@common.focus_border_white": {
                    }
                  }
                ]
              }
            }
          ]
        }
      }
    ]
  },

  "screenshots_grid": {
    "type": "grid",
    "anchor_from": "center",
    "anchor_to": "center",
    "size": [ "100%c", "100% - 4px" ],
    "grid_item_template": "resource_pack_purchase.screenshots_grid_item",
    "grid_dimension_binding": "#screenshots_grid_dimensions",
    "collection_name": "category_collection",
    "bindings": [
      {
        "binding_name": "#screenshots_grid_dimensions"
      }
    ]
  },

  "key_image_frame@banner_empty": {
    "anchor_from": "center",
    "anchor_to": "center",
    "offset": [ 0, 0 ],
    "size": [ "100%", "100%" ],
    "layer": 1,
    "controls": [
      {
        "zoomed": {
          "type": "image",
          "layer": 1,
          "size": [ "100% - 2px", "100% - 2px" ],
          "bindings": [
            {
              "binding_name": "#zoomed_texture_name",
              "binding_name_override": "#texture"
            },
            {
              "binding_name": "#zoomed_texture_file_system",
              "binding_name_override": "#texture_file_system"
            }
          ]
        }
      }
    ]
  },

  "offer_grid_item": {
    "type": "panel",
    "size": [ "default", "100% - 6px" ],
    "controls": [
      {
        "frame@banner_fill": {
          "size": [ "100% - 2px", "100%" ],
          "layer": 3,
          "controls": [
            {
              "offer_key_art": {
                "type": "image",
                "layer": 5,
                "size": [ "100% - 2px", "100% - 2px" ],
                "bindings": [
                  {
                    "binding_type": "collection_details",
                    "binding_collection_name": "category_collection",
                    "binding_collection_prefix": "category"
                  },
                  {
                    "binding_type": "collection",
                    "binding_collection_name": "offers_collection",
                    "binding_name": "#offer_texture_name",
                    "binding_name_override": "#texture"
                  },
                  {
                    "binding_type": "collection",
                    "binding_collection_name": "offers_collection",
                    "binding_name": "#offer_texture_file_system",
                    "binding_name_override": "#texture_file_system"
                  }
                ]
              }
            },
            {
              "offer_button": {
                "type": "button",

                "$focus_id|default": "",
                "$focus_override_down|default": "",
                "$focus_override_up|default": "",
                "$focus_override_left|default": "",
                "$focus_override_right|default": "",
                "focus_identifier": "$focus_id",
                "focus_change_down": "$focus_override_down",
                "focus_change_up": "$focus_override_up",
                "focus_change_left": "$focus_override_left",
                "focus_change_right": "$focus_override_right",
                "focus_enabled": true,

                "layer": 4,
                "default_control": "",
                "hover_control": "hover",
                "pressed_control": "pressed",
                "bindings": [
                  {
                    "binding_type": "collection_details",
                    "binding_collection_name": "category_collection",
                    "binding_collection_prefix": "category"
                  },
                  {
                    "binding_type": "collection_details",
                    "binding_collection_name": "offers_collection",
                    "binding_collection_prefix": "offers"
                  }
                ],
                "button_mappings": [
                  {
                    "from_button_id": "button.menu_select",
                    "to_button_id": "button.select_offer",
                    "mapping_type": "pressed"
                  },
                  {
                    "from_button_id": "button.menu_ok",
                    "to_button_id": "button.select_offer",
                    "mapping_type": "pressed"
                  }
                ],
                "controls": [
                  {
                    "hover@common.focus_border_white": {
                    }
                  },
                  {
                    "pressed@common.focus_border_white": {
                    }
                  }
                ]
              }
            }
          ]
        }
      }
    ],
    "bindings": [
      {
        "binding_type": "collection_details",
        "binding_collection_name": "category_collection",
        "binding_collection_prefix": "category"
      },
      {
        "binding_type": "collection",
        "binding_collection_name": "offers_collection",
        "binding_name": "#valid_offer_index",
        "binding_name_override": "#visible"
      }
    ]
  },

  "offer_grid": {
    "type": "grid",
    "size": [ "100%c", "100%" ],
    "offset": [ 0, 3 ],
    "grid_item_template": "store.offer_grid_item",
    "grid_dimension_binding": "#offer_grid_dimensions",
    "collection_name": "offers_collection",
    "bindings": [
      {
        "binding_name": "#offer_grid_dimensions"
      }
    ]
  },

  "screenshot_carousel": {
    "type": "panel",
    "controls": [
      {
        "bg@banner_fill": {
          "size": [ "100%", "100%" ],
          "controls": [
            {
              "cycle_pack_left_button@common_store.cycle_pack_left_button": {
                "$pressed_button_name": "button.cycle_screenshots_left",
                "size": [ 20, "100%" ],
                "anchor_from": "top_left",
                "anchor_to": "top_left",
                "bindings": [
                  {
                    "binding_type": "collection_details",
                    "binding_collection_name": "category_collection"
                  }
                ]
              }
            },
            {
              "screenshots_grid@screenshots_grid": {
              }
            },
            {
              "cycle_pack_right_button@common_store.cycle_pack_right_button": {
                "$pressed_button_name": "button.cycle_screenshots_right",
                "size": [ 20, "100%" ],
                "anchor_from": "top_right",
                "anchor_to": "top_right",
                "bindings": [
                  {
                    "binding_type": "collection_details",
                    "binding_collection_name": "category_collection"
                  }
                ]
              }
            }
          ]
        }
      }
    ]
  },


  //--------------------------------------------------------------------------------
  // Root Controls
  //--------------------------------------------------------------------------------

  "key_art_and_text": {
    "type": "stack_panel",
    "size": [ "100%", "fill" ],
    "orientation": "horizontal",
    "controls": [
      {
        "key_image_panel": {
          "type": "input_panel",
          "size": [ "177.78%y - 1.5px", "100%" ],
          "controls": [
            { "key_image@key_image_frame": {} }
          ]
        }
      },
      {
        "padding": {
          "type": "panel",
          "size": [ 2, 0 ]
        }
      },
      {
        "description_scroll@common.scrolling_panel": {
          "$show_background": false,
          "size": [ "fill", "100%" ],
          "$scrolling_content": "resource_pack_purchase.resource_pack_description",
          "$scroll_size": [ 5, "100% - 4px" ],
          "$scrolling_pane_size": [ "100% - 4px", "100%" ],
          "$scrolling_pane_offset": [ 2, 0 ],
          "$scroll_bar_right_padding_size": [ 0, 0 ]
        }
      }
    ]
  },

  "resource_pack_description": {
    "type": "label",
    "size": [ "100%", "default" ],
    "text": "#resource_pack_description",
    "font_type": "smooth",
    "shadow": true,
    "layer": 1,
    "bindings": [
      {
        "binding_name": "#resource_pack_description",
        "binding_type": "global"
      }
    ]
  },

  "content": {
    "type": "panel",
    "controls": [
      { "content_stack_panel@content_stack_panel": {} }
    ]
  },

  "content_stack_panel": {
    "type": "stack_panel",
    "orientation": "vertical",
    "size": [ "100% - 4px", "100% - 4px" ],
    "controls": [
      {
        "key_art_and_text@key_art_and_text": {}
      },
      {
        "empty_panel_0": {
          "type": "panel",
          "size": [ 0, 2 ]
        }
      },
      {
        "screenshot_carousel@screenshot_carousel": {
          "size": [ "100%", 44 ]
        }
      },
      {
        "empty_panel_1": {
          "type": "panel",
          "size": [ 0, 2 ]
        }
      },
      {
        "interaction_panel": {
          "type": "panel",
          "size": [ "100%", 28 ],
          "controls": [
            {
              "polymorphic_button@common_buttons.light_content_button": {
                "$pressed_button_name": "button.polymorphic_button_press",
                "$button_text_binding_type": "global",
                "$button_text": "#polymorphic_button_text",
                "$button_content": "common_store.unlock_with_coins_button_stack_panel",
                "anchor_from": "bottom_left",
                "anchor_to": "bottom_left",
                "layer": 1,
                "$coin_visible": "#polymorphic_button_coins_visible",
                "$coin_binding_type": "global",
                "bindings": [
                  {
                    "binding_name": "#polymorphic_button_visible",
                    "binding_name_override": "#visible"
                  },
                  {
                    "binding_name": "#item_meets_requirements",
                    "binding_name_override": "#enabled"
                  }
                ],
                // More bindings
                "$button_binding_condition|default": "none",
                "$button_text_grid_collection_name|default": ""
              }
            },
            {
              "progress_bar@resource_pack_purchase.download_progress": {}
            }
          ]
        }
      }
    ]
  },

  "resource_pack_purchase@common.base_screen": {
    "button_mappings": [
      {
        "from_button_id": "button.menu_cancel",
        "to_button_id": "button.menu_exit",
        "mapping_type": "global"
      },
      {
        "from_button_id": "button.menu_up",
        "to_button_id": "button.menu_up",
        "mapping_type": "global",
        "scope": "view"
      },
      {
        "from_button_id": "button.menu_down",
        "to_button_id": "button.menu_down",
        "mapping_type": "global",
        "scope": "view"
      },
      {
        "from_button_id": "button.menu_left",
        "to_button_id": "button.menu_left",
        "mapping_type": "global",
        "scope": "view"
      },
      {
        "from_button_id": "button.menu_right",
        "to_button_id": "button.menu_right",
        "mapping_type": "global",
        "scope": "view"
      }
    ],
    "$default_text_color": [ 0.3, 0.3, 0.3 ],
    "$screen_content": "resource_pack_purchase.resource_pack_purchase_screen_content"
  },

  "resource_pack_purchase_screen_content@common_store.store_dialog_with_coin_header": {
    "size": "$resource_pack_screen_size",
    "min_size": "$min_resource_pack_screen_size",
    "max_size": "$max_resource_pack_screen_size",
    "$child_control": "resource_pack_purchase.content",
    "$text_name": "$pack_name"
  },

  //--------------------------------------------------------------------------------
  // Store Bundle
  //--------------------------------------------------------------------------------

  "mashup_content": {
    "type": "stack_panel",
    "orientation": "vertical",
    "size": [ "100%", "100%" ],
    "variables": [
      {
        "requires": "$pocket_screen",
        "$screenshot_carousel_height": [ "100%", 42 ]
      },
      {
        "requires": "($desktop_screen or $is_holographic)",
        "$screenshot_carousel_height": [ "100%", 49 ]
      }
    ],
    "controls": [
      { "key_art_and_text@key_art_and_text": {} },
      {
        "empty_panel": {
          "type": "panel",
          "size": [ 0, 2 ]
        }
      },
      {
        "screenshot_carousel@screenshot_carousel": {
          "size": "$screenshot_carousel_height"
        }
      }
    ]
  }

}