{
  "namespace": "safe_zone",

  
  //---------------------------------------------------------------------------
  // Common
  //---------------------------------------------------------------------------

  "corner_image_common": {
    "type": "image",
    "uv": [ 0, 0 ],
    "uv_size": [ 19, 19 ],
    "size": [ 19, 19 ],
    "layer": 1,
    "use_anchored_offset": true,
    "property_bag": {
      "#anchored_offset_value": 0.0
    },
    "bindings": [
      {
        "binding_name": "#local_safe_zone_offset",
        "binding_name_override": "#anchored_offset_value"
      }
    ]
  },

  "corner_bl@safe_zone.corner_image_common": {
    "texture": "textures/gui/newgui/portfolio/photo_corner_bl",
    "anchor_to": "bottom_left",
    "anchor_from": "bottom_left"
  },

  "corner_br@safe_zone.corner_image_common": {
    "texture": "textures/gui/newgui/portfolio/photo_corner_br",
    "anchor_to": "bottom_right",
    "anchor_from": "bottom_right"
  },

  "corner_tr@safe_zone.corner_image_common": {
    "texture": "textures/gui/newgui/portfolio/photo_corner_tr",
    "anchor_to": "top_right",
    "anchor_from": "top_right"
  },

  "corner_tl@safe_zone.corner_image_common": {
    "texture": "textures/gui/newgui/portfolio/photo_corner_tl",
    "anchor_to": "top_left",
    "anchor_from": "top_left"
  },

  "confirm_button@common_buttons.light_text_button": {
    "layer": 1,
    "size": [ "100% - 14px", 30 ],
    "$pressed_button_name": "button.confirm_button",
    "$button_text": "gui.confirm",
    "default_focus_precedence": 1
  },

  "title_text": {
    "type": "label",
    "layer": 1,
    "text": "options.safeZone.title",
    "color": [ 0.275, 0.275, 0.275 ]
  },

  "instructions_text": {
    "type": "label",
    "layer": 1,
    "text": "options.safeZone.description",
    "color": "white"
  },

  "content_panel": {
    "type": "stack_panel",
    "controls": [
      {
        "safe_zone_slider@settings_common.option_slider": {
          "anchor_from": "top_middle",
          "anchor_to": "top_middle",
          "$option_label": "#safe_zone_slider_label",
          "$slider_name": "safe_zone",
          "$slider_value_binding_name": "#safe_zone",
          "$option_enabled_binding_name": "#safe_zone_enabled",
          "$label_bindings": [
            {
              "binding_name": "#safe_zone_slider_label"
            }
          ]
        }
      },
      {
        "instructions_text@safe_zone.instructions_text": {
          "offset": [ 0, 3 ],
          "size": [ "100%", "default" ]
        }
      }
    ]
  },

  // Screen //

  "safe_zone_screen@common.base_screen": {
    "controls": [
      {
        "safe_zone_bounds_markers": {
          "type": "panel",
          "controls": [
            { "top_left_marker@corner_tl": { } },
            { "top_right_marker@corner_tr": { } },
            { "bottom_left_marker@corner_bl": { } },
            { "bottom_right_marker@corner_br": { } }
          ]
        }
      },
      {
        "main_content_panel": {
          "type": "panel",
          "size": [ 172, 130 ],
          "controls": [
            {
              "common_panel@common.common_panel": {
                "$show_close_button": false,
                "$dialog_background": "dialog_background_hollow_2"
              }
            },
            {
              "title_text@safe_zone.title_text": {
                "offset": [ 0, 9 ],
                "size": [ "default", 15 ],
                "anchor_to": "top_middle",
                "anchor_from": "top_middle"
              }
            },
            {
              "content_panel@safe_zone.content_panel": {
                "anchor_from": "top_left",
                "anchor_to": "top_left",
                "size": [ "100%-21px", "100%-52px" ],
                "offset": [ 10, 24 ]
              }
            },
            {
              "confirm_button@safe_zone.confirm_button": {
                "anchor_from": "bottom_middle",
                "anchor_to": "bottom_middle",
                "offset": [ 0, -7 ]
              }
            }
          ]
        }
      }
    ],
    "button_mappings": [
      {
        "from_button_id": "button.menu_cancel",
        "to_button_id": "button.menu_exit",
        "mapping_type": "global"
      },
      {
        "from_button_id": "button.menu_up",
        "to_button_id": "button.menu_up",
        "mapping_type": "global",
        "scope": "view"
      },
      {
        "from_button_id": "button.menu_down",
        "to_button_id": "button.menu_down",
        "mapping_type": "global",
        "scope": "view"
      },
      {
        "from_button_id": "button.menu_left",
        "to_button_id": "button.menu_left",
        "mapping_type": "global",
        "scope": "view"
      },
      {
        "from_button_id": "button.menu_right",
        "to_button_id": "button.menu_right",
        "mapping_type": "global",
        "scope": "view"
      }
    ]
  }
}