{
  "namespace": "start",

  "language_icon": {
    "type": "image",
    "texture": "textures/gui/newgui/Language16",
    "layer": 3,
    "uv": [ 0, 0 ],
    "uv_size": [ 16, 16 ],
    "size": [ 16, 16 ]
  },

  "feedback_icon": {
    "type": "image",
    "texture": "textures/gui/newgui/Feedback",
    "layer": 3,
    "uv": [ 0, 0 ],
    "uv_size": [ 16, 16 ],
    "size": [ 16, 16 ]
  },

  "Xbox_icon": {
    "type": "image",
    "texture": "textures/gui/newgui/xbox4",
    "layer": 3,
    "uv": [ 0, 0 ],
    "uv_size": [ 27, 27 ],
    "size": [ 27, 27 ]
  },

  "change_skin_icon": {
    "type": "image",
    "anchor_from": "left_middle",
    "anchor_to": "left_middle",
    "texture": "textures/gui/newgui/hangar",
    "layer": 3,
    "uv": [ 0, 0 ],
    "uv_size": [ 32, 16 ],
    "size": [ 32, 16 ],
    "color": [ 0.3, 0.3, 0.3 ]
  },

  "new_offers_icon": {
    "type": "image",
    "texture": "textures/gui/newgui/newOffersIcon",
    "layer": 11, // This is the lowest layer where the button border won't show through this icon while being pressed
    "anchor_from": "top_right",
    "anchor_to": "top_right",
    "uv": [ 0, 0 ],
    "uv_size": [ 21, 15 ],
    "size": [ 21, 15 ],
    "offset": [ 3, -3 ]
  },

  "copyright": {
    "type": "label",
    "layer": 2,
    "text": "menu.copyright",
    "size": [ "default", 9 ],
    "max_size": [ "100%", "100%" ],
    "anchor_from": "top_left",
    "anchor_to": "top_left"
  },

  "development_version": {
    "type": "label",
    "layer": 2,
    "text": "#development_version",
    "size": [ "default", 9 ],
    "max_size": [ "100%", "100%" ],
    "anchor_from": "center",
    "anchor_to": "center",
    "bindings": [
      {
        "binding_name": "#development_version"
      }
    ]
  },

  "version": {
    "type": "label",
    "layer": 2,
    "text": "#version",
    "size": [ "default", 9 ],
    "max_size": [ "100%", "100%" ],
    "anchor_from": "top_right",
    "anchor_to": "top_right",
    "bindings": [
      {
        "binding_name": "#version"
      }
    ]
  },

  "text_panel": {
    "type": "panel",
    "size": [ "100%-2px", 9 ],
    "anchor_from": "bottom_middle",
    "anchor_to": "bottom_middle",
    "controls": [
      {
        "copyright@start.copyright": { }
      },
      {
        "development_version@start.development_version": {
          "ignored": "$is_publish"
        }
      },
      {
        "version@start.version": { }
      }
    ]
  },

  //---------------------------------------------------------------------------
  // Skins Panel
  //---------------------------------------------------------------------------

  "change_skin_button@common_buttons.light_glyph_button": {
    "$pressed_button_name": "button.menu_skins",
    "size": [ 25, 25 ],
    "anchor_from": "bottom_middle",
    "anchor_to": "bottom_middle",
    "$button_content_offset": [ 1, 2 ],
    "$button_content": "start.change_skin_icon",
    "$pressed_alpha": 0.65
  },

  "skin_viewer_panel": {
    "type": "input_panel",
    "anchor_from": "bottom_middle",
    "anchor_to": "bottom_middle",
    "size": [ "100%", "100% - 24px" ],
    "offset": [ 0, -16 ],
    "gesture_tracking_button": "button.turn_doll",
    "button_mappings": [
      {
        "from_button_id": "button.menu_select",
        "to_button_id": "button.turn_doll",
        "mapping_type": "pressed",
        "button_up_right_of_first_refusal": true
      }
    ],
    "controls": [
      {
        "paper_doll": {
          "type": "custom",
          "renderer": "paper_doll_renderer",
          "layer": 2,
          "anchor_from": "bottom_middle",
          "anchor_to": "bottom_middle",
          "rotation": "gesture_x",
          "size": [ "100%", "100% - 10px" ],
          "offset": [ 0, -22 ],
          "bindings": [
            {
              "binding_type": "view",
              "source_control_name": "viewer_panel",
              "source_property_name": "#gesture_mouse_delta_x",
              "target_property_name": "#gesture_mouse_delta_x"
            }
          ]
        }
      },
      {
        "paper_doll_name_tag": {
          "type": "custom",
          "renderer": "name_tag_renderer",
          "layer": 2,
          "anchor_from": "top_middle",
          "anchor_to": "bottom_middle",
          "size": [ 8, 8 ],
          "bindings": [
            {
              "binding_name": "#playername"
            }
          ]
        }
      }
    ]
  },

  "skin_panel": {
    "type": "panel",
    "anchor_to": "bottom_right",
    "anchor_from": "bottom_right",    
    "size": [ "50% - 75px", 124 ],
    "offset": [ 0, "-10% - 4px" ],
    "controls": [
      { "change_skin_button@start.change_skin_button": { } },
      { "viewer_panel@start.skin_viewer_panel": { } }
    ]
  },

  //---------------------------------------------------------------------------
  // Online Buttons Panel (and the lang button)
  //---------------------------------------------------------------------------

  "release_feedback_button@common.hyperlink_button": {
    "size": [ 24, 24 ],
    "property_bag":  {
      "#hyperlink": "http://aka.ms/minecraftfb"
    },
    "controls": [
      {
        "default@common.new_button_state_default": {
          "controls": [
            { "feedback_icon@start.feedback_icon": { } }
          ]
        }
      },
      {
        "hover@common.new_button_state_hover": {
          "controls": [
            { "feedback_icon@start.feedback_icon": { } }
          ]
        }
      },
      {
        "pressed@common.new_button_state_pressed": {
          "controls": [
            {
              "feedback_icon@start.feedback_icon": {
                "offset": [ 0, 1 ],
                "alpha": 0.65
              }
            }
          ]
        }
      }
    ]
  },

  "pre_release_feedback_button@start.release_feedback_button": {
    "property_bag":  {
      "#hyperlink": "http://aka.ms/minecraftfbbeta"
    }
  },

  "feedback_button": {
    "type": "panel",
    "controls": [
      { "release_feedback_button@start.release_feedback_button": { "ignored": "$pre_release" } },
      { "pre_release_feedback_button@start.pre_release_feedback_button": { "ignored": "(not $pre_release)" } }
    ]
  },

  // Button will resize itself to length of the text
  "xbl_signin_button@common_buttons.light_text_form_fitting_button": {
    "$pressed_button_name": "button.xbl_signin",
    "$button_text_max_size": [ 80, 10 ], // longest localized string length will fit in this
    "$button_text": "xbox.signin"
  },

  "column_frame": {
    "type": "panel"
  },

  "online_buttons_panel": {
    "type": "panel",
    "anchor_to": "bottom_left",
    "anchor_from": "bottom_left",
    "size": [ "50% - 75px", 32 ],
    "offset": [ 0, "-10%" ],    
    "controls": [
      {
        "stacked_column": {
          "type": "stack_panel",
          "size": [ "100%", "100%" ],
          "offset": [ "5%", 0 ],
          "anchor_from": "top_left",
          "anchor_to": "top_left",
          "orientation": "horizontal",
          "controls": [
            {
              "feedback_padding": {
                "type": "panel",
                "size": [ "5%", 0 ],
                "bindings": [
                  {
                    "binding_name": "#feedback_visible",
                    "binding_name_override": "#visible"
                  }
                ]
              }
            },
            {
              "feedback_btn@start.column_frame": {
                "ignored": "$feedback_ignored",
                "size": [ 28, 32 ],
                "controls": [
                  { "feedback_button@start.feedback_button": { } }
                ],
                "bindings": [
                  {
                    "binding_name": "#feedback_visible",
                    "binding_name_override": "#visible"
                  }
                ]
              }
            },
            {
              "xbl_btn@start.column_frame": {
                "size": [ 94, 32 ],
                "max_size": [ "100% - 5%", 32 ],
                "controls": [
                  { "xbl_signin_button@start.xbl_signin_button": { } }
                ],
                "bindings": [
                  {
                    "binding_name": "#sign_in_visible",
                    "binding_name_override": "#visible"
                  }
                ]
              }
            },
            {
              "signingin": {
                "size": [ "default", "100%" ],
                "max_size": [ "100%", "100%" ],
                "type": "label",
                "text": "#signingin_text",
                "bindings": [
                  {
                    "binding_name": "#signingin_visible",
                    "binding_name_override": "#visible"
                  },
                  {
                    "binding_name": "#signingin_text"
                  }
                ]
              }
            }
          ]
        }
      }
    ]
  },

  //---------------------------------------------------------------------------
  // Main Buttons Panel
  //---------------------------------------------------------------------------

  "main_button@common_buttons.light_text_button": {
    "size": [ "100% - 2px", "100% - 2px" ]
  },

  "play_button@start.main_button": {
    "$pressed_button_name": "button.menu_play",
    "$button_text": "menu.play",
    "default_focus_precedence": 1
  },

  "achievements_button@start.main_button": {
    "$pressed_button_name": "button.menu_achievements",
    "$button_text": "menu.achievements"
  },

  "settings_button@start.main_button": {
    "$pressed_button_name": "button.menu_settings",
    "$button_text": "menu.settings"
  },

  "store_button@start.main_button": {
    "$pressed_button_name": "button.menu_store",
    "$button_text": "menu.store"
  },

  "buy_game_button@start.main_button": {
    "$pressed_button_name": "button.menu_buy_game",
    "$button_text": "trial.pauseScreen.buyGame"
  },

  "stacked_row": {
    "type": "panel",
    "size": [ "100%", 32 ]
  },

  "main_buttons_panel": {
    "type": "panel",
    "anchor_from": "center",
    "anchor_to": "top_middle",
    "size": [ 150, 100 ],
    "offset": [ 0, "-5%" ],
    "controls": [
      {
        "stacked_rows": {
          "type": "stack_panel",
          "size": [ "100%", "100%" ],
          "anchor_from": "top_middle",
          "anchor_to": "top_middle",
          "controls": [
            {
              "stacked_row_0@start.stacked_row": {
                "controls": [
                  { "play_button@start.play_button": { } }
                ]
              }
            },
            {
              "stacked_row_1@start.stacked_row": {
                "ignored": "$achievements_ignored",
                "controls": [
                  { "achievements_button@start.achievements_button": { } }
                ],
                "bindings": [
                  {
                    "binding_name": "#achievements_visible",
                    "binding_name_override": "#visible"
                  }
                ]
              }
            },
            {
              "stacked_row_2@start.stacked_row": {
                "controls": [
                  {
                    "stacked_columns": {
                      "type": "stack_panel",
                      "size": [ "100%", "100%" ],
                      "orientation": "horizontal",
                      "controls": [
                        {
                          "stacked_col_0": {
                            "type": "panel",
                            "size": [ "fill", "100%" ],
                            "controls": [
                              { "settings_button@start.settings_button": { } }
                            ]
                          }
                        },
                        {
                          "stacked_col_1": {
                            "type": "panel",
                            "size": [ "50%", "100%" ],
                            "ignored": "$store_ignored",
                            "controls": [
                              { "store_button@start.store_button": { } },
                              {
                                "new_offers_icon@start.new_offers_icon": {
                                  "bindings": [
                                    {
                                      "binding_name": "#new_offers",
                                      "binding_name_override": "#visible"
                                    }
                                  ]
                                }
                              }
                            ]
                          }
                        }
                      ]
                    }
                  }
                ]
              }
            },
            {
              "stacked_row_3@start.stacked_row": {
                "controls": [
                  { "buy_game_button@start.buy_game_button": { } }
                ],
                "bindings": [
                  {
                    "binding_name": "#trial_game_mode",
                    "binding_name_override": "#visible"
                  }
                ]
              }
            }
          ]
        }
      }
    ]
  },

  "gamepad_helpers": {
    "type": "stack_panel",
    "orientation": "horizontal",
    "offset": [ 0, "40%" ],
    "size": [ "100%c", 10 ],
    "controls": [
      { "gamepad_helper_a@common.gamepad_helper_a": { } },
      {
        "control": {
          "type": "panel",
          "size": [ 10, 0 ]
        }
      },
      { "gamepad_helper_b@common.gamepad_helper_b": { } }
    ]
  },

  //---------------------------------------------------------------------------
  // Realms Invite Panel
  //---------------------------------------------------------------------------

  "invite_notification_icon": {
    "type": "image",
    "texture": "$invite_texture",
    "uv": [ 0, 0 ],
    "uv_size": [ 16, 16 ],
    "size": [ 16, 16 ]
  },

  "realms_pending_invite_panel": {
    "type": "panel",
    "layer": 1,
    "size": [ 24, 24 ],
    "controls": [
      {
        "button@common.new_button": {
          "$pressed_button_name": "button.menu_invite_notification",
          "size": [ 20, 20 ],
          "offset": [ 2, 2 ],
          "controls": [
            {
              "default@start.invite_notification_icon": { "$invite_texture": "textures/gui/newgui/invite_base" }
            },
            {
              "hover@start.invite_notification_icon": { "$invite_texture": "textures/gui/newgui/invite_hover" }
            },
            {
              "pressed@start.invite_notification_icon": { "$invite_texture": "textures/gui/newgui/invite_pressed" }
            }
          ]
        }
      }
    ],
    "bindings": [
      {
        "binding_name": "#realms_notification_visible",
        "binding_name_override": "#visible"
      }
    ]
  },

  //---------------------------------------------------------------------------
  // Screens
  //---------------------------------------------------------------------------

  "start_screen@common.base_screen": {

    "button_mappings": [
      {
        "from_button_id": "button.menu_cancel",
        "to_button_id": "button.menu_exit",
        "mapping_type": "global"
      },
      {
        "from_button_id": "button.menu_up",
        "to_button_id": "button.menu_up",
        "mapping_type": "global",
        "scope": "view"
      },
      {
        "from_button_id": "button.menu_down",
        "to_button_id": "button.menu_down",
        "mapping_type": "global",
        "scope": "view"
      },
      {
        "from_button_id": "button.menu_left",
        "to_button_id": "button.menu_left",
        "mapping_type": "global",
        "scope": "view"
      },
      {
        "from_button_id": "button.menu_right",
        "to_button_id": "button.menu_right",
        "mapping_type": "global",
        "scope": "view"
      }
    ],
    "$screen_content": "start.start_screen_content"
  },

  "start_screen_content": {
    "type": "panel",
    "$achievements_ignored|default": false,
    "$feedback_ignored|default": false,
    "$store_ignored|default": false,
    "variables": [
      {
        "requires": "$education_edition",
        "$achievements_ignored": true,
        "$store_ignored|default": true
      },
      {
        "requires": "$gear_vr",
        "$feedback_ignored": true
      },
      {
        "requires": "$fire_tv",
        "$feedback_ignored": true
      }
    ],
    "controls": [
      {
        "title_panel_content@common_art.title_panel_content": { }
      },
      {
        "skin_panel@start.skin_panel": { "layer": 1 }
      },
      {
        "gamepad_helpers@start.gamepad_helpers": { }
      },
      {
        "main_buttons_panel@start.main_buttons_panel": { }
      },
      {
        "online_buttons_panel@start.online_buttons_panel": { }
      },
      {
        "text_panel@start.text_panel": { }
      },
      {
        "realms_pending_invite_panel@start.realms_pending_invite_panel": {
          "anchor_from": "top_left",
          "anchor_to": "top_left"
        }
      }
    ]
  }
}