{
  "namespace": "store_home", 

  //--------------------------------------------------------------------------------
  // Content
  //--------------------------------------------------------------------------------

  "category_grid": {
    "type": "grid",
    "size": [ "100%", "default" ], // height is 'default' therefore based on 'size of children'
    "anchor_from": "top_left",
    "anchor_to": "top_left",
    "grid_item_template": "common_store.content_category_grid_item",
    "grid_dimension_binding": "#category_grid_dimensions",
    "collection_name": "category_collection",
    "bindings": [
      {
        "binding_name": "#category_grid_dimensions"
      }
    ]
  },

  "scrolling_content_stack": {
    "anchor_from": "top_middle",
    "anchor_to": "top_middle",
    "type": "stack_panel",
    "orientation": "vertical",
    "controls": [
      {
        "empty_panel_0": {
          "type": "panel",
          "size": [ 0, 2 ]
        }
      },
      {
        "featured_panel": {
          "type": "panel",
          "size": [ "100%", "100%c" ],
          "controls": [
            {
              "featured@common_store.featured": {
                "size": [ "100% - 4px", "25.3122%x + 1px" ] // The y value is = ((100%)/177.78%)*45% for the 16:9 aspect ratio of the key art taking up half the screen width
              }
            }            
          ]
        }
      },
      {
        "empty_panel_1": {
          "type": "panel",
          "size": [ 0, 2 ]
        }
      },
      {
        "category_panel": {
          "type": "panel",
          "size": [ "100%", "100%c" ],
          "controls": [
            {
              "category_row@store_home.category_row_button_panel": { }
            }
          ]
        }
      },
      {
        "empty_panel_2": {
          "type": "panel",
          "size": [ 0, 1 ]
        }
      },
      {
        "category_grid@store_home.category_grid": { }
      },
      {
        "footer": {
          "type": "panel",
          "visible": "$requires_restore_button",
          "size": [ "100%", 30 ],
          "controls": [
            {
              "restore_purchases@common_store.restore_purchases": {
                "size": [ "28%", 30 ]
              }
            }
          ]
        }
      },
      {
        "empty_panel_3": {
          "type": "panel",
          "size": [ 0, 1 ]
        }
      }
    ]
  },

  "main_panel": {
    "type": "input_panel",
    "anchor_from": "top_left",
    "anchor_to": "top_left",
    "offset": [ 0, 0 ],
    "size": [ "100%", "100%" ],
    "controls": [
      {
        "offers@common.scrolling_panel": {
          "anchor_from": "top_left",
          "anchor_to": "top_left",
          "$scrolling_pane_size": [ "100%", "100%" ],
          "$scrolling_pane_offset": [ 0, 0 ],
          "$scroll_size": [ 5, "100% - 4px" ],
          "$scrolling_content": "store_home.scrolling_content_stack",
          "$scroll_bar_left_padding_size": [ 0, 0 ],
          "$show_background": false,
          "$bar_visible": false,
          "bindings": [
            {
              "binding_name": "(not #page_loading_visible)",
              "binding_name_override": "#visible"
            }
          ]
        }
      },
      {
        "progress_loading@common_store.progress_loading": {
          "layer": 100, // Make this on top
          "bindings": [
            {
              "binding_name": "#page_loading_visible",
              "binding_name_override": "#visible"
            }
          ]
        }
      }
    ]
  },

  "category_row_button_panel": {
    "type": "stack_panel",
    "orientation": "horizontal",
    "size": [ "100% - 4px", 30 ],
    "controls": [
      {
        "skin_packs@store_home.category_row_button": {
          "$image_texture_path": "textures/gui/newgui/Bundle/hangar",
          "$button_text": "offer.category.skinpack",
          "$pressed_button_name": "button.skinpacks"
        }
      },
      {
        "padding_1": {
          "type": "panel",
          "size": [ 2, "100%" ]
        }
      },
      {
        "texture_packs@store_home.category_row_button": {
          "$image_texture_path": "textures/gui/newgui/Bundle/PaintBrush",
          "$button_text": "offer.category.resourcepack",
          "$pressed_button_name": "button.texturepacks"
        }
      },
      {
        "padding_2": {
          "type": "panel",
          "size": [ 2, "100%" ]
        }
      },
      {
        "worlds@store_home.category_row_button": {
          "$image_texture_path": "textures/gui/newgui/Bundle/world",
          "$button_text": "offer.category.worldtemplate",
          "$pressed_button_name": "button.worlds"
        }
      },
      {
        "padding_3": {
          "type": "panel",
          "size": [ 2, "100%" ]
        }
      },
      {
        "mashup_packs@store_home.category_row_button": {
          "$image_texture_path": "textures/gui/newgui/Bundle/MashupIcon",
          "$button_text": "offer.category.mashup",
          "$pressed_button_name": "button.mashups"
        }
      }
    ]
  },

  "category_row_button@common_buttons.light_content_button": {
    "size": [ "25% - 1.5px", "100%" ],
    "$button_content": "store_home.category_button_content",

          // For text bindings
    "$button_text_binding_type|default": "none",
    "$button_binding_condition|default": "none",
    "$button_text_grid_collection_name|default": ""
  },

  "category_button_content": {
    "type": "stack_panel",
    "orientation": "horizontal",
    "size": [ "100%", "100%" ],
    "$image_texture_path|default": "",
    "controls": [
      {
        "button_image_panel": {
          "type": "panel",
          "size": [ "100%c", "100%" ],
          "controls": [
            {
              "button_image": {
                "type": "image",
                "size": [ 20, 20 ],
                "texture": "$image_texture_path",
                "layer": 1,
                "uv": [ 0, 0 ]
              }
            }
          ]
        }
      },
      {
        "padding": {
          "type": "panel",
          "size": [ 4, "100%" ]
        }
      },
      {
        "label_panel": {
          "type": "panel",
          "size": [ "fill", "100%" ],
          "controls": [
            {
              "button_text_label@common_buttons.new_ui_binding_button_label": {
                "layer": 5,
                "$button_text_size": [ "100%", "default" ],
                "$button_text_max_size": [ "100%", 20 ],
                "$text_alignment": "left"
              }
            }
          ]
        }
      }
    ]
  },

  //--------------------------------------------------------------------------------
  // Screen
  //--------------------------------------------------------------------------------

  "store_home_screen@common.base_screen": {
    "button_mappings": [
      {
        "from_button_id": "button.menu_cancel",
        "to_button_id": "button.menu_exit",
        "mapping_type": "global"
      },
      {
        "from_button_id": "button.menu_up",
        "to_button_id": "button.menu_up",
        "mapping_type": "global",
        "scope": "view"
      },
      {
        "from_button_id": "button.menu_down",
        "to_button_id": "button.menu_down",
        "mapping_type": "global",
        "scope": "view"
      },
      {
        "from_button_id": "button.menu_left",
        "to_button_id": "button.menu_left",
        "mapping_type": "global",
        "scope": "view"
      },
      {
        "from_button_id": "button.menu_right",
        "to_button_id": "button.menu_right",
        "mapping_type": "global",
        "scope": "view"
      }
    ],
    "$default_text_color": [ 0.3, 0.3, 0.3 ],
    "$screen_content": "store_home.store_screen_content"
  },

  "store_screen_content": {
    "type": "panel",
    "alpha": "@common_store.screen_fade_in_alpha_anim",
    "propagate_alpha": true,
    "disable_anim_fast_forward": true,
    "controls": [
      {
        "main_panel@common_store.store_header_with_coins": {
          "$text_name": "store.title",
          "$child_control": "store_home.main_panel",
          "$coin_balance_override_down": "feature_key_art_id",
          "$back_button_text": "store.menu.home"
        }
      },
      {
        "popup_dialog_factory": {
          "type": "factory",
          "control_ids": {
            "no_store_connection": "@common_store.popup_dialog__no_store_connection",
            "restore_popup": "@common_store.popup_dialog__restore_popup",
            "restore_failed": "@common_store.popup_dialog__restore_failed"
          }
        }
      }
    ]
  }
}