{
  "namespace": "third_party_store",

  //--------------------------------------------------------------------------------
  // Controls
  //--------------------------------------------------------------------------------



  //--------------------------------------------------------------------------------
  // Content
  //--------------------------------------------------------------------------------

  "main_panel": {
    "type": "input_panel",
    "anchor_from": "top_left",
    "anchor_to": "top_left",
    "offset": [ 0, 0 ],
    "size": [ "100%", "100%" ],
    "controls": [
      {
        "offers@common.scrolling_panel": {
          "anchor_from": "top_left",
          "anchor_to": "top_left",
          "$scrolling_pane_size": [ "100%", "100%" ],
          "$scrolling_pane_offset": [ 0, 0 ],
          "$scroll_size": [ 5, "100% - 4px" ],
          "$scrolling_content": "common.empty_panel",
          "$scroll_bar_left_padding_size": [ 0, 0 ],
          "$show_background": false,
          "$bar_visible": false
        }
      }
    ]
  },

  //--------------------------------------------------------------------------------
  // Screen
  //--------------------------------------------------------------------------------

  "third_party_store_screen@common.base_screen": {
    "button_mappings": [
      {
        "from_button_id": "button.menu_cancel",
        "to_button_id": "button.menu_exit",
        "mapping_type": "global"
      },
      {
        "from_button_id": "button.menu_up",
        "to_button_id": "button.menu_up",
        "mapping_type": "global",
        "scope": "view"
      },
      {
        "from_button_id": "button.menu_down",
        "to_button_id": "button.menu_down",
        "mapping_type": "global",
        "scope": "view"
      },
      {
        "from_button_id": "button.menu_left",
        "to_button_id": "button.menu_left",
        "mapping_type": "global",
        "scope": "view"
      },
      {
        "from_button_id": "button.menu_right",
        "to_button_id": "button.menu_right",
        "mapping_type": "global",
        "scope": "view"
      }
    ],
    "$default_text_color": [ 0.3, 0.3, 0.3 ],
    "$screen_content": "store.store_screen_content"
  },

  "store_screen_content": {
    "type": "panel",
    "alpha": "@common_store.screen_fade_in_alpha_anim",
    "propagate_alpha": true,
    "disable_anim_fast_forward": true,
    "controls": [
      {
        "main_panel@common_dialogs.main_panel_no_buttons": {
          "size": "$store_screen_size",
          "offset": [ 0, 0 ],
          "$text_name": "store.title",
          "$child_control": "store.main_panel"
        }
      },
      {
        "popup_dialog_factory": {
          "type": "factory",
          "control_ids": {
            "no_store_connection": "@common_store.popup_dialog__no_store_connection",
            "restore_popup": "@common_store.popup_dialog__restore_popup",
            "restore_failed": "@common_store.popup_dialog__restore_failed"
          }
        }
      }
    ]
  }
}