{
  "namespace": "trade_pocket",

  //---------------------------------------------------------------------------
  // Common Controls
  //---------------------------------------------------------------------------

  "image_atlas": {
    "type": "image",
    "texture": "textures/gui/gui",
    "layer": 1
  },

  // Backgrounds //
  "background_image@common.sprite_sheet_base": {
    "size": [ "100%", "100%" ],
    "nineslice_size": 4.0,
    "uv": [ 0, 0 ],
    "uv_size": [ 16, 16 ],
    "layer": 1
  },

  "recipe_item_panel": {
    "type": "panel",
    "size": [ 26, 26 ],
    "$item_collection_name": "$recipe_collection",
    "controls": [
      {
        "item_renderer@common.item_renderer": {
          "size": [ 18, 18 ],
          "layer": 1,
          "bindings": [
            {
              "binding_name": "#item_id_aux",
              "binding_condition": "visible",
              "binding_type": "collection",
              "binding_collection_name": "$item_collection_name"
            }
          ],
          "controls": [
            {
              "stack_count_label@common.stack_count_label": {
                "layer": 2,
                "bindings": [
                  {
                    "binding_name": "#item_stack_count",
                    "binding_name_override": "#inventory_stack_count",
                    "binding_condition": "visible",
                    "binding_type": "collection",
                    "binding_collection_name": "$item_collection_name"
                  }
                ]
              }
            }
          ]
        }
      }
    ]
  },

  "result_item_panel": {
    "type": "panel",
    "size": [ 26, 26 ],
    "$item_collection_name": "$recipe_collection",
    "controls": [
      {
        "output_item_name": {
          "type": "label",
          "anchor_from": "top_middle",
          "anchor_to": "bottom_middle",
          "text": "#text",
          "text_alignment": "center",
          "size": ["300%", "default"],
          "bindings": [
            {
              "binding_name": "#sell_item_name",
              "binding_name_override": "#text",
              "binding_type": "global",
              "binding_condition": "visible"
            }
          ]
        }
      },
      { "recipe_item_panel@trade.recipe_item_panel": { } }
    ]
  },

  "trade_item_slot": {
    "type": "panel",
    "size": [ 26, 26 ],
    "$item_collection_name": "$trade_ingredient_collection",
    "controls": [
      {
        "container_item@common.pocket_ui_container_item": {
          "anchor_to": "center",
          "anchor_from": "center"
        }
      }
    ]
  },

  "trade_item_slotB@trade_item_slot": {
    "bindings": [
      {
        "binding_name": "#show_second_trade_slot",
        "binding_name_override": "#visible",
        "binding_type": "global"
      }
    ]
  },

  //---------------------------------------------------------------------------
  // Panels
  //---------------------------------------------------------------------------

  // Merchant Grid and Panel's // 

  "purchase_grid": {
    "type": "grid",
    "size": [ 120, 60 ],
    "anchor_from": "center",
    "anchor_to": "center",
    "grid_dimensions": [ 4, 1 ],
    "controls": [
      {
        "grid_slot1@trade.purchase_grid_item": {
          "grid_position": [ 0, 0 ],
          "$top_item": "trade.recipe_item_panel",
          "$bottom_item": "trade_pocket.trade_item_slot",
          "$recipe_collection": "trade_item_A",
          "$trade_ingredient_collection": "trade_ingredient1_items"
        }
      },
      {
        "grid_slot2@trade.purchase_grid_item": {
          "grid_position": [ 1, 0 ],
          "$top_item": "trade.recipe_item_panel",
          "$bottom_item": "trade_pocket.trade_item_slotB",
          "$recipe_collection": "trade_item_B",
          "$trade_ingredient_collection": "trade_ingredient2_items"
        }
      },
      {
        "arrow@trade.purchase_grid_item": {
          "grid_position": [ 2, 0 ],
          "$top_item": "trade.arrow",
          "$bottom_item": "trade.arrow"
        }
      },
      {
        "result_item_slot@trade.purchase_grid_item": {
          "grid_position": [ 3, 0 ],
          "$cell_image_size": [ 26, 26 ],
          "$top_item": "trade_pocket.result_item_panel",
          "$bottom_item": "trade_pocket.trade_item_slot",
          "$recipe_collection": "sell_item",
          "$trade_ingredient_collection": "trade_result_item"
        }
      }
    ]
  },

  "merchant_purchase_panel": {
    "type": "panel",
    "controls": [
      {
        "left@trade.cycle_recipe_left_button": {
          "size": [ 20, 30 ],
          "$default_texture": "textures/gui/newgui/classic-button",
          "$hover_texture": "textures/gui/newgui/classic-button-hover",
          "$pressed_texture": "textures/gui/newgui/classic-button-pressed"
        }
      },
      { "purchase_grid@trade_pocket.purchase_grid": { } },
      {
        "right@trade.cycle_recipe_right_button": {
          "size": [ 20, 30 ],
          "$default_texture": "textures/gui/newgui/classic-button",
          "$hover_texture": "textures/gui/newgui/classic-button-hover",
          "$pressed_texture": "textures/gui/newgui/classic-button-pressed"
        }
      }
    ]
  },

  "merchant_panel": {
    "type": "panel",
    "size": [ 170, 80 ],
    "controls": [
      { "merchant_purchase_panel@trade_pocket.merchant_purchase_panel": { } }
    ]
  },

  // Inventory Grids and Panel //
  "inventory_grid": {
    "type": "grid",
    "grid_rescaling_type": "horizontal",
    "anchor_to": "top_left",
    "anchor_from": "top_left",
    "size": [ "100%", "default" ],
    "maximum_grid_items": "$container_size",
    "collection_name": "$pane_collection",
    "grid_item_template": "common.pocket_ui_container_item",
    "$item_collection_name": "$pane_collection",
    "bindings": [
      {
        "binding_name": "#collection_total_items",
        "binding_name_override": "#maximum_grid_items",
        "binding_type": "collection",
        "binding_condition": "visible",
        "binding_collection_name": "$pane_collection"
      }
    ]
  },

  "inventory_panel": {
    "type": "panel",
    "size": [ "100%", "100%" ],
    "anchor_to": "center",
    "anchor_from": "center",
    "controls": [
      {
        "scrolling_panel@common.scrolling_panel": {
          "layer": 1,
          "size": [ "100%-2px", "100%-2px" ],
          "anchor_to": "top_left",
          "anchor_from": "top_left",
          "$scrolling_pane_size": [ "100%", "100%-2px" ],
          "$scrolling_content": "trade_pocket.inventory_grid",
          "$scroll_box_mouse_image_control": "common-classic.button_state_default",
          "$scroll_size|default": [ "8px", "100%" ]
        }
      }
    ]
  },


  //---------------------------------------------------------------------------
  // Screens
  //---------------------------------------------------------------------------

  // Half Screens //
  "half_screen": {
    "type": "panel",
    "size": [ "50%", "100%-31px" ],
    "offset": [ 0, 27 ],
    "anchor_from": "top_left",
    "anchor_to": "top_left"
  },

  "inventory_half_screen@trade_pocket.half_screen": {
    "size": [ "50%", "100%-35px" ],
    "max_size": [ "100%-200px", "100%-35px" ],
    "offset": [ 9, 31 ],
    "controls": [
      { "inventory_panel@trade_pocket.inventory_panel": { } }
    ]
  },

  "merchant_half_screen@trade_pocket.half_screen": {
    "anchor_from": "top_right",
    "anchor_to": "top_right",
    "size": [ "50%", "100%-35px" ],
    "min_size": [ 200, "100%-35px" ],
    "controls": [
      { "merchant_panel@trade_pocket.merchant_panel": { } }
    ]
  },

  // Header //
  "header": {
    "type": "panel",
    "layer": 2,
    "size": [ "100%", 28 ],
    "anchor_from": "top_middle",
    "anchor_to": "top_middle",
    "controls": [
      {
        "header_background": {
          "type": "image",
          "nineslice_size": [ 3, 3, 3, 6 ],
          "texture": "textures/gui/newgui/TopBar",
          "uv": [ 0, 0 ],
          "uv_size": [ 5, 8 ]
        }
      },
      { "close_button@common.legacy_pocket_close_button": { } },
      {
        "villager_name_label": {
          "type": "label",
          "text": "$villager_name",
          "layer": 1,
          "anchor_from": "center",
          "anchor_to": "center"
        }
      }
    ]
  },

  // Trade Screen //
  "trade_panel@common.inventory_screen_common": {
    "size": [ "100%", "100%" ],
    "controls": [
      { "gamepad_helpers@common.container_gamepad_helpers": { "layer": 1 } },
      { "inventory_selected_icon_button@common.inventory_selected_icon_button": { } },
      { "bg@background_image": { "layer": 1 } },
      { "header@trade_pocket.header": { "layer": 1 } },
      {
        "inventory@trade_pocket.inventory_half_screen": {
          "layer": 1,
          "$container_size": 36,
          "$pane_collection": "combined_hotbar_and_inventory_items"
        }
      },
      { "merchant_half_screen@trade_pocket.merchant_half_screen": { "layer": 8 } },
      { "hold_icon@common.inventory_take_progress_icon_button": { } },
      { "flying_item_renderer@common.flying_item_renderer": { } },
      {
        "selected_item_details_factory": {
          "type": "factory",
          "control_name": "@pocket_containers.selected_item_details"
        }
      }
    ],
    "button_mappings": [
      {
        "from_button_id": "button.menu_cancel",
        "to_button_id": "button.menu_exit",
        "mapping_type": "global"
      }
    ]
  }
}