{
  "format_version": "1.8.0",
  "geometry.phantom": {
    "texturewidth": 64,
    "textureheight": 64,
    "bones": [
      {
        "name": "body",
        "pivot": [ 0.0, 24.0, 0.0 ],
        "bind_pose_rotation": [ 0.0, 0.0, 0.0 ],
        "cubes": [
          {
            "origin": [ -3.0, 23.0, -8.0 ],
            "size": [ 5.0, 3.0, 9.0 ],
            "uv": [ 0, 8 ]
          }
        ]
      },
      {
        "name": "wing0",
        "pivot": [ 2.0, 26.0, -8.0 ],
        "bind_pose_rotation": [ 0.0, 0.0, 5.7 ],
        "cubes": [
          {
            "origin": [ 2.0, 24.0, -8.0 ],
            "size": [ 6.0, 2.0, 9.0 ],
            "uv": [ 23, 12 ]
          }
        ],
        "parent": "body"
      },
      {
        "name": "wingtip0",
        "pivot": [ 8.0, 26.0, -8.0 ],
        "bind_pose_rotation": [ 0.0, 0.0, 5.7 ],
        "cubes": [
          {
            "origin": [ 8.0, 25.0, -8.0 ],
            "size": [ 13.0, 1.0, 9.0 ],
            "uv": [ 16, 24 ]
          }
        ],
        "parent": "wing0"
      },
      {
        "name": "wing1",
        "pivot": [ -3.0, 26.0, -8.0 ],
        "bind_pose_rotation": [ 0.0, 0.0, -5.7 ],
        "mirror": true,
        "cubes": [
          {
            "origin": [ -9.0, 24.0, -8.0 ],
            "size": [ 6.0, 2.0, 9.0 ],
            "uv": [ 23, 12 ]
          }
        ],
        "parent": "body"
      },
      {
        "name": "wingtip1",
        "pivot": [ -9.0, 24.0, -8.0 ],
        "bind_pose_rotation": [ 0.0, 0.0, -5.7 ],
        "mirror": true,
        "cubes": [
          {
            "origin": [ -22.0, 25.0, -8.0 ],
            "size": [ 13.0, 1.0, 9.0 ],
            "uv": [ 16, 24 ]
          }
        ],
        "parent": "wing1"
      },
      {
        "name": "head",
        "pivot": [ 0.0, 23.0, -7.0 ],
        "bind_pose_rotation": [ 11.5, 0.0, 0.0 ],
        "cubes": [
          {
            "origin": [ -4.0, 22.0, -12.0 ],
            "size": [ 7.0, 3.0, 5.0 ],
            "uv": [ 0, 0 ]
          }
        ],
        "parent": "body"
      },
      {
        "name": "tail",
        "pivot": [ 0.0, 26.0, 1.0 ],
        "bind_pose_rotation": [ 0.0, 0.0, 0.0 ],
        "cubes": [
          {
            "origin": [ -2.0, 24.0, 1.0 ],
            "size": [ 3.0, 2.0, 6.0 ],
            "uv": [ 3, 20 ]
          }
        ],
        "parent": "body"
      },
      {
        "name": "tailtip",
        "pivot": [ 0.0, 25.5, 7.0 ],
        "bind_pose_rotation": [ 0.0, 0.0, 0.0 ],
        "cubes": [
          {
            "origin": [ -1.0, 24.5, 7.0 ],
            "size": [ 1.0, 1.0, 6.0 ],
            "uv": [ 4, 29 ]
          }
        ],
        "parent": "tail"
      }
    ]
  }
}