{
  "format_version": "1.10",
  "minecraft:attachable": {
    "description": {
      "identifier": "minecraft:bow",
      "materials": {
        "default": "entity_alphatest",
        "enchanted": "entity_alphatest_glint"
      },
      "textures": {
        "default": "textures/items/bow_standby",
        "bow_pulling_0": "textures/items/bow_pulling_0",
        "bow_pulling_1": "textures/items/bow_pulling_1",
        "bow_pulling_2": "textures/items/bow_pulling_2",
        "enchanted": "textures/misc/enchanted_item_glint"
      },
      "geometry": {
        "default": "geometry.bow_standby",
        "bow_pulling_0": "geometry.bow_pulling_0",
        "bow_pulling_1": "geometry.bow_pulling_1",
        "bow_pulling_2": "geometry.bow_pulling_2"
      },
      "render_controllers": [ "controller.render.bow" ]
    }
  }
}
