{
  "format_version": "1.8.0",
  "geometry.pufferfish.small.v1.8": {
    "visible_bounds_width": 0.5,
    "visible_bounds_height": 0.5,
    "texturewidth": 32,
    "textureheight": 32,
    "bones": [
      {
        "name": "body",
        "cubes": [
          {
            "origin": [ -1.5, 0.0, -1.5 ],
            "size": [ 3.0, 2.0, 3.0 ],
            "uv": [ 0.0, 27.0 ]
          },
          {
            "origin": [ 0.5, 2.0, -1.5 ],
            "size": [ 1.0, 1.0, 1.0 ],
            "uv": [ 24.0, 6.0 ]
          },
          {
            "origin": [ -1.5, 2.0, -1.5 ],
            "size": [ 1.0, 1.0, 1.0 ],
            "uv": [ 28.0, 6.0 ]
          }
        ]
      },
      {
        "name": "tailfin",
        "parent": "body",
        "cubes": [
          {
            "origin": [ -1.5, 1.0, 1.5 ],
            "size": [ 3.0, 0.0, 3.0 ],
            "uv": [ -3.0, 0.0 ]
          }
        ]
      },
      {
        "name": "leftFin",
        "parent": "body",
        "pivot": [
          6.5,
          5.0,
          0.5
        ],
        "cubes": [
          {
            "origin": [
              1.5,
              0.0,
              -1.5
            ],
            "size": [
              1.0,
              1.0,
              2.0
            ],
            "uv": [
              25.0,
              0.0
            ],
            "mirror": true
          }
        ]
      },
      {
        "name": "rightFin",
        "parent": "body",
        "pivot": [
          -6.5,
          5.0,
          0.5
        ],
        "cubes": [
          {
            "origin": [
              -2.5,
              0.0,
              -1.5
            ],
            "size": [
              1.0,
              1.0,
              2.0
            ],
            "uv": [
              25.0,
              0.0
            ]
          }
        ]
      }
    ]
  },
  "geometry.pufferfish.mid.v1.8": {
    "visible_bounds_width": 0.5,
    "visible_bounds_height": 0.5,
    "texturewidth": 32,
    "textureheight": 32,
    "bones": [
      {
        "name": "body",
        "cubes": [
          {
            "origin": [ -2.5, 1.0, -2.5 ],
            "size": [ 5.0, 5.0, 5.0 ],
            "uv": [ 12.0, 22.0 ]
          }
        ]
      },
      {
        "name": "leftFin",
        "parent": "body",
        "pivot": [ 2.5, 5.0, 0.5 ],
        "cubes": [
          {
            "origin": [
              2.5,
              4.0,
              -1.5
            ],
            "size": [
              2.0,
              1.0,
              2.0
            ],
            "uv": [
              24.0,
              3.0
            ]
          }
        ]
      },
      {
        "name": "rightFin",
        "parent": "body",
        "pivot": [
          -2.5,
          5.0,
          0.5
        ],
        "cubes": [
          {
            "origin": [
              -4.5,
              4.0,
              -1.5
            ],
            "size": [
              2.0,
              1.0,
              2.0
            ],
            "uv": [
              24.0,
              0.0
            ]
          }
        ]
      },
      {
        "name": "spines_top_front",
        "parent": "body",
        "bind_pose_rotation": [ 45.0, 0.0, 0.0 ],
        "pivot": [
          0,
          6.0,
          -2.5
        ],
        "cubes": [
          {
            "origin": [
              -2.5,
              6.0,
              -2.5
            ],
            "size": [
              5.0,
              1.0,
              0.0
            ],
            "uv": [
              19.0,
              17.0
            ]
          }
        ]
      },
      {
        "name": "spines_top_back",
        "parent": "body",
        "bind_pose_rotation": [ -45.0, 0.0, 0.0 ],
        "pivot": [
          0,
          6.0,
          2.5
        ],
        "cubes": [
          {
            "origin": [
              -2.5,
              6.0,
              2.5
            ],
            "size": [
              5.0,
              1.0,
              0.0
            ],
            "uv": [
              11.0,
              17.0
            ]
          }
        ]
      },
      {
        "name": "spines_bottom_front",
        "parent": "body",
        "bind_pose_rotation": [ -45.0, 0.0, 0.0 ],
        "pivot": [
          0,
          1.0,
          -2.5
        ],
        "cubes": [
          {
            "origin": [
              -2.5,
              0.0,
              -2.5
            ],
            "size": [
              5.0,
              1.0,
              0.0
            ],
            "uv": [
              18.0,
              20.0
            ]
          }
        ]
      },
      {
        "name": "spines_bottom_back",
        "parent": "body",
        "bind_pose_rotation": [ 45.0, 0.0, 0.0 ],
        "pivot": [
          0.0,
          1.0,
          2.5
        ],
        "rotation": [
          45.0,
          0.0,
          0.0
        ],
        "cubes": [
          {
            "origin": [
              -2.5,
              0.0,
              2.5
            ],
            "size": [
              5.0,
              1.0,
              0.0
            ],
            "uv": [
              18.0,
              20.0
            ]
          }
        ]
      },
      {
        "name": "spines_left_front",
        "parent": "body",
        "bind_pose_rotation": [ 0.0, 45.0, 0.0 ],
        "pivot": [
          2.5,
          0.0,
          -2.5
        ],
        "rotation": [
          0.0,
          45.0,
          0.0
        ],
        "cubes": [
          {
            "origin": [
              2.5,
              1.0,
              -2.5
            ],
            "size": [
              1.0,
              5.0,
              0.0
            ],
            "uv": [
              1.0,
              17.0
            ]
          }
        ]
      },
      {
        "name": "spines_left_back",
        "parent": "body",
        "bind_pose_rotation": [ 0.0, -45.0, 0.0 ],
        "pivot": [
          2.5,
          0.0,
          2.5
        ],
        "rotation": [
          0.0,
          -45.0,
          0.0
        ],
        "cubes": [
          {
            "origin": [
              2.5,
              1.0,
              2.5
            ],
            "size": [
              1.0,
              5.0,
              0.0
            ],
            "uv": [
              1.0,
              17.0
            ]
          }
        ]
      },
      {
        "name": "spines_right_front",
        "parent": "body",
        "bind_pose_rotation": [ 0.0, -45.0, 0.0 ],
        "pivot": [
          -2.5,
          0.0,
          -2.5
        ],
        "rotation": [
          0.0,
          -45.0,
          0.0
        ],
        "cubes": [
          {
            "origin": [
              -3.5,
              1.0,
              -2.5
            ],
            "size": [
              1.0,
              5.0,
              0.0
            ],
            "uv": [
              5.0,
              17.0
            ]
          }
        ]
      },
      {
        "name": "spines_right_back",
        "parent": "body",
        "bind_pose_rotation": [ 0.0, 45.0, 0.0 ],
        "pivot": [
          -2.5,
          0.0,
          2.5
        ],
        "rotation": [
          0.0,
          45.0,
          0.0
        ],
        "cubes": [
          {
            "origin": [
              -3.5,
              1.0,
              2.5
            ],
            "size": [
              1.0,
              5.0,
              0.0
            ],
            "uv": [
              9.0,
              17.0
            ]
          }
        ]
      }
    ]
  },
  "geometry.pufferfish.large.v1.8": {
    "visible_bounds_width": 0.5,
    "visible_bounds_height": 0.5,
    "texturewidth": 32,
    "textureheight": 32,
    "bones": [
      {
        "name": "body",
        "cubes": [
          {
            "origin": [ -4.0, 0.0, -4.0 ],
            "size": [ 8.0, 8.0, 8.0 ],
            "uv": [ 0.0, 0.0 ]
          }
        ]
      },
      {
        "name": "leftFin",
        "parent": "body",
        "pivot": [ 4.0, 7.0, 1.0 ],
        "cubes": [
          {
            "origin": [ 4.0, 6.0, -2.9904 ],
            "size": [ 2.0, 1.0, 2.0 ],
            "uv": [ 24.0, 3.0 ]
          }
        ]
      },
      {
        "name": "rightFin",
        "parent": "body",
        "pivot": [ -4.0, 7.0, 1.0 ],
        "cubes": [
          {
            "origin": [ -5.9968, 6.0, -2.992 ],
            "size": [ 2.0, 1.0, 2.0 ],
            "uv": [ 24.0, 0.0 ]
          }
        ]
      },
      {
        "name": "spines_top_front",
        "parent": "body",
        "pivot": [ -4.0, 8.0, -4.0 ],
        "bind_pose_rotation": [ 45.0, 0.0, 0.0 ],
        "cubes": [
          {
            "origin": [ -4.0, 8.0, -4.0 ],
            "size": [ 8.0, 1.0, 1.0 ],
            "uv": [ 14.0, 16.0 ]
          }
        ]
      },
      {
        "name": "spines_top_mid",
        "parent": "body",
        "pivot": [ 0.0, 8.0, 0.0 ],
        "cubes": [
          {
            "origin": [ -4.0, 8.0, 0.0 ],
            "size": [ 8.0, 1.0, 1.0 ],
            "uv": [ 14.0, 16.0 ]
          }
        ]
      },
      {
        "name": "spines_top_back",
        "parent": "body",
        "pivot": [ 0.0, 8.0, 4.0 ],
        "bind_pose_rotation": [ -45.0, 0.0, 0.0 ],
        "cubes": [
          {
            "origin": [ -4.0, 8.0, 4.0 ],
            "size": [ 8.0, 1.0, 1.0 ],
            "uv": [ 14.0, 16.0 ]
          }
        ]
      },
      {
        "name": "spines_bottom_front",
        "parent": "body",
        "pivot": [ 0.0, 0.0, -4.0 ],
        "bind_pose_rotation": [ -45.0, 0.0, 0.0 ],
        "cubes": [
          {
            "origin": [ -4.0, -1.0, -4.0 ],
            "size": [ 8.0, 1.0, 1.0 ],
            "uv": [ 14.0, 19.0 ]
          }
        ]
      },
      {
        "name": "spines_bottom_mid",
        "parent": "body",
        "pivot": [ 0.0, -1.0, 0.0 ],
        "cubes": [
          {
            "origin": [ -4.0, -1.0, 0.0 ],
            "size": [ 8.0, 1.0, 1.0 ],
            "uv": [ 14.0, 19.0 ]
          }
        ]
      },
      {
        "name": "spines_bottom_back",
        "parent": "body",
        "pivot": [ 0.0, 0.0, 4.0 ],
        "bind_pose_rotation": [ 45.0, 0.0, 0.0 ],
        "cubes": [
          {
            "origin": [ -4.0, -1.0, 4.0 ],
            "size": [ 8.0, 1.0, 1.0 ],
            "uv": [ 14.0, 19.0 ]
          }
        ]
      },
      {
        "name": "spines_left_front",
        "parent": "body",
        "pivot": [ 4.0, 0.0, -4.0 ],
        "bind_pose_rotation": [ 0.0, 45.0, 0.0 ],
        "cubes": [
          {
            "origin": [ 4.0, 0.0, -4.0 ],
            "size": [ 1.0, 8.0, 1.0 ],
            "uv": [ 0.0, 16.0 ]
          }
        ]
      },
      {
        "name": "spines_left_mid",
        "parent": "body",
        "pivot": [ 4.0, 0.0, 0.0 ],
        "cubes": [
          {
            "origin": [ 4.0, 0.0, 0.0 ],
            "size": [ 1.0, 8.0, 1.0 ],
            "uv": [ 4.0, 16.0 ],
            "mirror": true
          }
        ]
      },
      {
        "name": "spines_left_back",
        "parent": "body",
        "pivot": [ 4.0, 0.0, 4.0 ],
        "bind_pose_rotation": [ 0.0, -45.0, 0.0 ],
        "cubes": [
          {
            "origin": [ 4.0, 0.0, 4.0 ],
            "size": [ 1.0, 8.0, 1.0 ],
            "uv": [ 8.0, 16.0 ],
            "mirror": true
          }
        ]
      },
      {
        "name": "spines_right_front",
        "parent": "body",
        "pivot": [ -4.0, 0.0, -4.0 ],
        "bind_pose_rotation": [ 0.0, -45.0, 0.0 ],
        "cubes": [
          {
            "origin": [ -5.0, 0.0, -4.0 ],
            "size": [ 1.0, 8.0, 1.0 ],
            "uv": [ 4.0, 16.0 ]
          }
        ]
      },
      {
        "name": "spines_right_mid",
        "parent": "body",
        "pivot": [ -4.0, 0.0, 0.0 ],
        "cubes": [
          {
            "origin": [ -5.0, 0.0, 0.0 ],
            "size": [ 1.0, 8.0, 1.0 ],
            "uv": [ 8.0, 16.0 ]
          }
        ]
      },
      {
        "name": "spines_right_back",
        "parent": "body",
        "pivot": [ -4.0, 0.0, 4.0 ],
        "bind_pose_rotation": [ 0.0, 45.0, 0.0 ],
        "cubes": [
          {
            "origin": [ -5.0, 0.0, 4.0 ],
            "size": [ 1.0, 8.0, 1.0 ],
            "uv": [ 8.0, 16.0 ]
          }
        ]
      }
    ]
  }
}