{
  "format_version": "1.8.0",
  "geometry.rabbit": {
    "visible_bounds_width": 1,
    "visible_bounds_height": 1,
    "visible_bounds_offset": [ 0, 0.5, 0 ],
    "texturewidth": 64,
    "textureheight": 32,
    "bones": [
      {
        "name": "rearFootLeft",
        "pivot": [ 3.0, 6.5, 3.7 ],
        "mirror": true,
        "cubes": [
          {
            "origin": [ 2.0, 0.0, 0.0 ],
            "size": [ 2.0, 1.0, 7.0 ],
            "uv": [ 8, 24 ]
          }
        ]
      },
      {
        "name": "rearFootRight",
        "pivot": [ -3.0, 6.5, 3.7 ],
        "mirror": true,
        "cubes": [
          {
            "origin": [ -4.0, 0.0, 0.0 ],
            "size": [ 2.0, 1.0, 7.0 ],
            "uv": [ 26, 24 ]
          }
        ]
      },
      {
        "name": "haunchLeft",
        "pivot": [ 3.0, 6.5, 3.7 ],
        "rotation": [ -20.0, 0.0, 0.0 ],
        "mirror": true,
        "cubes": [
          {
            "origin": [ 2.0, 2.5, 3.7 ],
            "size": [ 2.0, 4.0, 5.0 ],
            "uv": [ 16, 15 ]
          }
        ]
      },
      {
        "name": "haunchRight",
        "pivot": [ -3.0, 6.5, 3.7 ],
        "rotation": [ -20.0, 0.0, 0.0 ],
        "mirror": true,
        "cubes": [
          {
            "origin": [ -4.0, 2.5, 3.7 ],
            "size": [ 2.0, 4.0, 5.0 ],
            "uv": [ 30, 15 ]
          }
        ]
      },
      {
        "name": "body",
        "pivot": [ 0.0, 5.0, 8.0 ],
        "rotation": [ -20.0, 0.0, 0.0 ],
        "mirror": true,
        "cubes": [
          {
            "origin": [ -3.0, 2.0, -2.0 ],
            "size": [ 6.0, 5.0, 10.0 ],
            "uv": [ 0, 0 ]
          }
        ]
      },
      {
        "name": "frontLegLeft",
        "pivot": [ 3.0, 7.0, -1.0 ],
        "rotation": [ -10.0, 0.0, 0.0 ],
        "mirror": true,
        "cubes": [
          {
            "origin": [ 2.0, 0.0, -2.0 ],
            "size": [ 2.0, 7.0, 2.0 ],
            "uv": [ 8, 15 ]
          }
        ]
      },
      {
        "name": "frontLegRight",
        "pivot": [ -3.0, 7.0, -1.0 ],
        "rotation": [ -10.0, 0.0, 0.0 ],
        "mirror": true,
        "cubes": [
          {
            "origin": [ -4.0, 0.0, -2.0 ],
            "size": [ 2.0, 7.0, 2.0 ],
            "uv": [ 0, 15 ]
          }
        ]
      },
      {
        "name": "head",
        "pivot": [ 0.0, 8.0, -1.0 ],
        "mirror": true,
        "cubes": [
          {
            "origin": [ -2.5, 8.0, -6.0 ],
            "size": [ 5.0, 4.0, 5.0 ],
            "uv": [ 32, 0 ]
          }
        ]
      },
      {
        "name": "earRight",
        "pivot": [ 0.0, 8.0, -1.0 ],
        "rotation": [ 0.0, -15.0, 0.0 ],
        "mirror": true,
        "cubes": [
          {
            "origin": [ -2.5, 12.0, -2.0 ],
            "size": [ 2.0, 5.0, 1.0 ],
            "uv": [ 58, 0 ]
          }
        ]
      },
      {
        "name": "earLeft",
        "pivot": [ 0.0, 8.0, -1.0 ],
        "rotation": [ 0.0, 15.0, 0.0 ],
        "mirror": true,
        "cubes": [
          {
            "origin": [ 0.5, 12.0, -2.0 ],
            "size": [ 2.0, 5.0, 1.0 ],
            "uv": [ 52, 0 ]
          }
        ]
      },
      {
        "name": "tail",
        "pivot": [ 0.0, 4.0, 7.0 ],
        "rotation": [ -20.0, 0.0, 0.0 ],
        "mirror": true,
        "cubes": [
          {
            "origin": [ -1.5, 2.5, 7.0 ],
            "size": [ 3.0, 3.0, 2.0 ],
            "uv": [ 52, 6 ]
          }
        ]
      },
      {
        "name": "nose",
        "pivot": [ 0.0, 8.0, -1.0 ],
        "mirror": true,
        "cubes": [
          {
            "origin": [ -0.5, 9.5, -6.5 ],
            "size": [ 1.0, 1.0, 1.0 ],
            "uv": [ 32, 9 ]
          }
        ]
      }
    ]
  }
}