{
  "format_version": "1.8.0",
  "geometry.sheep.sheared": {
    "visible_bounds_width": 2,
    "visible_bounds_height": 1.75,
    "visible_bounds_offset": [ 0, 0.5, 0 ],
    "bones": [
      {
        "name": "body",
        "pivot": [ 0.0, 19.0, 2.0 ],
        "bind_pose_rotation": [ 90.0, 0.0, 0.0 ],
        "cubes": [
          {
            "origin": [ -4.0, 13.0, -5.0 ],
            "size": [ 8, 16, 6 ],
            "uv": [ 28, 8 ]
          }
        ]
      },
      {
        "name": "head",
        "pivot": [ 0.0, 18.0, -8.0 ],
        "cubes": [
          {
            "origin": [ -3.0, 16.0, -14.0 ],
            "size": [ 6, 6, 8 ],
            "uv": [ 0, 0 ]
          }
        ]
      },
      {
        "name": "leg0",
        "pivot": [ -3.0, 12.0, 7.0 ],
        "cubes": [
          {
            "origin": [ -5.0, 0.0, 5.0 ],
            "size": [ 4, 12, 4 ],
            "uv": [ 0, 16 ]
          }
        ]
      },
      {
        "name": "leg1",
        "pivot": [ 3.0, 12.0, 7.0 ],
        "cubes": [
          {
            "origin": [ 1.0, 0.0, 5.0 ],
            "size": [ 4, 12, 4 ],
            "uv": [ 0, 16 ]
          }
        ]
      },
      {
        "name": "leg2",
        "pivot": [ -3.0, 12.0, -5.0 ],
        "cubes": [
          {
            "origin": [ -5.0, 0.0, -7.0 ],
            "size": [ 4, 12, 4 ],
            "uv": [ 0, 16 ]
          }
        ]
      },
      {
        "name": "leg3",
        "pivot": [ 3.0, 12.0, -5.0 ],
        "cubes": [
          {
            "origin": [ 1.0, 0.0, -7.0 ],
            "size": [ 4, 12, 4 ],
            "uv": [ 0, 16 ]
          }
        ]
      }
    ]
  },
  "geometry.sheep:geometry.sheep.sheared": {
    "visible_bounds_width": 2,
    "visible_bounds_height": 1.75,
    "visible_bounds_offset": [ 0, 0.5, 0 ],
    "bones": [
      {
        "name": "head",
        "pivot": [ 0.0, 18.0, -8.0 ],
        "cubes": [
          {
            "origin": [ -3.0, 16.0, -12.0 ],
            "size": [ 6, 6, 6 ],
            "uv": [ 0, 32 ],
            "inflate": 0.6
          }
        ]
      },
      {
        "name": "body",
        "pivot": [ 0.0, 19.0, 2.0 ],
        "bind_pose_rotation": [ 90.0, 0.0, 0.0 ],
        "cubes": [
          {
            "origin": [ -4.0, 13.0, -5.0 ],
            "size": [ 8, 16, 6 ],
            "uv": [ 28, 40 ],
            "inflate": 1.75
          }
        ]
      },
      {
        "name": "leg0",
        "pivot": [ -3.0, 12.0, 7.0 ],
        "cubes": [
          {
            "origin": [ -5.0, 6.0, 5.0 ],
            "size": [ 4, 6, 4 ],
            "uv": [ 0, 48 ],
            "inflate": 0.5
          }
        ]
      },

      {
        "name": "leg1",
        "pivot": [ 3.0, 12.0, 7.0 ],
        "cubes": [
          {
            "origin": [ 1.0, 6.0, 5.0 ],
            "size": [ 4, 6, 4 ],
            "uv": [ 0, 48 ],
            "inflate": 0.5
          }
        ]
      },

      {
        "name": "leg2",
        "pivot": [ -3.0, 12.0, -5.0 ],
        "cubes": [
          {
            "origin": [ -5.0, 6.0, -7.0 ],
            "size": [ 4, 6, 4 ],
            "uv": [ 0, 48 ],
            "inflate": 0.5
          }
        ]
      },

      {
        "name": "leg3",
        "pivot": [ 3.0, 12.0, -5.0 ],
        "cubes": [
          {
            "origin": [ 1.0, 6.0, -7.0 ],
            "size": [ 4, 6, 4 ],
            "uv": [ 0, 48 ],
            "inflate": 0.5
          }
        ]
      }
    ]
  }
}