{
  "format_version": "1.8.0",
  "geometry.snowgolem.v1.8": {
    "visible_bounds_width": 1,
    "visible_bounds_height": 2,
    "visible_bounds_offset": [ 0, 1, 0 ],
    "bones": [
      {
        "name": "head",
        "parent": "piece1",
        "pivot": [ 0.0, 20.0, 0.0 ],
        "cubes": [
          {
            "origin": [ -4.0, 20.0, -4.0 ],
            "size": [ 8, 8, 8 ],
            "uv": [ 0, 0 ],
            "inflate": -0.5
          }
        ]
      },
      {
        "name": "arm1",
        "parent": "piece1",
        "pivot": [ 0.0, 18.0, 0.0 ],
        "bind_pose_rotation": [ 0.0, 0.0, 57.3 ],
        "cubes": [
          {
            "origin": [ 1.0, 20.0, -1.0 ],
            "size": [ 12, 2, 2 ],
            "uv": [ 32, 0 ],
            "inflate": -0.5
          }
        ]
      },
      {
        "name": "arm2",
        "parent": "piece1",
        "pivot": [ 0.0, 18.0, 0.0 ],
        "bind_pose_rotation": [ 0.0, 180.0, -57.3 ],
        "cubes": [
          {
            "origin": [ 1.0, 20.0, -1.0 ],
            "size": [ 12, 2, 2 ],
            "uv": [ 32, 0 ],
            "inflate": -0.5
          }
        ]
      },
      {
        "name": "piece1",
        "parent": "piece2",
        "pivot": [ 0.0, 11.0, 0.0 ],
        "cubes": [
          {
            "origin": [ -5.0, 11.0, -5.0 ],
            "size": [ 10, 10, 10 ],
            "uv": [ 0, 16 ],
            "inflate": -0.5
          }
        ]
      },
      {
        "name": "piece2",
        "pivot": [ 0.0, 0.0, 0.0 ],
        "cubes": [
          {
            "origin": [ -6.0, 0.0, -6.0 ],
            "size": [ 12, 12, 12 ],
            "uv": [ 0, 36 ],
            "inflate": -0.5
          }
        ]
      }
    ]
  }
}
