{
  "format_version": "1.8.0",
  "animation_controllers": {
    "controller.animation.rabbit.general": {
      "states": {
        "default": {
          "animations": [
            { "move": [] },
            { "look_at_target": [] }
          ]
        }
      }
    },
    "controller.animation.rabbit.baby": {
      "states": {
        "baby": {
          "parameters": [ "query.is_baby" ],
          "animations": [
            {
              "baby_transform": [
                {
                  "0.0": 0.0,
                  "1.0": 1.0
                }
              ]
            }
          ]
        }
      }
    }
  }
}