{
  "format_version": "1.8.0",
  "minecraft:entity": {
    "description": {
      "identifier": "minecraft:witch",
      "is_spawnable": true,
      "is_summonable": true,
      "is_experimental": false
    },
    "components": {
      "minecraft:breathable": {
        "totalSupply": 15,
        "suffocateTime": 0
      },
      "minecraft:nameable": {
      },
      "minecraft:loot": {
        "table": "loot_tables/entities/witch.json"
      },

      "minecraft:health": {
        "value": 26,
        "max": 26
      },
      "minecraft:movement": {
        "value": 0.25
      },
      "minecraft:navigation.walk": {
        "can_path_over_water": true,
        "avoid_water": false
      },
      "minecraft:movement.basic": {
      },
      "minecraft:jump.static": {
      },
      "minecraft:can_climb": {
      },
      "minecraft:behavior.float": {
        "priority": 1
      },
      "minecraft:behavior.ranged_attack": {
        "priority": 2,
        "speed_multiplier": 1.0,
        "attack_interval_min": 3,
        "attack_interval_max": 3,
        "attack_radius": 10.0
      },
      "minecraft:behavior.random_stroll": {
        "priority": 2,
        "speed_multiplier": 1.0
      },
      "minecraft:behavior.look_at_player": {
        "priority": 3,
        "look_distance": 8.0
      },
      "minecraft:behavior.random_look_around": {
        "priority": 3,
        "look_distance": 8.0
      },
      "minecraft:behavior.hurt_by_target": {
        "priority": 1
      },
      "minecraft:behavior.nearest_attackable_target": {
        "priority": 2,
        "entity_types": [
          {
            "filters": {
              "any_of": [
                {
                  "test": "is_family",
                  "subject": "other",
                  "value": "player"
                },
                {
                  "test": "is_family",
                  "subject": "other",
                  "value": "snowgolem"
                },
                {
                  "test": "is_family",
                  "subject": "other",
                  "value": "irongolem"
                }
              ]
            },
            "max_dist": 10
          }
        ],
        "must_reach": true
      },
      "minecraft:type_family": {
        "family": [ "witch", "monster" ]
      },
      "minecraft:physics": {
      }
    }
  }
}
