{
  "format_version": "1.8.0",
  "geometry.dragon": {
    "visible_bounds_width": 14,
    "visible_bounds_height": 13,
    "visible_bounds_offset": [ 0, 2, 0 ],
    "texturewidth": 256,
    "textureheight": 256,
    "bones": [
      {
        "name": "head",
        "pivot": [ 0.0, 24.0, 0.0 ],
        "cubes": [
          {
            "origin": [ -6.0, 20.0, -24.0 ],
            "size": [ 12.0, 5.0, 16.0 ],
            "uv": [ 176, 44 ]
          },
          {
            "origin": [ -8.0, 16.0, -10.0 ],
            "size": [ 16.0, 16.0, 16.0 ],
            "uv": [ 112, 30 ]
          },
          {
            "mirror": true,
            "origin": [ -5.0, 32.0, -4.0 ],
            "size": [ 2.0, 4.0, 6.0 ],
            "uv": [ 0, 0 ]
          },
          {
            "mirror": true,
            "origin": [ -5.0, 25.0, -22.0 ],
            "size": [ 2.0, 2.0, 4.0 ],
            "uv": [ 112, 0 ]
          },
          {
            "origin": [ 3.0, 32.0, -4.0 ],
            "size": [ 2.0, 4.0, 6.0 ],
            "uv": [ 0, 0 ]
          },
          {
            "origin": [ 3.0, 25.0, -22.0 ],
            "size": [ 2.0, 2.0, 4.0 ],
            "uv": [ 112, 0 ]
          }
        ]
      },
      {
        "name": "jaw",
        "pivot": [ 0.0, 20.0, -8.0 ],
        "cubes": [
          {
            "origin": [ -6.0, 16.0, -24.0 ],
            "size": [ 12.0, 4.0, 16.0 ],
            "uv": [ 176, 65 ]
          }
        ]
      },
      {
        "name": "neck",
        "pivot": [ 0.0, 24.0, 0.0 ],
        "cubes": [
          {
            "origin": [ -5.0, 19.0, -5.0 ],
            "size": [ 10.0, 10.0, 10.0 ],
            "uv": [ 192, 104 ]
          },
          {
            "origin": [ -1.0, 29.0, -3.0 ],
            "size": [ 2.0, 4.0, 6.0 ],
            "uv": [ 48, 0 ]
          }
        ]
      },
      {
        "name": "body",
        "pivot": [ 0.0, 20.0, 8.0 ],
        "cubes": [
          {
            "origin": [ -12.0, -4.0, -8.0 ],
            "size": [ 24.0, 24.0, 64.0 ],
            "uv": [ 0, 0 ]
          },
          {
            "origin": [ -1.0, 20.0, -2.0 ],
            "size": [ 2.0, 6.0, 12.0 ],
            "uv": [ 220, 53 ]
          },
          {
            "origin": [ -1.0, 20.0, 18.0 ],
            "size": [ 2.0, 6.0, 12.0 ],
            "uv": [ 220, 53 ]
          },
          {
            "origin": [ -1.0, 20.0, 38.0 ],
            "size": [ 2.0, 6.0, 12.0 ],
            "uv": [ 220, 53 ]
          }
        ]
      },
      {
        "name": "wing",
        "pivot": [ -12.0, 19.0, 2.0 ],
        "cubes": [
          {
            "origin": [ -68.0, 15.0, -2.0 ],
            "size": [ 56.0, 8.0, 8.0 ],
            "uv": [ 112, 88 ]
          },
          {
            "origin": [ -68.0, 19.0, 4.0 ],
            "size": [ 56.0, 0.0, 56.0 ],
            "uv": [ -56, 88 ]
          }
        ]
      },
      {
        "name": "wingtip",
        "pivot": [ -56.0, 24.0, 0.0 ],
        "cubes": [
          {
            "origin": [ -112.0, 22.0, -2.0 ],
            "size": [ 56.0, 4.0, 4.0 ],
            "uv": [ 112, 136 ]
          },
          {
            "origin": [ -112.0, 24.0, 2.0 ],
            "size": [ 56.0, 0.0, 56.0 ],
            "uv": [ -56, 144 ]
          }
        ]
      },
      {
        "name": "wing1",
        "pivot": [ 12.0, 19.0, 2.0 ],
        "cubes": [
          {
            "origin": [ -44.0, 15.0, -2.0 ],
            "size": [ 56.0, 8.0, 8.0 ],
            "uv": [ 112, 88 ]
          },
          {
            "origin": [ -44.0, 19.0, 4.0 ],
            "size": [ 56.0, 0.0, 56.0 ],
            "uv": [ -56, 88 ]
          }
        ]
      },
      {
        "name": "wingtip1",
        "pivot": [ -56.0, 24.0, 0.0 ],
        "cubes": [
          {
            "origin": [ -112.0, 22.0, -2.0 ],
            "size": [ 56.0, 4.0, 4.0 ],
            "uv": [ 112, 136 ]
          },
          {
            "origin": [ -112.0, 24.0, 2.0 ],
            "size": [ 56.0, 0.0, 56.0 ],
            "uv": [ -56, 144 ]
          }
        ]
      },
      {
        "name": "rearleg",
        "pivot": [ -16.0, 8.0, 42.0 ],
        "cubes": [
          {
            "origin": [ -24.0, -20.0, 34.0 ],
            "size": [ 16.0, 32.0, 16.0 ],
            "uv": [ 0, 0 ]
          }
        ]
      },
      {
        "name": "rearleg1",
        "pivot": [ 16.0, 8.0, 42.0 ],
        "cubes": [
          {
            "origin": [ 8.0, -20.0, 34.0 ],
            "size": [ 16.0, 32.0, 16.0 ],
            "uv": [ 0, 0 ]
          }
        ]
      },
      {
        "name": "frontleg",
        "pivot": [ -12.0, 4.0, 2.0 ],
        "cubes": [
          {
            "origin": [ -16.0, -16.0, -2.0 ],
            "size": [ 8.0, 24.0, 8.0 ],
            "uv": [ 112, 104 ]
          }
        ]
      },
      {
        "name": "frontleg1",
        "pivot": [ 12.0, 4.0, 2.0 ],
        "cubes": [
          {
            "origin": [ 8.0, -16.0, -2.0 ],
            "size": [ 8.0, 24.0, 8.0 ],
            "uv": [ 112, 104 ]
          }
        ]
      },
      {
        "name": "rearlegtip",
        "pivot": [ 0.0, -8.0, -4.0 ],
        "cubes": [
          {
            "origin": [ -6.0, -38.0, -4.0 ],
            "size": [ 12.0, 32.0, 12.0 ],
            "uv": [ 196, 0 ]
          }
        ]
      },
      {
        "name": "rearlegtip1",
        "pivot": [ 0.0, -8.0, -4.0 ],
        "cubes": [
          {
            "origin": [ -6.0, -38.0, -4.0 ],
            "size": [ 12.0, 32.0, 12.0 ],
            "uv": [ 196, 0 ]
          }
        ]
      },
      {
        "name": "frontlegtip",
        "pivot": [ 0.0, 4.0, -1.0 ],
        "cubes": [
          {
            "origin": [ -3.0, -19.0, -4.0 ],
            "size": [ 6.0, 24.0, 6.0 ],
            "uv": [ 226, 138 ]
          }
        ]
      },
      {
        "name": "frontlegtip1",
        "pivot": [ 0.0, 4.0, -1.0 ],
        "cubes": [
          {
            "origin": [ -3.0, -19.0, -4.0 ],
            "size": [ 6.0, 24.0, 6.0 ],
            "uv": [ 226, 138 ]
          }
        ]
      },
      {
        "name": "rearfoot",
        "pivot": [ 0.0, -7.0, 4.0 ],
        "cubes": [
          {
            "origin": [ -9.0, -13.0, -16.0 ],
            "size": [ 18.0, 6.0, 24.0 ],
            "uv": [ 112, 0 ]
          }
        ]
      },
      {
        "name": "rearfoot1",
        "pivot": [ 0.0, -7.0, 4.0 ],
        "cubes": [
          {
            "origin": [ -9.0, -13.0, -16.0 ],
            "size": [ 18.0, 6.0, 24.0 ],
            "uv": [ 112, 0 ]
          }
        ]
      },
      {
        "name": "frontfoot",
        "pivot": [ 0.0, 1.0, 0.0 ],
        "cubes": [
          {
            "origin": [ -4.0, -3.0, -12.0 ],
            "size": [ 8.0, 4.0, 16.0 ],
            "uv": [ 144, 104 ]
          }
        ]
      },
      {
        "name": "frontfoot1",
        "pivot": [ 0.0, 1.0, 0.0 ],
        "cubes": [
          {
            "origin": [ -4.0, -3.0, -12.0 ],
            "size": [ 8.0, 4.0, 16.0 ],
            "uv": [ 144, 104 ]
          }
        ]
      }
    ]
  },
  "geometry.slime": {
    "visible_bounds_width": 5,
    "visible_bounds_height": 2,
    "visible_bounds_offset": [ 0, 1, 0 ],
    "texturewidth": 64,
    "textureheight": 32,
    "bones": [
      {
        "name": "cube",
        "pivot": [ 0.0, 24.0, 0.0 ],
        "cubes": [
          {
            "origin": [ -3.0, 1.0, -3.0 ],
            "size": [ 6.0, 6.0, 6.0 ],
            "uv": [ 0, 16 ]
          }
        ]
      },
      {
        "name": "eye0",
        "pivot": [ 0.0, 24.0, 0.0 ],
        "cubes": [
          {
            "origin": [ -3.3, 4.0, -3.5 ],
            "size": [ 2.0, 2.0, 2.0 ],
            "uv": [ 32, 0 ]
          }
        ]
      },
      {
        "name": "eye1",
        "pivot": [ 0.0, 24.0, 0.0 ],
        "cubes": [
          {
            "origin": [ 1.3, 4.0, -3.5 ],
            "size": [ 2.0, 2.0, 2.0 ],
            "uv": [ 32, 4 ]
          }
        ]
      },
      {
        "name": "mouth",
        "pivot": [ 0.0, 24.0, 0.0 ],
        "cubes": [
          {
            "origin": [ 0.0, 2.0, -3.5 ],
            "size": [ 1.0, 1.0, 1.0 ],
            "uv": [ 32, 8 ]
          }
        ]
      }
    ]
  },
  "geometry.slime.armor": {
    "visible_bounds_width": 1,
    "visible_bounds_height": 1,
    "visible_bounds_offset": [ 0, 0.5, 0 ],
    "texturewidth": 64,
    "textureheight": 32,
    "bones": [
      {
        "name": "cube",
        "pivot": [ 0.0, 24.0, 0.0 ],
        "cubes": [
          {
            "origin": [ -4.0, 0.0, -4.0 ],
            "size": [ 8.0, 8.0, 8.0 ],
            "uv": [ 0, 0 ]
          }
        ]
      },
      {
        "name": "eye0",
        "pivot": [ 0.0, 24.0, 0.0 ],
        "cubes": [
          {
            "origin": [ -3.3, 4.0, -3.5 ],
            "size": [ 2.0, 2.0, 2.0 ],
            "uv": [ 32, 0 ]
          }
        ]
      },
      {
        "name": "eye1",
        "pivot": [ 0.0, 24.0, 0.0 ],
        "cubes": [
          {
            "origin": [ 1.3, 4.0, -3.5 ],
            "size": [ 2.0, 2.0, 2.0 ],
            "uv": [ 32, 4 ]
          }
        ]
      },
      {
        "name": "mouth",
        "pivot": [ 0.0, 24.0, 0.0 ],
        "cubes": [
          {
            "origin": [ 0.0, 2.0, -3.5 ],
            "size": [ 1.0, 1.0, 1.0 ],
            "uv": [ 32, 8 ]
          }
        ]
      }
    ]
  },
  "geometry.lavaslime": {
    "visible_bounds_width": 2.5,
    "visible_bounds_height": 5,
    "visible_bounds_offset": [ 0, 2.5, 0 ],
    "texturewidth": 64,
    "textureheight": 32,
    "bones": [
      {
        "name": "bodyCube_0",
        "pivot": [ 0.0, 24.0, 0.0 ],
        "cubes": [
          {
            "origin": [ -4.0, 7.0, -4.0 ],
            "size": [ 8.0, 1.0, 8.0 ],
            "uv": [ 0, 0 ]
          }
        ]
      },
      {
        "name": "bodyCube_1",
        "pivot": [ 0.0, 24.0, 0.0 ],
        "cubes": [
          {
            "origin": [ -4.0, 6.0, -4.0 ],
            "size": [ 8.0, 1.0, 8.0 ],
            "uv": [ 0, 1 ]
          }
        ]
      },
      {
        "name": "bodyCube_2",
        "pivot": [ 0.0, 24.0, 0.0 ],
        "cubes": [
          {
            "origin": [ -4.0, 5.0, -4.0 ],
            "size": [ 8.0, 1.0, 8.0 ],
            "uv": [ 24, 10 ]
          }
        ]
      },
      {
        "name": "bodyCube_3",
        "pivot": [ 0.0, 24.0, 0.0 ],
        "cubes": [
          {
            "origin": [ -4.0, 4.0, -4.0 ],
            "size": [ 8.0, 1.0, 8.0 ],
            "uv": [ 24, 19 ]
          }
        ]
      },
      {
        "name": "bodyCube_4",
        "pivot": [ 0.0, 24.0, 0.0 ],
        "cubes": [
          {
            "origin": [ -4.0, 3.0, -4.0 ],
            "size": [ 8.0, 1.0, 8.0 ],
            "uv": [ 0, 4 ]
          }
        ]
      },
      {
        "name": "bodyCube_5",
        "pivot": [ 0.0, 24.0, 0.0 ],
        "cubes": [
          {
            "origin": [ -4.0, 2.0, -4.0 ],
            "size": [ 8.0, 1.0, 8.0 ],
            "uv": [ 0, 5 ]
          }
        ]
      },
      {
        "name": "bodyCube_6",
        "pivot": [ 0.0, 24.0, 0.0 ],
        "cubes": [
          {
            "origin": [ -4.0, 1.0, -4.0 ],
            "size": [ 8.0, 1.0, 8.0 ],
            "uv": [ 0, 6 ]
          }
        ]
      },
      {
        "name": "bodyCube_7",
        "pivot": [ 0.0, 24.0, 0.0 ],
        "cubes": [
          {
            "origin": [ -4.0, 0.0, -4.0 ],
            "size": [ 8.0, 1.0, 8.0 ],
            "uv": [ 0, 7 ]
          }
        ]
      },
      {
        "name": "insideCube",
        "pivot": [ 0.0, 24.0, 0.0 ],
        "cubes": [
          {
            "origin": [ -2.0, 2.0, -2.0 ],
            "size": [ 4.0, 4.0, 4.0 ],
            "uv": [ 0, 16 ]
          }
        ]
      }
    ]
  },
  "geometry.rabbit": {
    "visible_bounds_width": 1,
    "visible_bounds_height": 1,
    "visible_bounds_offset": [ 0, 0.5, 0 ],
    "texturewidth": 64,
    "textureheight": 32,
    "bones": [
      {
        "name": "rearFootLeft",
        "pivot": [ 3.0, 6.5, 3.7 ],
        "mirror": true,
        "cubes": [
          {
            "origin": [ 2.0, 0.0, 0.0 ],
            "size": [ 2.0, 1.0, 7.0 ],
            "uv": [ 8, 24 ]
          }
        ]
      },
      {
        "name": "rearFootRight",
        "pivot": [ -3.0, 6.5, 3.7 ],
        "mirror": true,
        "cubes": [
          {
            "origin": [ -4.0, 0.0, 0.0 ],
            "size": [ 2.0, 1.0, 7.0 ],
            "uv": [ 26, 24 ]
          }
        ]
      },
      {
        "name": "haunchLeft",
        "pivot": [ 3.0, 6.5, 3.7 ],
        "rotation": [ -20.0, 0.0, 0.0 ],
        "mirror": true,
        "cubes": [
          {
            "origin": [ 2.0, 2.5, 3.7 ],
            "size": [ 2.0, 4.0, 5.0 ],
            "uv": [ 16, 15 ]
          }
        ]
      },
      {
        "name": "haunchRight",
        "pivot": [ -3.0, 6.5, 3.7 ],
        "rotation": [ -20.0, 0.0, 0.0 ],
        "mirror": true,
        "cubes": [
          {
            "origin": [ -4.0, 2.5, 3.7 ],
            "size": [ 2.0, 4.0, 5.0 ],
            "uv": [ 30, 15 ]
          }
        ]
      },
      {
        "name": "body",
        "pivot": [ 0.0, 5.0, 8.0 ],
        "rotation": [ -20.0, 0.0, 0.0 ],
        "mirror": true,
        "cubes": [
          {
            "origin": [ -3.0, 2.0, -2.0 ],
            "size": [ 6.0, 5.0, 10.0 ],
            "uv": [ 0, 0 ]
          }
        ]
      },
      {
        "name": "frontLegLeft",
        "pivot": [ 3.0, 7.0, -1.0 ],
        "rotation": [ -10.0, 0.0, 0.0 ],
        "mirror": true,
        "cubes": [
          {
            "origin": [ 2.0, 0.0, -2.0 ],
            "size": [ 2.0, 7.0, 2.0 ],
            "uv": [ 8, 15 ]
          }
        ]
      },
      {
        "name": "frontLegRight",
        "pivot": [ -3.0, 7.0, -1.0 ],
        "rotation": [ -10.0, 0.0, 0.0 ],
        "mirror": true,
        "cubes": [
          {
            "origin": [ -4.0, 0.0, -2.0 ],
            "size": [ 2.0, 7.0, 2.0 ],
            "uv": [ 0, 15 ]
          }
        ]
      },
      {
        "name": "head",
        "pivot": [ 0.0, 8.0, -1.0 ],
        "mirror": true,
        "cubes": [
          {
            "origin": [ -2.5, 8.0, -6.0 ],
            "size": [ 5.0, 4.0, 5.0 ],
            "uv": [ 32, 0 ]
          }
        ]
      },
      {
        "name": "earRight",
        "pivot": [ 0.0, 8.0, -1.0 ],
        "rotation": [ 0.0, -15.0, 0.0 ],
        "mirror": true,
        "cubes": [
          {
            "origin": [ -2.5, 12.0, -2.0 ],
            "size": [ 2.0, 5.0, 1.0 ],
            "uv": [ 52, 0 ]
          }
        ]
      },
      {
        "name": "earLeft",
        "pivot": [ 0.0, 8.0, -1.0 ],
        "rotation": [ 0.0, 15.0, 0.0 ],
        "mirror": true,
        "cubes": [
          {
            "origin": [ 0.5, 12.0, -2.0 ],
            "size": [ 2.0, 5.0, 1.0 ],
            "uv": [ 58, 0 ]
          }
        ]
      },
      {
        "name": "tail",
        "pivot": [ 0.0, 4.0, 7.0 ],
        "rotation": [ -20.0, 0.0, 0.0 ],
        "mirror": true,
        "cubes": [
          {
            "origin": [ -1.5, 2.5, 7.0 ],
            "size": [ 3.0, 3.0, 2.0 ],
            "uv": [ 52, 6 ]
          }
        ]
      },
      {
        "name": "nose",
        "pivot": [ 0.0, 8.0, -1.0 ],
        "mirror": true,
        "cubes": [
          {
            "origin": [ -0.5, 9.5, -6.5 ],
            "size": [ 1.0, 1.0, 1.0 ],
            "uv": [ 32, 9 ]
          }
        ]
      }
    ]
  },
  "geometry.humanoid": {
    "visible_bounds_width": 1,
    "visible_bounds_height": 1,
    "visible_bounds_offset": [ 0, 0.5, 0 ],
    "bones": [
      {
        "name": "body",
        "pivot": [ 0.0, 24.0, 0.0 ],
        "cubes": [
          {
            "origin": [ -4.0, 12.0, -2.0 ],
            "size": [ 8, 12, 4 ],
            "uv": [ 16, 16 ]
          }
        ]
      },

      {
        "name": "waist",
        "neverRender": true,
        "pivot": [ 0.0, 12.0, 0.0 ]
      },

      {
        "name": "head",
        "pivot": [ 0.0, 24.0, 0.0 ],
        "cubes": [
          {
            "origin": [ -4.0, 24.0, -4.0 ],
            "size": [ 8, 8, 8 ],
            "uv": [ 0, 0 ]
          }
        ]
      },

      {
        "name": "hat",
        "pivot": [ 0.0, 24.0, 0.0 ],
        "cubes": [
          {
            "origin": [ -4.0, 24.0, -4.0 ],
            "size": [ 8, 8, 8 ],
            "uv": [ 32, 0 ],
            "inflate": 0.5
          }
        ],
        "neverRender": true
      },

      {
        "name": "rightArm",
        "pivot": [ -5.0, 22.0, 0.0 ],
        "cubes": [
          {
            "origin": [ -8.0, 12.0, -2.0 ],
            "size": [ 4, 12, 4 ],
            "uv": [ 40, 16 ]
          }
        ]
      },

      {
        "name": "rightItem",
        "pivot": [ -6, 15, 1 ],
        "neverRender": true,
        "parent": "rightArm"
      },

      {
        "name": "leftArm",
        "pivot": [ 5.0, 22.0, 0.0 ],
        "cubes": [
          {
            "origin": [ 4.0, 12.0, -2.0 ],
            "size": [ 4, 12, 4 ],
            "uv": [ 40, 16 ]
          }
        ],
        "mirror": true
      },

      {
        "name": "rightLeg",
        "pivot": [ -1.9, 12.0, 0.0 ],
        "cubes": [
          {
            "origin": [ -3.9, 0.0, -2.0 ],
            "size": [ 4, 12, 4 ],
            "uv": [ 0, 16 ]
          }
        ]
      },

      {
        "name": "leftLeg",
        "pivot": [ 1.9, 12.0, 0.0 ],
        "cubes": [
          {
            "origin": [ -0.1, 0.0, -2.0 ],
            "size": [ 4, 12, 4 ],
            "uv": [ 0, 16 ]
          }
        ],
        "mirror": true
      }
    ]
  },
  "geometry.cape": {
    "visible_bounds_width": 1,
    "visible_bounds_height": 1,
    "visible_bounds_offset": [ 0, 0.5, 0 ],
    "texturewidth": 64,
    "textureheight": 32,

    "bones": [
      {
        "name": "cape",
        "pivot": [ 0.0, 24.0, -3.0 ],
        "cubes": [
          {
            "origin": [ -5.0, 8.0, -3.0 ],
            "size": [ 10, 16, 1 ],
            "uv": [ 0, 0 ]
          }
        ]
      }
    ]
  },
  "geometry.humanoid.custom:geometry.humanoid": {
    "visible_bounds_width": 1,
    "visible_bounds_height": 1,
    "visible_bounds_offset": [ 0, 0.5, 0 ],
    "bones": [
      {
        "name": "hat",
        "neverRender": false,
        "pivot": [ 0.0, 24.0, 0.0 ]
      },
      {
        "name": "leftArm",
        "reset": true,
        "pivot": [ 5.0, 22.0, 0.0 ],
        "cubes": [
          {
            "origin": [ 4.0, 12.0, -2.0 ],
            "size": [ 4, 12, 4 ],
            "uv": [ 32, 48 ]
          }
        ]
      },

      {
        "name": "rightArm",
        "reset": true,
        "pivot": [ -5.0, 22.0, 0.0 ],
        "cubes": [
          {
            "origin": [ -8.0, 12.0, -2.0 ],
            "size": [ 4, 12, 4 ],
            "uv": [ 40, 16 ]
          }
        ]
      },

      {
        "name": "rightItem",
        "pivot": [ -6, 15, 1 ],
        "neverRender": true,
        "parent": "rightArm"
      },

      {
        "name": "leftSleeve",
        "pivot": [ 5.0, 22.0, 0.0 ],
        "cubes": [
          {
            "origin": [ 4.0, 12.0, -2.0 ],
            "size": [ 4, 12, 4 ],
            "uv": [ 48, 48 ],
            "inflate": 0.25
          }
        ]
      },

      {
        "name": "rightSleeve",
        "pivot": [ -5.0, 22.0, 0.0 ],
        "cubes": [
          {
            "origin": [ -8.0, 12.0, -2.0 ],
            "size": [ 4, 12, 4 ],
            "uv": [ 40, 32 ],
            "inflate": 0.25
          }
        ]
      },

      {
        "name": "leftLeg",
        "reset": true,
        "pivot": [ 1.9, 12.0, 0.0 ],
        "cubes": [
          {
            "origin": [ -0.1, 0.0, -2.0 ],
            "size": [ 4, 12, 4 ],
            "uv": [ 16, 48 ]
          }
        ]
      },

      {
        "name": "leftPants",
        "pivot": [ 1.9, 12.0, 0.0 ],
        "cubes": [
          {
            "origin": [ -0.1, 0.0, -2.0 ],
            "size": [ 4, 12, 4 ],
            "uv": [ 0, 48 ],
            "inflate": 0.25
          }
        ]
      },

      {
        "name": "rightPants",
        "pivot": [ -1.9, 12.0, 0.0 ],
        "cubes": [
          {
            "origin": [ -3.9, 0.0, -2.0 ],
            "size": [ 4, 12, 4 ],
            "uv": [ 0, 32 ],
            "inflate": 0.25
          }
        ]
      },

      {
        "name": "jacket",
        "pivot": [ 0.0, 24.0, 0.0 ],
        "cubes": [
          {
            "origin": [ -4.0, 12.0, -2.0 ],
            "size": [ 8, 12, 4 ],
            "uv": [ 16, 32 ],
            "inflate": 0.25
          }
        ]
      }
    ]
  },
  "geometry.humanoid.customSlim": {
    "visible_bounds_width": 1,
    "visible_bounds_height": 2,
    "visible_bounds_offset": [ 0, 1, 0 ],
    "bones": [
      {
        "name": "body",
        "pivot": [ 0.0, 24.0, 0.0 ],
        "cubes": [
          {
            "origin": [ -4.0, 12.0, -2.0 ],
            "size": [ 8, 12, 4 ],
            "uv": [ 16, 16 ]
          }
        ]
      },
      {
        "name": "waist",
        "neverRender": true,
        "pivot": [ 0.0, 12.0, 0.0 ]
      },

      {
        "name": "head",
        "pivot": [ 0.0, 24.0, 0.0 ],
        "cubes": [
          {
            "origin": [ -4.0, 24.0, -4.0 ],
            "size": [ 8, 8, 8 ],
            "uv": [ 0, 0 ]
          }
        ]
      },

      {
        "name": "rightLeg",
        "pivot": [ -1.9, 12.0, 0.0 ],
        "cubes": [
          {
            "origin": [ -3.9, 0.0, -2.0 ],
            "size": [ 4, 12, 4 ],
            "uv": [ 0, 16 ]
          }
        ]
      },

      {
        "name": "leftLeg",
        "pivot": [ 1.9, 12.0, 0.0 ],
        "cubes": [
          {
            "origin": [ -0.1, 0.0, -2.0 ],
            "size": [ 4, 12, 4 ],
            "uv": [ 0, 16 ]
          }
        ],
        "mirror": true
      },
      {
        "name": "hat",
        "neverRender": false
      },
      {
        "name": "leftArm",
        "reset": true,
        "pivot": [ 5.0, 21.5, 0.0 ],
        "cubes": [
          {
            "origin": [ 4.0, 11.5, -2.0 ],
            "size": [ 3, 12, 4 ],
            "uv": [ 32, 48 ]
          }
        ]
      },

      {
        "name": "rightArm",
        "reset": true,
        "pivot": [ -5.0, 21.5, 0.0 ],
        "cubes": [
          {
            "origin": [ -7.0, 11.5, -2.0 ],
            "size": [ 3, 12, 4 ],
            "uv": [ 40, 16 ]
          }
        ]
      },

      {
        "name": "rightItem",
        "pivot": [ -6, 14.5, 1 ],
        "neverRender": true,
        "parent": "rightArm"
      },

      {
        "name": "leftSleeve",
        "pivot": [ 5.0, 21.5, 0.0 ],
        "cubes": [
          {
            "origin": [ 4.0, 11.5, -2.0 ],
            "size": [ 3, 12, 4 ],
            "uv": [ 48, 48 ],
            "inflate": 0.25
          }
        ]
      },

      {
        "name": "rightSleeve",
        "pivot": [ -5.0, 21.5, 0.0 ],
        "cubes": [
          {
            "origin": [ -7.0, 11.5, -2.0 ],
            "size": [ 3, 12, 4 ],
            "uv": [ 40, 32 ],
            "inflate": 0.25
          }
        ]
      },

      {
        "name": "leftLeg",
        "reset": true,
        "pivot": [ 1.9, 12.0, 0.0 ],
        "cubes": [
          {
            "origin": [ -0.1, 0.0, -2.0 ],
            "size": [ 4, 12, 4 ],
            "uv": [ 16, 48 ]
          }
        ]
      },

      {
        "name": "leftPants",
        "pivot": [ 1.9, 12.0, 0.0 ],
        "cubes": [
          {
            "origin": [ -0.1, 0.0, -2.0 ],
            "size": [ 4, 12, 4 ],
            "uv": [ 0, 48 ],
            "inflate": 0.25
          }
        ]
      },

      {
        "name": "rightPants",
        "pivot": [ -1.9, 12.0, 0.0 ],
        "cubes": [
          {
            "origin": [ -3.9, 0.0, -2.0 ],
            "size": [ 4, 12, 4 ],
            "uv": [ 0, 32 ],
            "inflate": 0.25
          }
        ]
      },

      {
        "name": "jacket",
        "pivot": [ 0.0, 24.0, 0.0 ],
        "cubes": [
          {
            "origin": [ -4.0, 12.0, -2.0 ],
            "size": [ 8, 12, 4 ],
            "uv": [ 16, 32 ],
            "inflate": 0.25
          }
        ]
      }
    ]
  },
  "geometry.creeper": {
    "visible_bounds_width": 1,
    "visible_bounds_height": 2,
    "visible_bounds_offset": [ 0, 0.75, 0 ],
    "texturewidth": 64,
    "textureheight": 32,

    "bones": [
      {
        "name": "body",
        "cubes": [
          {
            "origin": [ -4.0, 6.0, -2.0 ],
            "size": [ 8, 12, 4 ],
            "uv": [ 16, 16 ]
          }
        ]
      },

      {
        "name": "head",
        "pivot": [ 0.0, 18.0, 0.0 ],
        "cubes": [
          {
            "origin": [ -4.0, 18.0, -4.0 ],
            "size": [ 8, 8, 8 ],
            "uv": [ 0, 0 ]
          }
        ]
      },

      {
        "name": "leg0",
        "pivot": [ -2.0, 6.0, 4.0 ],
        "cubes": [
          {
            "origin": [ -4.0, 0.0, 2.0 ],
            "size": [ 4, 6, 4 ],
            "uv": [ 0, 16 ]
          }
        ]
      },

      {
        "name": "leg1",
        "pivot": [ 2.0, 6.0, 4.0 ],
        "cubes": [
          {
            "origin": [ 0.0, 0.0, 2.0 ],
            "size": [ 4, 6, 4 ],
            "uv": [ 0, 16 ]
          }
        ]
      },

      {
        "name": "leg2",
        "pivot": [ -2.0, 6.0, -4.0 ],
        "cubes": [
          {
            "origin": [ -4.0, 0.0, -6.0 ],
            "size": [ 4, 6, 4 ],
            "uv": [ 0, 16 ]
          }
        ]
      },

      {
        "name": "leg3",
        "pivot": [ 2.0, 6.0, -4.0 ],
        "cubes": [
          {
            "origin": [ 0.0, 0.0, -6.0 ],
            "size": [ 4, 6, 4 ],
            "uv": [ 0, 16 ]
          }
        ]
      }
    ]
  },
  "geometry.creeper.charged:geometry.creeper": {
    "visible_bounds_width": 1,
    "visible_bounds_height": 2,
    "visible_bounds_offset": [ 0, 0.75, 0 ],
    "texturewidth": 64,
    "textureheight": 32,

    "bones": [
      {
        "name": "body",
        "inflate": 2.0
      },

      {
        "name": "head",
        "inflate": 2.0
      },

      {
        "name": "leg0",
        "inflate": 2.0
      },

      {
        "name": "leg1",
        "inflate": 2.0
      },

      {
        "name": "leg2",
        "inflate": 2.0
      },

      {
        "name": "leg3",
        "inflate": 2.0
      }
    ]
  },
  "geometry.enderman:geometry.humanoid": {
    "visible_bounds_width": 1.5,
    "visible_bounds_height": 3,
    "visible_bounds_offset": [ 0, 1.5, 0 ],
    "texturewidth": 64,
    "textureheight": 32,

    "bones": [
      {
        "name": "hat",
        "reset": true,
        "pivot": [ 0.0, 38.0, 0.0 ],
        "cubes": [
          {
            "origin": [ -4.0, 38.0, -4.0 ],
            "size": [ 8, 8, 8 ],
            "uv": [ 0, 16 ],
            "inflate": -0.5
          }
        ],
        "neverRender": false
      },

      {
        "name": "head",
        "pivot": [ 0.0, 24.0, 0.0 ]
      },

      {
        "name": "body",
        "reset": true,
        "pivot": [ 0.0, 38.0, 0.0 ],
        "cubes": [
          {
            "origin": [ -4.0, 26.0, -2.0 ],
            "size": [ 8, 12, 4 ],
            "uv": [ 32, 16 ]
          }
        ]
      },

      {
        "name": "rightArm",
        "reset": true,
        "pivot": [ -3.0, 36.0, 0.0 ],
        "cubes": [
          {
            "origin": [ -4.0, 8.0, -1.0 ],
            "size": [ 2, 30, 2 ],
            "uv": [ 56, 0 ]
          }
        ]
      },

      {
        "name": "leftArm",
        "reset": true,
        "mirror": true,
        "pivot": [ 5.0, 36.0, 0.0 ],
        "cubes": [
          {
            "origin": [ 4.0, 8.0, -1.0 ],
            "size": [ 2, 30, 2 ],
            "uv": [ 56, 0 ]
          }
        ]
      },

      {
        "name": "rightLeg",
        "reset": true,
        "pivot": [ -2.0, 26.0, 0.0 ],
        "cubes": [
          {
            "origin": [ -3.0, -4.0, -1.0 ],
            "size": [ 2, 30, 2 ],
            "uv": [ 56, 0 ]
          }
        ]
      },

      {
        "name": "leftLeg",
        "reset": true,
        "mirror": true,
        "pivot": [ 2.0, 26.0, 0.0 ],
        "cubes": [
          {
            "origin": [ 1.0, -4.0, -1.0 ],
            "size": [ 2, 30, 2 ],
            "uv": [ 56, 0 ]
          }
        ]
      }
    ]
  },
  "geometry.zombie": {
    "visible_bounds_width": 2,
    "visible_bounds_height": 2,
    "visible_bounds_offset": [ 0, 1, 0 ],
    "texturewidth": 64,
    "textureheight": 32,
    "bones": [
      {
        "name": "body",
        "pivot": [ 0.0, 24.0, 0.0 ],
        "cubes": [
          {
            "origin": [ -4.0, 12.0, -2.0 ],
            "size": [ 8, 12, 4 ],
            "uv": [ 16, 16 ]
          }
        ]
      },

      {
        "name": "waist",
        "neverRender": true,
        "pivot": [ 0.0, 12.0, 0.0 ]
      },

      {
        "name": "head",
        "pivot": [ 0.0, 24.0, 0.0 ],
        "cubes": [
          {
            "origin": [ -4.0, 24.0, -4.0 ],
            "size": [ 8, 8, 8 ],
            "uv": [ 0, 0 ]
          }
        ]
      },

      {
        "name": "hat",
        "pivot": [ 0.0, 24.0, 0.0 ],
        "cubes": [
          {
            "origin": [ -4.0, 24.0, -4.0 ],
            "size": [ 8, 8, 8 ],
            "uv": [ 32, 0 ],
            "inflate": 0.5
          }
        ],
        "neverRender": true
      },

      {
        "name": "rightArm",
        "pivot": [ -5.0, 22.0, 0.0 ],
        "cubes": [
          {
            "origin": [ -8.0, 12.0, -2.0 ],
            "size": [ 4, 12, 4 ],
            "uv": [ 40, 16 ]
          }
        ]
      },

      {
        "name": "rightItem",
        "pivot": [ -6, 15, 1 ],
        "neverRender": true,
        "parent": "rightArm"
      },

      {
        "name": "leftArm",
        "pivot": [ 5.0, 22.0, 0.0 ],
        "cubes": [
          {
            "origin": [ 4.0, 12.0, -2.0 ],
            "size": [ 4, 12, 4 ],
            "uv": [ 40, 16 ]
          }
        ],
        "mirror": true
      },

      {
        "name": "rightLeg",
        "pivot": [ -1.9, 12.0, 0.0 ],
        "cubes": [
          {
            "origin": [ -3.9, 0.0, -2.0 ],
            "size": [ 4, 12, 4 ],
            "uv": [ 0, 16 ]
          }
        ]
      },

      {
        "name": "leftLeg",
        "pivot": [ 1.9, 12.0, 0.0 ],
        "cubes": [
          {
            "origin": [ -0.1, 0.0, -2.0 ],
            "size": [ 4, 12, 4 ],
            "uv": [ 0, 16 ]
          }
        ],
        "mirror": true
      }
    ]
  },
  "geometry.zombie.husk:geometry.zombie": {
    "visible_bounds_width": 1.5,
    "visible_bounds_height": 2.5,
    "visible_bounds_offset": [ 0, 1.25, 0 ]
  },
  "geometry.zombie.drowned": {
    "visible_bounds_width": 2.5,
    "visible_bounds_height": 2.5,
    "visible_bounds_offset": [ 0, 1.25, 0 ],
    "bones": [
      {
        "pivot": [
          0.0,
          24.0,
          0.0
        ],
        "rotation": [
          0.0,
          0.0,
          0.0
        ],
        "cubes": [
          {
            "origin": [
              -4.0,
              12.0,
              -2.0
            ],
            "size": [
              8.0,
              12.0,
              4.0
            ],
            "uv": [
              16.0,
              16.0
            ]
          }
        ],
        "name": "body"
      },
      {
        "pivot": [
          0.0,
          24.0,
          0.0
        ],
        "rotation": [
          0.0,
          0.0,
          0.0
        ],
        "cubes": [
          {
            "origin": [
              -4.0,
              12.0,
              -2.0
            ],
            "size": [
              8.0,
              12.0,
              4.0
            ],
            "uv": [
              16.0,
              32.0
            ],
            "inflate": 0.5
          }
        ],
        "name": "jacket"
      },
      {
        "pivot": [
          0.0,
          24.0,
          0.0
        ],
        "rotation": [
          0.0,
          0.0,
          0.0
        ],
        "cubes": [
          {
            "origin": [
              -4.0,
              24.0,
              -4.0
            ],
            "size": [
              8.0,
              8.0,
              8.0
            ],
            "uv": [
              0.0,
              0.0
            ],
            "inflate": 0.5
          }
        ],
        "name": "head"
      },
      {
        "pivot": [
          0.0,
          24.0,
          0.0
        ],
        "rotation": [
          0.0,
          0.0,
          0.0
        ],
        "cubes": [
          {
            "origin": [
              -4.0,
              24.0,
              -4.0
            ],
            "size": [
              8.0,
              8.0,
              8.0
            ],
            "uv": [
              32.0,
              0.0
            ],
            "inflate": 1.0
          }
        ],
        "name": "hat"
      },
      {
        "pivot": [
          -5.0,
          22.0,
          0.0
        ],
        "rotation": [
          0.0,
          0.0,
          0.0
        ],
        "cubes": [
          {
            "origin": [
              -7.0,
              12.0,
              -2.0
            ],
            "size": [
              4.0,
              12.0,
              4.0
            ],
            "uv": [
              0.0,
              16.0
            ]
          }
        ],
        "name": "rightArm"
      },
      {
        "pivot": [
          5.0,
          22.0,
          0.0
        ],
        "rotation": [
          0.0,
          0.0,
          0.0
        ],
        "cubes": [
          {
            "origin": [
              4.0,
              12.0,
              -2.0
            ],
            "size": [
              4.0,
              12.0,
              4.0
            ],
            "uv": [
              40.0,
              16.0
            ],
            "mirror": true
          }
        ],
        "name": "leftArm"
      },
      {
        "pivot": [
          -5.0,
          22.0,
          0.0
        ],
        "rotation": [
          0.0,
          0.0,
          0.0
        ],
        "cubes": [
          {
            "origin": [
              -7.0,
              12.0,
              -2.0
            ],
            "size": [
              4.0,
              12.0,
              4.0
            ],
            "uv": [
              48.0,
              48.0
            ],
            "inflate": 0.5
          }
        ],
        "name": "rightSleeve"
      },
      {
        "pivot": [
          5.0,
          22.0,
          0.0
        ],
        "rotation": [
          0.0,
          0.0,
          0.0
        ],
        "cubes": [
          {
            "origin": [
              4.0,
              12.0,
              -2.0
            ],
            "size": [
              4.0,
              12.0,
              4.0
            ],
            "uv": [
              40.0,
              32.0
            ],
            "inflate": 0.5,
            "mirror": true
          }
        ],
        "name": "leftSleeve"
      },
      {
        "pivot": [
          -1.9,
          12.0,
          0.0
        ],
        "rotation": [
          0.0,
          0.0,
          0.0
        ],
        "cubes": [
          {
            "origin": [
              -4.05,
              0.0,
              -2.0
            ],
            "size": [
              4.0,
              12.0,
              4.0
            ],
            "uv": [
              16.0,
              48.0
            ]
          }
        ],
        "name": "rightLeg"
      },
      {
        "pivot": [
          1.9,
          12.0,
          0.0
        ],
        "rotation": [
          0.0,
          0.0,
          0.0
        ],
        "cubes": [
          {
            "origin": [
              0.05,
              0.0,
              -2.0
            ],
            "size": [
              4.0,
              12.0,
              4.0
            ],
            "uv": [
              32.0,
              48.0
            ],
            "mirror": true
          }
        ],
        "name": "leftLeg"
      },
      {
        "pivot": [
          -1.9,
          12.0,
          0.0
        ],
        "rotation": [
          0.0,
          0.0,
          0.0
        ],
        "cubes": [
          {
            "origin": [
              -4.25,
              0.0,
              -2.0
            ],
            "size": [
              4.0,
              12.0,
              4.0
            ],
            "uv": [
              0.0,
              48.0
            ],
            "inflate": 0.25
          }
        ],
        "name": "rightPants"
      },
      {
        "pivot": [
          1.9,
          12.0,
          0.0
        ],
        "rotation": [
          0.0,
          0.0,
          0.0
        ],
        "cubes": [
          {
            "origin": [
              0.25,
              0.0,
              -2.0
            ],
            "size": [
              4.0,
              12.0,
              4.0
            ],
            "uv": [
              0.0,
              32.0
            ],
            "inflate": 0.25,
            "mirror": true
          }
        ],
        "name": "leftPants"
      },
      {
        "pivot": [
          0.0,
          12.0,
          0.0
        ],
        "rotation": [
          0.0,
          0.0,
          0.0
        ],
        "cubes": [],
        "name": "waist",
        "parent": "body"
      },
      {
        "pivot": [
          -6.0,
          15.0,
          1.0
        ],
        "rotation": [
          0.0,
          0.0,
          0.0
        ],
        "cubes": [],
        "name": "rightItem",
        "parent": "rightArm"
      },
      {
        "pivot": [
          6.0,
          15.0,
          1.0
        ],
        "rotation": [
          0.0,
          0.0,
          0.0
        ],
        "cubes": [],
        "name": "leftItem",
        "parent": "leftArm"
      }
    ],
    "texturewidth": 64,
    "textureheight": 64
  },
  "geometry.humanoid.armor1:geometry.zombie": {
    "visible_bounds_width": 2,
    "visible_bounds_height": 2,
    "visible_bounds_offset": [ 0, 1, 0 ],
    "bones": [
      {
        "name": "head",
        "inflate": 1.0
      },
      {
        "name": "hat",
        "inflate": 1.5,
        "neverRender": false
      },
      {
        "name": "body",
        "inflate": 1.0
      },

      {
        "name": "rightArm",
        "inflate": 1.0
      },

      {
        "name": "leftArm",
        "inflate": 1.0
      },

      {
        "name": "rightLeg",
        "inflate": 1.0
      },

      {
        "name": "leftLeg",
        "inflate": 1.0
      }
    ]
  },
  "geometry.humanoid.armor.helmet": {
    "visible_bounds_width": 2,
    "visible_bounds_height": 2,
    "visible_bounds_offset": [ 0, 1, 0 ],
    "texturewidth": 64,
    "textureheight": 32,
    "bones": [
      {
        "name": "head",
        "pivot": [ 0.0, 24.0, 0.0 ],
        "cubes": [
          {
            "origin": [ -4.0, 24.0, -4.0 ],
            "size": [ 8, 8, 8 ],
            "uv": [ 0, 0 ]
          }
        ],
        "inflate": 1.0
      }
    ]
  },
  "geometry.humanoid.armor.chestplate": {
    "visible_bounds_width": 2,
    "visible_bounds_height": 2,
    "visible_bounds_offset": [ 0, 1, 0 ],
    "texturewidth": 64,
    "textureheight": 32,
    "bones": [
      {
        "name": "body",
        "pivot": [ 0.0, 24.0, 0.0 ],
        "cubes": [
          {
            "origin": [ -4.0, 0.0, -2.0 ],
            "size": [ 8, 12, 4 ],
            "uv": [ 16, 16 ]
          }
        ],
        "inflate": 1.0
      },
      {
        "name": "rightArm",
        "pivot": [ -5.0, 22.0, 0.0 ],
        "cubes": [
          {
            "origin": [ -8.0, 12.0, -2.0 ],
            "size": [ 4, 12, 4 ],
            "uv": [ 40, 16 ]
          }
        ],
        "inflate": 1.0
      },
      {
        "name": "leftArm",
        "pivot": [ 5.0, 22.0, 0.0 ],
        "cubes": [
          {
            "origin": [ 4.0, 12.0, -2.0 ],
            "size": [ 4, 12, 4 ],
            "uv": [ 40, 16 ]
          }
        ],
        "inflate": 1.0,
        "mirror": true
      }
    ]
  },
  "geometry.humanoid.armor.leggings": {
    "visible_bounds_width": 2,
    "visible_bounds_height": 2,
    "visible_bounds_offset": [ 0, 1, 0 ],
    "texturewidth": 64,
    "textureheight": 32,
    "bones": [
      {
        "name": "rightLeg",
        "pivot": [ -1.9, 12.0, 0.0 ],
        "cubes": [
          {
            "origin": [ -3.9, 0.0, -2.0 ],
            "size": [ 4, 12, 4 ],
            "uv": [ 0, 16 ]
          }
        ],
        "inflate": 0.5
      },
      {
        "name": "leftLeg",
        "pivot": [ 1.9, 12.0, 0.0 ],
        "cubes": [
          {
            "origin": [ -0.1, 0.0, -2.0 ],
            "size": [ 4, 12, 4 ],
            "uv": [ 0, 16 ]
          }
        ],
        "mirror": true,
        "inflate": 0.5
      }
    ]
  },
  "geometry.humanoid.armor.boots": {
    "visible_bounds_width": 2,
    "visible_bounds_height": 2,
    "visible_bounds_offset": [ 0, 1, 0 ],
    "texturewidth": 64,
    "textureheight": 32,
    "bones": [
      {
        "name": "rightLeg",
        "pivot": [ -1.9, 12.0, 0.0 ],
        "cubes": [
          {
            "origin": [ -3.9, 0.0, -2.0 ],
            "size": [ 4, 12, 4 ],
            "uv": [ 0, 16 ]
          }
        ],
        "inflate": 1.0
      },
      {
        "name": "leftLeg",
        "pivot": [ 1.9, 12.0, 0.0 ],
        "cubes": [
          {
            "origin": [ -0.1, 0.0, -2.0 ],
            "size": [ 4, 12, 4 ],
            "uv": [ 0, 16 ]
          }
        ],
        "mirror": true,
        "inflate": 1.0
      }
    ]
  },
  "geometry.humanoid.armor2:geometry.zombie": {
    "visible_bounds_width": 2,
    "visible_bounds_height": 2,
    "visible_bounds_offset": [ 0, 1, 0 ],
    "bones": [
      {
        "name": "head",
        "inflate": 0.5
      },

      {
        "name": "body",
        "inflate": 0.5
      },

      {
        "name": "rightArm",
        "inflate": 0.5
      },

      {
        "name": "leftArm",
        "inflate": 0.5
      },

      {
        "name": "rightLeg",
        "inflate": 0.5
      },

      {
        "name": "leftLeg",
        "inflate": 0.5
      }
    ]
  },
  "geometry.pigzombie": {
    "visible_bounds_width": 2,
    "visible_bounds_height": 2.5,
    "visible_bounds_offset": [ 0, 1.25, 0 ],
    "texturewidth": 64,
    "textureheight": 32,
    "bones": [
      {
        "name": "body",
        "pivot": [ 0.0, 24.0, 0.0 ],
        "cubes": [
          {
            "origin": [ -4.0, 12.0, -2.0 ],
            "size": [ 8, 12, 4 ],
            "uv": [ 16, 16 ]
          }
        ]
      },

      {
        "name": "waist",
        "neverRender": true,
        "pivot": [ 0.0, 12.0, 0.0 ]
      },

      {
        "name": "head",
        "pivot": [ 0.0, 24.0, 0.0 ],
        "cubes": [
          {
            "origin": [ -4.0, 24.0, -4.0 ],
            "size": [ 8, 8, 8 ],
            "uv": [ 0, 0 ]
          }
        ]
      },

      {
        "name": "hat",
        "pivot": [ 0.0, 24.0, 0.0 ],
        "cubes": [
          {
            "origin": [ -4.0, 24.0, -4.0 ],
            "size": [ 8, 8, 8 ],
            "uv": [ 32, 0 ],
            "inflate": 0.5
          }
        ],
        "neverRender": false
      },

      {
        "name": "rightArm",
        "pivot": [ -5.0, 22.0, 0.0 ],
        "cubes": [
          {
            "origin": [ -8.0, 12.0, -2.0 ],
            "size": [ 4, 12, 4 ],
            "uv": [ 40, 16 ]
          }
        ]
      },

      {
        "name": "rightItem",
        "pivot": [ -6, 15, 1 ],
        "neverRender": true,
        "parent": "rightArm"
      },

      {
        "name": "leftArm",
        "pivot": [ 5.0, 22.0, 0.0 ],
        "cubes": [
          {
            "origin": [ 4.0, 12.0, -2.0 ],
            "size": [ 4, 12, 4 ],
            "uv": [ 40, 16 ]
          }
        ],
        "mirror": true
      },

      {
        "name": "rightLeg",
        "pivot": [ -1.9, 12.0, 0.0 ],
        "cubes": [
          {
            "origin": [ -3.9, 0.0, -2.0 ],
            "size": [ 4, 12, 4 ],
            "uv": [ 0, 16 ]
          }
        ]
      },

      {
        "name": "leftLeg",
        "pivot": [ 1.9, 12.0, 0.0 ],
        "cubes": [
          {
            "origin": [ -0.1, 0.0, -2.0 ],
            "size": [ 4, 12, 4 ],
            "uv": [ 0, 16 ]
          }
        ],
        "mirror": true
      }
    ]
  },
  "geometry.pigzombie.baby:geometry.pigzombie": {

    "visible_bounds_width": 1.5,
    "visible_bounds_height": 1.5,
    "visible_bounds_offset": [ 0, 0.75, 0 ],
    "bones": [
      {
        "name": "hat",
        "neverRender": true
      }
    ]
  },
  "geometry.skeleton.wither:geometry.skeleton": {
    "visible_bounds_width": 1.5,
    "visible_bounds_height": 3,
    "visible_bounds_offset": [ 0, 1.5, 0 ]
  },
  "geometry.quadruped": {
    "visible_bounds_width": 1,
    "visible_bounds_height": 1,
    "visible_bounds_offset": [ 0, 0.5, 0 ],
    "bones": [
      {
        "name": "body",
        "pivot": [ 0.0, 19.0, 2.0 ],
        "cubes": [
          {
            "origin": [ -5.0, 13.0, -5.0 ],
            "size": [ 10, 16, 8 ],
            "uv": [ 28, 8 ]
          }
        ]
      },

      {
        "name": "head",
        "pivot": [ 0.0, 18.0, -6.0 ],
        "cubes": [
          {
            "origin": [ -4.0, 14.0, -14.0 ],
            "size": [ 8, 8, 8 ],
            "uv": [ 0, 0 ]
          }
        ]
      },

      {
        "name": "leg0",
        "pivot": [ -3.0, 12.0, 7.0 ],
        "cubes": [
          {
            "origin": [ -5.0, 0.0, 5.0 ],
            "size": [ 4, 12, 4 ],
            "uv": [ 0, 16 ]
          }
        ]
      },

      {
        "name": "leg1",
        "pivot": [ 3.0, 12.0, 7.0 ],
        "cubes": [
          {
            "origin": [ 1.0, 0.0, 5.0 ],
            "size": [ 4, 12, 4 ],
            "uv": [ 0, 16 ]
          }
        ]
      },

      {
        "name": "leg2",
        "pivot": [ -3.0, 12.0, -5.0 ],
        "cubes": [
          {
            "origin": [ -5.0, 0.0, -7.0 ],
            "size": [ 4, 12, 4 ],
            "uv": [ 0, 16 ]
          }
        ]
      },

      {
        "name": "leg3",
        "pivot": [ 3.0, 12.0, -5.0 ],
        "cubes": [
          {
            "origin": [ 1.0, 0.0, -7.0 ],
            "size": [ 4, 12, 4 ],
            "uv": [ 0, 16 ]
          }
        ]
      }
    ]
  },
  "geometry.mooshroom": {
    "visible_bounds_width": 2,
    "visible_bounds_height": 2,
    "visible_bounds_offset": [ 0, 1, 0 ],
    "texturewidth": 64,
    "textureheight": 32,
    "bones": [
      {
        "name": "body",
        "pivot": [ 0.0, 19.0, 2.0 ],
        "bind_pose_rotation": [ 90.0, 0.0, 0.0 ],
        "cubes": [
          {
            "origin": [ -6.0, 11.0, -5.0 ],
            "size": [ 12, 18, 10 ],
            "uv": [ 18, 4 ]
          },
          {
            "origin": [ -2.0, 11.0, -6.0 ],
            "size": [ 4, 6, 1 ],
            "uv": [ 52, 0 ]
          }
        ]
      },
      {
        "name": "head",
        "parent": "body",
        "pivot": [ 0.0, 20.0, -8.0 ],
        "cubes": [
          {
            "origin": [ -4.0, 16.0, -14.0 ],
            "size": [ 8, 8, 6 ],
            "uv": [ 0, 0 ]
          },
          {
            "origin": [ -5.0, 22.0, -12.0 ],
            "size": [ 1, 3, 1 ],
            "uv": [ 22, 0 ]
          },
          {
            "origin": [ 4.0, 22.0, -12.0 ],
            "size": [ 1, 3, 1 ],
            "uv": [ 22, 0 ]
          }
        ]
      },
      {
        "name": "leg0",
        "parent": "body",
        "pivot": [ -4.0, 12.0, 7.0 ],
        "cubes": [
          {
            "origin": [ -6.0, 0.0, 5.0 ],
            "size": [ 4, 12, 4 ],
            "uv": [ 0, 16 ]
          }
        ]
      },
      {
        "name": "leg1",
        "parent": "body",
        "pivot": [ 4.0, 12.0, 7.0 ],
        "cubes": [
          {
            "origin": [ 2.0, 0.0, 5.0 ],
            "size": [ 4, 12, 4 ],
            "uv": [ 0, 16 ]
          }
        ]
      },
      {
        "name": "leg2",
        "parent": "body",
        "pivot": [ -4.0, 12.0, -6.0 ],
        "cubes": [
          {
            "origin": [ -6.0, 0.0, -7.0 ],
            "size": [ 4, 12, 4 ],
            "uv": [ 0, 16 ]
          }
        ]
      },
      {
        "name": "leg3",
        "parent": "body",
        "pivot": [ 4.0, 12.0, -6.0 ],
        "cubes": [
          {
            "origin": [ 2.0, 0.0, -7.0 ],
            "size": [ 4, 12, 4 ],
            "uv": [ 0, 16 ]
          }
        ]
      }
    ]
  },
  "geometry.irongolem": {
    "visible_bounds_width": 3,
    "visible_bounds_height": 3,
    "visible_bounds_offset": [ 0, 1.5, 0 ],
    "texturewidth": 128,
    "textureheight": 128,

    "bones": [
      {
        "name": "body",
        "pivot": [ 0.0, 31.0, 0.0 ],
        "cubes": [
          {
            "origin": [ -9.0, 21.0, -6.0 ],
            "size": [ 18, 12, 11 ],
            "uv": [ 0, 40 ]
          },
          {
            "origin": [ -4.5, 16.0, -3.0 ],
            "size": [ 9, 5, 6 ],
            "uv": [ 0, 70 ],
            "inflate": 0.5
          }
        ]
      },
      {
        "name": "head",
        "pivot": [ 0.0, 31.0, -2.0 ],
        "cubes": [
          {
            "origin": [ -4.0, 33.0, -7.5 ],
            "size": [ 8, 10, 8 ],
            "uv": [ 0, 0 ]
          },
          {
            "origin": [ -1.0, 32.0, -9.5 ],
            "size": [ 2, 4, 2 ],
            "uv": [ 24, 0 ]
          }
        ]
      },
      {
        "name": "arm0",
        "pivot": [ 0.0, 31.0, 0.0 ],
        "cubes": [
          {
            "origin": [ -13.0, 3.5, -3.0 ],
            "size": [ 4, 30, 6 ],
            "uv": [ 60, 21 ]
          }
        ]
      },
      {
        "name": "arm1",
        "pivot": [ 0.0, 31.0, 0.0 ],
        "cubes": [
          {
            "origin": [ 9.0, 3.5, -3.0 ],
            "size": [ 4, 30, 6 ],
            "uv": [ 60, 58 ]
          }
        ]
      },
      {
        "name": "leg0",
        "pivot": [ -4.0, 13.0, 0.0 ],
        "cubes": [
          {
            "origin": [ -7.5, 0.0, -3.0 ],
            "size": [ 6, 16, 5 ],
            "uv": [ 37, 0 ]
          }
        ]
      },
      {
        "name": "leg1",
        "mirror": true,
        "pivot": [ 5.0, 13.0, 0.0 ],
        "cubes": [
          {
            "origin": [ 1.5, 0.0, -3.0 ],
            "size": [ 6, 16, 5 ],
            "uv": [ 60, 0 ]
          }
        ]
      }
    ]
  },
  "geometry.snowgolem": {
    "visible_bounds_width": 1,
    "visible_bounds_height": 2,
    "visible_bounds_offset": [ 0, 1, 0 ],
    "bones": [
      {
        "name": "head",
        "pivot": [ 0.0, 20.0, 0.0 ],
        "cubes": [
          {
            "origin": [ -4.0, 20.0, -4.0 ],
            "size": [ 8, 8, 8 ],
            "uv": [ 0, 0 ],
            "inflate": -0.5
          }
        ]
      },
      {
        "name": "arm1",
        "pivot": [ 0.0, 18.0, 0.0 ],
        "cubes": [
          {
            "origin": [ -1.0, 16.0, -1.0 ],
            "size": [ 12, 2, 2 ],
            "uv": [ 32, 0 ],
            "inflate": -0.5
          }
        ]
      },
      {
        "name": "arm2",
        "pivot": [ 0.0, 18.0, 0.0 ],
        "cubes": [
          {
            "origin": [ -1.0, 16.0, -1.0 ],
            "size": [ 12, 2, 2 ],
            "uv": [ 32, 0 ],
            "inflate": -0.5
          }
        ]
      },
      {
        "name": "piece1",
        "pivot": [ 0.0, 11.0, 0.0 ],
        "cubes": [
          {
            "origin": [ -5.0, 11.0, -5.0 ],
            "size": [ 10, 10, 10 ],
            "uv": [ 0, 16 ],
            "inflate": -0.5
          }
        ]
      },
      {
        "name": "piece2",
        "pivot": [ 0.0, 0.0, 0.0 ],
        "cubes": [
          {
            "origin": [ -6.0, 0.0, -6.0 ],
            "size": [ 12, 12, 12 ],
            "uv": [ 0, 36 ],
            "inflate": -0.5
          }
        ]
      }
    ]
  },
  "geometry.zombie.villager:geometry.humanoid": {
    "visible_bounds_width": 1.5,
    "visible_bounds_height": 2.5,
    "visible_bounds_offset": [ 0, 1.25, 0 ],
    "texturewidth": 64,
    "textureheight": 64,

    "bones": [
      {
        "name": "head",
        "reset": true,
        "pivot": [ 0.0, 24.0, 0.0 ],
        "cubes": [
          {
            "origin": [ -4.0, 24.0, -4.0 ],
            "size": [ 8, 10, 8 ],
            "uv": [ 0, 0 ],
            "inflate": 0.25
          },
          {
            "origin": [ -1.0, 23.0, -6.0 ],
            "size": [ 2, 4, 2 ],
            "uv": [ 24, 0 ],
            "inflate": 0.25
          }
        ]
      },
      {
        "name": "body",
        "reset": true,
        "pivot": [ 0.0, 24.0, 0.0 ],
        "cubes": [
          {
            "origin": [ -4.0, 12.0, -3.0 ],
            "size": [ 8, 12, 6 ],
            "uv": [ 16, 20 ]
          },
          {
            "origin": [ -4.0, 6.0, -3.0 ],
            "size": [ 8, 18, 6 ],
            "uv": [ 0, 38 ],
            "inflate": 0.5
          }
        ]
      },
      {
        "name": "waist",
        "neverRender": true,
        "pivot": [ 0.0, 12.0, 0.0 ]
      },
      {
        "name": "rightArm",
        "reset": true,
        "pivot": [ -5.0, 22.0, 0.0 ],
        "cubes": [
          {
            "origin": [ -8.0, 12.0, -2.0 ],
            "size": [ 4, 12, 4 ],
            "uv": [ 44, 38 ]
          }
        ]
      },
      {
        "name": "rightItem",
        "pivot": [ -6, 15, 1 ],
        "neverRender": true,
        "parent": "rightArm"
      },
      {
        "name": "leftArm",
        "reset": true,
        "mirror": true,
        "pivot": [ 5.0, 22.0, 0.0 ],
        "cubes": [
          {
            "origin": [ 4.0, 12.0, -2.0 ],
            "size": [ 4, 12, 4 ],
            "uv": [ 44, 38 ]
          }
        ]
      },
      {
        "name": "rightLeg",
        "reset": true,
        "pivot": [ -2.0, 12.0, 0.0 ],
        "cubes": [
          {
            "origin": [ -4.0, 0.0, -2.0 ],
            "size": [ 4, 12, 4 ],
            "uv": [ 0, 22 ]
          }
        ]
      },
      {
        "name": "leftLeg",
        "reset": true,
        "mirror": true,
        "pivot": [ 2.0, 12.0, 0.0 ],
        "cubes": [
          {
            "origin": [ 0.0, 0.0, -2.0 ],
            "size": [ 4, 12, 4 ],
            "uv": [ 0, 22 ]
          }
        ]
      }
    ]
  },
  "geometry.wolf": {
    "visible_bounds_width": 1.5,
    "visible_bounds_height": 1,
    "visible_bounds_offset": [ 0, 0.5, 0 ],
    "texturewidth": 64,
    "textureheight": 32,

    "bones": [
      {
        "name": "head",
        "pivot": [ -1.0, 10.5, -7.0 ],
        "cubes": [
          {
            "origin": [ -4.0, 7.5, -9.0 ],
            "size": [ 6, 6, 4 ],
            "uv": [ 0, 0 ]
          },
          {
            "origin": [ -4.0, 13.5, -7.0 ],
            "size": [ 2, 2, 1 ],
            "uv": [ 16, 14 ]
          },
          {
            "origin": [ 0.0, 13.5, -7.0 ],
            "size": [ 2, 2, 1 ],
            "uv": [ 16, 14 ]
          },
          {
            "origin": [ -2.5, 7.515625, -12.0 ],
            "size": [ 3, 3, 4 ],
            "uv": [ 0, 10 ]
          }
        ]
      },
      {
        "name": "body",
        "pivot": [ 0.0, 10.0, 2.0 ],
        "cubes": [
          {
            "origin": [ -4.0, 3.0, -1.0 ],
            "size": [ 6, 9, 6 ],
            "uv": [ 18, 14 ]
          }
        ]
      },
      {
        "name": "upperBody",
        "pivot": [ -1.0, 10.0, 2.0 ],
        "cubes": [
          {
            "origin": [ -5.0, 7.0, -1.0 ],
            "size": [ 8, 6, 7 ],
            "uv": [ 21, 0 ]
          }
        ]
      },
      {
        "name": "leg0",
        "pivot": [ -2.5, 8.0, 7.0 ],
        "cubes": [
          {
            "origin": [ -3.5, 0.0, 6.0 ],
            "size": [ 2, 8, 2 ],
            "uv": [ 0, 18 ]
          }
        ]
      },
      {
        "name": "leg1",
        "pivot": [ 0.5, 8.0, 7.0 ],
        "cubes": [
          {
            "origin": [ -0.5, 0.0, 6.0 ],
            "size": [ 2, 8, 2 ],
            "uv": [ 0, 18 ]
          }
        ]
      },
      {
        "name": "leg2",
        "pivot": [ -2.5, 8.0, -4.0 ],
        "cubes": [
          {
            "origin": [ -3.5, 0.0, -5.0 ],
            "size": [ 2, 8, 2 ],
            "uv": [ 0, 18 ]
          }
        ]
      },
      {
        "name": "leg3",
        "pivot": [ 0.5, 8.0, -4.0 ],
        "cubes": [
          {
            "origin": [ -0.5, 0.0, -5.0 ],
            "size": [ 2, 8, 2 ],
            "uv": [ 0, 18 ]
          }
        ]
      },
      {
        "name": "tail",
        "pivot": [ -1.0, 12.0, 8.0 ],
        "cubes": [
          {
            "origin": [ -2.0, 4.0, 7.0 ],
            "size": [ 2, 8, 2 ],
            "uv": [ 9, 18 ]
          }
        ]
      }
    ]
  },
  "geometry.trident": {
    "texturewidth": 32,
    "textureheight": 32,
    "bones": [
      {
        "name": "pole",
        "pivot": [ 0.0, 24.0, 0.0 ],
        "cubes": [
          {
            "origin": [ -0.5, -3.0, -0.5 ],
            "size": [ 1.0, 31.0, 1.0 ],
            "inflate": 0.01,
            "uv": [ 0, 0 ]
          },
          {
            "origin": [ -1.5, 22.0, -0.5 ],
            "size": [ 3.0, 2.0, 1.0 ],
            "uv": [ 4, 0 ]
          },
          {
            "origin": [ -2.5, 23.0, -0.5 ],
            "size": [ 1.0, 4.0, 1.0 ],
            "uv": [ 4, 3 ]
          },
          {
            "origin": [ 1.5, 23.0, -0.5 ],
            "size": [ 1.0, 4.0, 1.0 ],
            "uv": [ 4, 3 ]
          }
        ]
      }
    ]
  },
  "geometry.guardian": {
    "visible_bounds_width": 3.5,
    "visible_bounds_height": 2,
    "visible_bounds_offset": [ 0, 0.5, 0 ],
    "texturewidth": 64,
    "textureheight": 64,
    "bones": [
      {
        "name": "head",
        "pivot": [ 0.0, 24.0, 0.0 ],
        "mirror": true,
        "cubes": [
          {
            "mirror": false,
            "origin": [ -6.0, 2.0, -8.0 ],
            "size": [ 12.0, 12.0, 16.0 ],
            "uv": [ 0, 0 ]
          },
          {
            "mirror": false,
            "origin": [ -8.0, 2.0, -6.0 ],
            "size": [ 2.0, 12.0, 12.0 ],
            "uv": [ 0, 28 ]
          },
          {
            "origin": [ 6.0, 2.0, -6.0 ],
            "size": [ 2.0, 12.0, 12.0 ],
            "uv": [ 0, 28 ]
          },
          {
            "origin": [ -6.0, 14.0, -6.0 ],
            "size": [ 12.0, 2.0, 12.0 ],
            "uv": [ 16, 40 ]
          },
          {
            "origin": [ -6.0, 0.0, -6.0 ],
            "size": [ 12.0, 2.0, 12.0 ],
            "uv": [ 16, 40 ]
          }
        ]
      },
      {
        "name": "eye",
        "pivot": [ 0.0, 24.0, 0.0 ],
        "cubes": [
          {
            "origin": [ -1.0, 7.0, 0.0 ],
            "size": [ 2.0, 2.0, 1.0 ],
            "uv": [ 8, 0 ]
          }
        ]
      },
      {
        "name": "tailpart0",
        "pivot": [ 0.0, 24.0, 0.0 ],
        "cubes": [
          {
            "origin": [ -2.0, 6.0, 7.0 ],
            "size": [ 4.0, 4.0, 8.0 ],
            "uv": [ 40, 0 ]
          }
        ]
      },
      {
        "name": "tailpart1",
        "pivot": [ 0.0, 24.0, 0.0 ],
        "cubes": [
          {
            "origin": [ 0.0, 7.0, 0.0 ],
            "size": [ 3.0, 3.0, 7.0 ],
            "uv": [ 0, 54 ]
          }
        ]
      },
      {
        "name": "tailpart2",
        "pivot": [ 0.0, 24.0, 0.0 ],
        "cubes": [
          {
            "origin": [ 0.0, 8.0, 0.0 ],
            "size": [ 2.0, 2.0, 6.0 ],
            "uv": [ 41, 32 ]
          },
          {
            "origin": [ 1.0, 4.5, 3.0 ],
            "size": [ 1.0, 9.0, 9.0 ],
            "uv": [ 25, 19 ]
          }
        ]
      },
      {
        "name": "spikepart0",
        "pivot": [ 0.0, 24.0, 0.0 ],
        "cubes": [
          {
            "origin": [ -1.0, 19.5, -1.0 ],
            "size": [ 2.0, 9.0, 2.0 ],
            "uv": [ 0, 0 ]
          }
        ]
      },
      {
        "name": "spikepart1",
        "pivot": [ 0.0, 24.0, 0.0 ],
        "cubes": [
          {
            "origin": [ -1.0, 19.5, -1.0 ],
            "size": [ 2.0, 9.0, 2.0 ],
            "uv": [ 0, 0 ]
          }
        ]
      },
      {
        "name": "spikepart2",
        "pivot": [ 0.0, 24.0, 0.0 ],
        "cubes": [
          {
            "origin": [ -1.0, 19.5, -1.0 ],
            "size": [ 2.0, 9.0, 2.0 ],
            "uv": [ 0, 0 ]
          }
        ]
      },
      {
        "name": "spikepart3",
        "pivot": [ 0.0, 24.0, 0.0 ],
        "cubes": [
          {
            "origin": [ -1.0, 19.5, -1.0 ],
            "size": [ 2.0, 9.0, 2.0 ],
            "uv": [ 0, 0 ]
          }
        ]
      },
      {
        "name": "spikepart4",
        "pivot": [ 0.0, 24.0, 0.0 ],
        "cubes": [
          {
            "origin": [ -1.0, 19.5, -1.0 ],
            "size": [ 2.0, 9.0, 2.0 ],
            "uv": [ 0, 0 ]
          }
        ]
      },
      {
        "name": "spikepart5",
        "pivot": [ 0.0, 24.0, 0.0 ],
        "cubes": [
          {
            "origin": [ -1.0, 19.5, -1.0 ],
            "size": [ 2.0, 9.0, 2.0 ],
            "uv": [ 0, 0 ]
          }
        ]
      },
      {
        "name": "spikepart6",
        "pivot": [ 0.0, 24.0, 0.0 ],
        "cubes": [
          {
            "origin": [ -1.0, 19.5, -1.0 ],
            "size": [ 2.0, 9.0, 2.0 ],
            "uv": [ 0, 0 ]
          }
        ]
      },
      {
        "name": "spikepart7",
        "pivot": [ 0.0, 24.0, 0.0 ],
        "cubes": [
          {
            "origin": [ -1.0, 19.5, -1.0 ],
            "size": [ 2.0, 9.0, 2.0 ],
            "uv": [ 0, 0 ]
          }
        ]
      },
      {
        "name": "spikepart8",
        "pivot": [ 0.0, 24.0, 0.0 ],
        "cubes": [
          {
            "origin": [ -1.0, 19.5, -1.0 ],
            "size": [ 2.0, 9.0, 2.0 ],
            "uv": [ 0, 0 ]
          }
        ]
      },
      {
        "name": "spikepart9",
        "pivot": [ 0.0, 24.0, 0.0 ],
        "cubes": [
          {
            "origin": [ -1.0, 19.5, -1.0 ],
            "size": [ 2.0, 9.0, 2.0 ],
            "uv": [ 0, 0 ]
          }
        ]
      },
      {
        "name": "spikepart10",
        "pivot": [ 0.0, 24.0, 0.0 ],
        "cubes": [
          {
            "origin": [ -1.0, 19.5, -1.0 ],
            "size": [ 2.0, 9.0, 2.0 ],
            "uv": [ 0, 0 ]
          }
        ]
      },
      {
        "name": "spikepart11",
        "pivot": [ 0.0, 24.0, 0.0 ],
        "cubes": [
          {
            "origin": [ -1.0, 19.5, -1.0 ],
            "size": [ 2.0, 9.0, 2.0 ],
            "uv": [ 0, 0 ]
          }
        ]
      }
    ]
  },
  "geometry.polarbear": {
    "visible_bounds_width": 3,
    "visible_bounds_height": 2,
    "visible_bounds_offset": [ 0, 0.5, 0 ],
    "texturewidth": 128,
    "textureheight": 64,
    "bones": [
      {
        "name": "head",
        "pivot": [ 0.0, 14.0, -16.0 ],
        "mirror": true,
        "cubes": [
          {
            "origin": [ -3.5, 10.0, -19.0 ],
            "size": [ 7.0, 7.0, 7.0 ],
            "uv": [ 0, 0 ]
          },
          {
            "origin": [ -2.5, 10.0, -22.0 ],
            "size": [ 5.0, 3.0, 3.0 ],
            "uv": [ 0, 44 ]
          },
          {
            "origin": [ -4.5, 16.0, -17.0 ],
            "size": [ 2.0, 2.0, 1.0 ],
            "uv": [ 26, 0 ]
          },
          {
            "origin": [ 2.5, 16.0, -17.0 ],
            "size": [ 2.0, 2.0, 1.0 ],
            "uv": [ 26, 0 ]
          }
        ]
      },
      {
        "name": "body",
        "pivot": [ -2.0, 15.0, 12.0 ],
        "cubes": [
          {
            "origin": [ -7.0, 14.0, 5.0 ],
            "size": [ 14.0, 14.0, 11.0 ],
            "uv": [ 0, 19 ]
          },
          {
            "origin": [ -6.0, 28.0, 5.0 ],
            "size": [ 12.0, 12.0, 10.0 ],
            "uv": [ 39, 0 ]
          }
        ]
      },
      {
        "name": "leg0",
        "pivot": [ -4.5, 10.0, 6.0 ],
        "cubes": [
          {
            "origin": [ -6.5, 0.0, 4.0 ],
            "size": [ 4.0, 10.0, 8.0 ],
            "uv": [ 50, 22 ]
          }
        ]
      },
      {
        "name": "leg1",
        "pivot": [ 4.5, 10.0, 6.0 ],
        "cubes": [
          {
            "origin": [ 2.5, 0.0, 4.0 ],
            "size": [ 4.0, 10.0, 8.0 ],
            "uv": [ 50, 22 ]
          }
        ]
      },
      {
        "name": "leg2",
        "pivot": [ -3.5, 10.0, -8.0 ],
        "cubes": [
          {
            "origin": [ -5.5, 0.0, -10.0 ],
            "size": [ 4.0, 10.0, 6.0 ],
            "uv": [ 50, 40 ]
          }
        ]
      },
      {
        "name": "leg3",
        "pivot": [ 3.5, 10.0, -8.0 ],
        "cubes": [
          {
            "origin": [ 1.5, 0.0, -10.0 ],
            "size": [ 4.0, 10.0, 6.0 ],
            "uv": [ 50, 40 ]
          }
        ]
      }
    ]
  },
  "geometry.chalkboard_small": {
    "visible_bounds_width": 1,
    "visible_bounds_height": 1,
    "visible_bounds_offset": [ 0, 0.5, 0 ],
    "texturewidth": 64,
    "textureheight": 32,
    "bones": [
      {
        "name": "body",
        "cubes": [
          {
            "origin": [ -8, 4, -1 ],
            "uv": [ 0, 0 ],
            "size": [ 16, 12, 2 ]
          }
        ],
        "pivot": [
          -8.881784e-18,
          0,
          7.105427e-17
        ]
      },
      {
        "name": "rightLeg",
        "cubes": [
          {
            "origin": [ -1, 0, -1 ],
            "uv": [ 0, 14 ],
            "size": [ 2, 4, 2 ]
          }
        ],
        "pivot": [
          0,
          2.842171e-16,
          7.105427e-17
        ]
      }
    ]
  },
  "geometry.chalkboard_medium": {
    "visible_bounds_width": 1,
    "visible_bounds_height": 1,
    "visible_bounds_offset": [ 0, 0.5, 0 ],
    "texturewidth": 128,
    "textureheight": 32,
    "bones": [
      {
        "name": "body",
        "cubes": [
          {
            "origin": [ -16, 4, -1 ],
            "uv": [ 0, 0 ],
            "size": [ 32, 12, 2 ]
          }
        ],
        "pivot": [
          0,
          0,
          1.421085e-16
        ]
      },
      {
        "name": "leftLeg",
        "cubes": [
          {
            "origin": [ 10, 0, -1 ],
            "uv": [ 0, 14 ],
            "size": [ 2, 4, 2 ]
          }
        ],
        "pivot": [
          2.273737e-15,
          -5.684342e-16,
          7.105427e-17
        ]
      },
      {
        "name": "rightLeg",
        "cubes": [
          {
            "origin": [ -12, 0, -1 ],
            "uv": [ 0, 14 ],
            "size": [ 2, 4, 2 ]
          }
        ],
        "pivot": [
          -4.547474e-15,
          -8.526513e-16,
          0
        ]
      }
    ]
  },
  "geometry.chalkboard_large": {
    "visible_bounds_width": 1,
    "visible_bounds_height": 1,
    "visible_bounds_offset": [ 0, 0.5, 0 ],
    "texturewidth": 128,
    "textureheight": 64,
    "bones": [
      {
        "name": "body",
        "cubes": [
          {
            "origin": [ -24, 4, -1 ],
            "uv": [ 0, 0 ],
            "size": [ 48, 28, 2 ]
          }
        ],
        "pivot": [
          0,
          -1.136868e-15,
          7.105427e-17
        ]
      },
      {
        "name": "leftLeg",
        "cubes": [
          {
            "origin": [ 16, 0, -1 ],
            "uv": [ 0, 30 ],
            "size": [ 2, 4, 2 ]
          }
        ],
        "pivot": [
          0,
          2.842171e-16,
          0
        ]
      },
      {
        "name": "rightLeg",
        "cubes": [
          {
            "origin": [ -18, 0, -1 ],
            "uv": [ 0, 30 ],
            "size": [ 2, 4, 2 ]
          }
        ],
        "pivot": [
          0,
          2.842171e-16,
          0
        ]
      }
    ]
  },
  "geometry.npc": {
    "visible_bounds_width": 1,
    "visible_bounds_height": 1,
    "visible_bounds_offset": [ 0, 0.5, 0 ],
    "texturewidth": 64,
    "textureheight": 64,
    "bones": [
      {
        "name": "head",
        "pivot": [ 0.0, 24.0, 0.0 ],
        "cubes": [
          {
            "origin": [ -4.0, 24.0, -4.0 ],
            "size": [ 8, 10, 8 ],
            "uv": [ 0, 0 ]
          }
        ]
      },
      {
        "name": "hat",
        "neverRender": false,
        "pivot": [ 0.0, 24.0, 0.0 ],
        "cubes": [
          {
            "origin": [ -4.0, 24.0, -4.0 ],
            "size": [ 8, 8, 8 ],
            "uv": [ 32, 0 ],
            "inflate": 0.5
          }
        ],
        "parent": "head"
      },
      {
        "name": "nose",
        "parent": "head",
        "pivot": [ 0.0, 26.0, 0.0 ],
        "cubes": [
          {
            "origin": [ -1.0, 23.0, -6.0 ],
            "size": [ 2, 4, 2 ],
            "uv": [ 24, 0 ]
          }
        ]
      },
      {
        "name": "body",
        "pivot": [ 0.0, 24.0, 0.0 ],
        "cubes": [
          {
            "origin": [ -4.0, 12.0, -3.0 ],
            "size": [ 8, 12, 6 ],
            "uv": [ 16, 20 ]
          },
          {
            "origin": [ -4.0, 6.0, -3.0 ],
            "size": [ 8, 18, 6 ],
            "uv": [ 0, 38 ],
            "inflate": 0.5
          }
        ]
      },
      {
        "name": "arms",
        "pivot": [ 0.0, 22.0, 0.0 ],
        "cubes": [
          {
            "origin": [ -4.0, 16.0, -2.0 ],
            "size": [ 8, 4, 4 ],
            "uv": [ 40, 38 ]
          },
          {
            "origin": [ -8.0, 16.0, -2.0 ],
            "size": [ 4, 8, 4 ],
            "uv": [ 44, 22 ]
          },
          {
            "origin": [ 4.0, 16.0, -2.0 ],
            "size": [ 4, 8, 4 ],
            "uv": [ 44, 46 ]
          }
        ],
        "parent": "body"
      },
      {
        "name": "leg0",
        "pivot": [ -2.0, 12.0, 0.0 ],
        "cubes": [
          {
            "origin": [ -4.0, 0.0, -2.0 ],
            "size": [ 4, 12, 4 ],
            "uv": [ 0, 22 ]
          }
        ]
      },
      {
        "name": "leg1",
        "pivot": [ 2.0, 12.0, 0.0 ],
        "cubes": [
          {
            "origin": [ 0.0, 0.0, -2.0 ],
            "size": [ 4, 12, 4 ],
            "uv": [ 0, 22 ]
          }
        ]
      },
      {
        "name": "leftPants",
        "pivot": [ 1.9, 12.0, 0.0 ],
        "cubes": [
          {
            "origin": [ -0.1, 0.0, -2.0 ],
            "size": [ 4, 12, 4 ],
            "uv": [ 0, 48 ],
            "inflate": 0.25
          }
        ],
        "parent": "leg1"
      },

      {
        "name": "rightPants",
        "pivot": [ -1.9, 12.0, 0.0 ],
        "cubes": [
          {
            "origin": [ -3.9, 0.0, -2.0 ],
            "size": [ 4, 12, 4 ],
            "uv": [ 0, 32 ],
            "inflate": 0.25
          }
        ],
        "parent": "leg0"
      },
      {
        "name": "jacket",
        "pivot": [ 0.0, 24.0, 0.0 ],
        "cubes": [
          {
            "origin": [ -4.0, 12.0, -2.0 ],
            "size": [ 8, 12, 4 ],
            "uv": [ 16, 32 ],
            "inflate": 0.25
          }
        ],
        "parent": "body"
      }
    ]
  },
  "geometry.witherBoss": {
    "visible_bounds_width": 3,
    "visible_bounds_height": 4,
    "visible_bounds_offset": [ 0, 2, 0 ],
    "texturewidth": 64,
    "textureheight": 64,

    "bones": [
      {
        "name": "upperBodyPart1",
        "pivot": [ 0, 24, 0 ],
        "cubes": [
          {
            "origin": [ -10, 17.1, -0.5 ],
            "size": [ 20, 3, 3 ],
            "uv": [ 0, 16 ]
          }
        ]
      },
      {
        "name": "upperBodyPart2",
        "pivot": [ -2, 17.1, -0.5 ],
        "cubes": [
          {
            "origin": [ -2, 7.1, -0.5 ],
            "size": [ 3, 10, 3 ],
            "uv": [ 0, 22 ]
          },
          {
            "origin": [ -6, 13.6, 0 ],
            "size": [ 11, 2, 2 ],
            "uv": [ 24, 22 ]
          },
          {
            "origin": [ -6, 11.1, 0 ],
            "size": [ 11, 2, 2 ],
            "uv": [ 24, 22 ]
          },
          {
            "origin": [ -6, 8.6, 0 ],
            "size": [ 11, 2, 2 ],
            "uv": [ 24, 22 ]
          }
        ]
      },
      {
        "name": "upperBodyPart3",
        "pivot": [ 0, 24, 0 ],
        "cubes": [
          {
            "origin": [ 0, 18, 0 ],
            "size": [ 3, 6, 3 ],
            "uv": [ 12, 22 ]
          }
        ]
      },
      {
        "name": "head1",
        "pivot": [ 0, 20, 0 ],
        "cubes": [
          {
            "origin": [ -4, 20, -4 ],
            "size": [ 8, 8, 8 ],
            "uv": [ 0, 0 ]
          }
        ]
      },
      {
        "name": "head2",
        "pivot": [ -9, 18, -1 ],
        "cubes": [
          {
            "origin": [ -12, 18, -4 ],
            "size": [ 6, 6, 6 ],
            "uv": [ 32, 0 ]
          }
        ]
      },
      {
        "name": "head3",
        "pivot": [ 9, 18, -1 ],
        "cubes": [
          {
            "origin": [ 6, 18, -4 ],
            "size": [ 6, 6, 6 ],
            "uv": [ 32, 0 ]
          }
        ]
      }
    ]
  },
  "geometry.witherBoss.armor:geometry.witherBoss": {
    "visible_bounds_width": 1,
    "visible_bounds_height": 1,
    "visible_bounds_offset": [ 0, 0.5, 0 ],
    "texturewidth": 64,
    "textureheight": 64,

    "bones": [
      {
        "name": "upperBodyPart1",
        "inflate": 2.0
      },

      {
        "name": "upperBodyPart2",
        "inflate": 2.0
      },

      {
        "name": "upperBodyPart3",
        "inflate": 2.0
      },

      {
        "name": "head1",
        "inflate": 2.0
      },

      {
        "name": "head2",
        "inflate": 2.0
      },

      {
        "name": "head3",
        "inflate": 2.0
      }
    ]
  },
  "geometry.agent": {
    "visible_bounds_width": 1,
    "visible_bounds_height": 1,
    "visible_bounds_offset": [ 0, 0.5, 0 ],
    "texturewidth": 32,
    "textureheight": 32,
    "bones": [
      {
        "name": "body",
        "pivot": [ 0.0, 24.0, 0.0 ],
        "cubes": [
          {
            "origin": [ -4.0, 5.0, -2.0 ],
            "size": [ 8.0, 4.0, 4.0 ],
            "uv": [ 0.0, 12.0 ]
          },
          {
            "origin": [ -3.0, 3.0, -2.0 ],
            "size": [ 6.0, 2.0, 4.0 ],
            "uv": [ 0.0, 20.0 ]
          }
        ]
      },
      {
        "name": "head",
        "parent": "body",
        "pivot": [ 0.0, 9.0, -0.8 ],
        "cubes": [
          {
            "origin": [ -3.0, 9.0, -3.0 ],
            "size": [ 6.0, 7.0, 5.0 ],
            "uv": [ 0.0, 0.0 ]
          },
          {
            "origin": [ -1.0, 9.0, -4.0 ],
            "size": [ 2.0, 3.0, 1.0 ],
            "uv": [ 17.0, 1.0 ]
          }
        ]
      },
      {
        "name": "leftArm",
        "parent": "body",
        "pivot": [ 5.0, 9.0, 0.0 ],
        "cubes": [
          {
            "origin": [ 4.0, 0.0, -1.0 ],
            "size": [ 2.0, 9.0, 2.0 ],
            "uv": [ 24.0, 11.0 ]
          }
        ]
      },
      {
        "name": "rightArm",
        "parent": "body",
        "pivot": [ -5.0, 9.0, 0.0 ],
        "cubes": [
          {
            "origin": [ -6.0, 0.0, -1.0 ],
            "size": [ 2.0, 9.0, 2.0 ],
            "uv": [ 24.0, 0.0 ]
          }
        ]
      },
      {
        "name": "leftLeg",
        "parent": "body",
        "pivot": [ 1.9, 3.0, 0.0 ],
        "cubes": [
          {
            "origin": [ 1.0, 0.0, -1.0 ],
            "size": [ 2.0, 3.0, 2.0 ],
            "uv": [ 8.0, 26.0 ]
          }
        ]
      },
      {
        "name": "rightLeg",
        "parent": "body",
        "pivot": [ -1.9, 3.0, 0.0 ],
        "cubes": [
          {
            "origin": [ -3.0, 0.0, -1.0 ],
            "size": [ 2.0, 3.0, 2.0 ],
            "uv": [ 0.0, 26.0 ]
          }
        ]
      }
    ]
  },
  "geometry.armor_stand": {
    "visible_bounds_width": 1.5,
    "visible_bounds_height": 1,
    "visible_bounds_offset": [ 0, 0.5, 0 ],
    "texturewidth": 64,
    "textureheight": 64,
    "bones": [
      {
        "name": "head",
        "pivot": [ 0, 24, 0 ],
        "cubes": [
          {
            "origin": [ -1, 24, -1 ],
            "size": [ 2, 7, 2 ],
            "uv": [ 0, 0 ]
          }
        ]
      },
      {
        "name": "body",
        "pivot": [ 0, 24, 0 ],
        "cubes": [
          {
            "origin": [ -6, 21, -1.5 ],
            "size": [ 12, 3, 3 ],
            "uv": [ 0, 26 ]
          },
          {
            "origin": [ -3, 14, -1 ],
            "size": [ 2, 7, 2 ],
            "uv": [ 16, 0 ]
          },
          {
            "origin": [ 1, 14, -1 ],
            "size": [ 2, 7, 2 ],
            "uv": [ 48, 16 ]
          },
          {
            "origin": [ -4, 12, -1 ],
            "size": [ 8, 2, 2 ],
            "uv": [ 0, 48 ]
          }
        ]
      },
      {
        "name": "rightArm",
        "pivot": [ -5, 22, 0 ],
        "cubes": [
          {
            "origin": [ -7, 12, -1 ],
            "size": [ 2, 12, 2 ],
            "uv": [ 24, 0 ]
          }
        ]
      },
      {
        "name": "leftArm",
        "pivot": [ 5, 22, 0 ],
        "cubes": [
          {
            "origin": [ 5, 12, -1 ],
            "size": [ 2, 12, 2 ],
            "uv": [ 32, 16 ]
          }
        ],
        "mirror": true
      },
      {
        "name": "rightLeg",
        "pivot": [ -1.9, 12, 0 ],
        "cubes": [
          {
            "origin": [ -2.9, 1, -1 ],
            "size": [ 2, 11, 2 ],
            "uv": [ 8, 0 ]
          }
        ]
      },
      {
        "name": "leftLeg",
        "pivot": [ 1.9, 12, 0 ],
        "cubes": [
          {
            "origin": [ 0.9, 1, -1 ],
            "size": [ 2, 11, 2 ],
            "uv": [ 40, 16 ]
          }
        ],
        "mirror": true
      },
      {
        "name": "basePlate",
        "cubes": [
          {
            "origin": [ -6, 0, -6 ],
            "size": [ 12, 1, 12 ],
            "uv": [ 0, 32 ]
          }
        ]
      }
    ]
  },
  "geometry.parrot": {
    "visible_bounds_width": 1,
    "visible_bounds_height": 1,
    "visible_bounds_offset": [ 0, 0.5, 0 ],
    "texturewidth": 32,
    "textureheight": 32,
    "bones": [
      {
        "name": "head",
        "pivot": [ 0.0, 8.3, -2.8 ],
        "cubes": [
          {
            "origin": [ -1.0, 6.8, -3.8 ],
            "size": [ 2.0, 3.0, 2.0 ],
            "uv": [ 2, 2 ]
          }
        ]
      },
      {
        "name": "head2",
        "pivot": [ 0.0, 26.0, -1.0 ],
        "cubes": [
          {
            "origin": [ -1.0, 25.5, -3.0 ],
            "size": [ 2.0, 1.0, 4.0 ],
            "uv": [ 10, 0 ]
          }
        ]
      },
      {
        "name": "beak1",
        "pivot": [ 0.0, 24.5, -1.5 ],
        "cubes": [
          {
            "origin": [ -0.5, 23.5, -2.0 ],
            "size": [ 1.0, 2.0, 1.0 ],
            "uv": [ 11, 7 ]
          }
        ]
      },
      {
        "name": "beak2",
        "pivot": [ 0.0, 25.8, -2.5 ],
        "cubes": [
          {
            "origin": [ -0.5, 23.8, -3.0 ],
            "size": [ 1.0, 1.7, 1.0 ],
            "uv": [ 16, 7 ]
          }
        ]
      },
      {
        "name": "body",
        "pivot": [ 0.0, 7.5, -3.0 ],
        "cubes": [
          {
            "origin": [ -1.5, 1.5, -4.5 ],
            "size": [ 3.0, 6.0, 3.0 ],
            "uv": [ 2, 8 ]
          }
        ]
      },
      {
        "name": "tail",
        "pivot": [ 0.0, 2.9, 1.2 ],
        "cubes": [
          {
            "origin": [ -1.5, -0.1, 0.2 ],
            "size": [ 3.0, 4.0, 1.0 ],
            "uv": [ 22, 1 ]
          }
        ]
      },
      {
        "name": "wing0",
        "pivot": [ 1.5, 7.1, -2.8 ],
        "cubes": [
          {
            "origin": [ 1.0, 2.1, -4.3 ],
            "size": [ 1.0, 5.0, 3.0 ],
            "uv": [ 19, 8 ]
          }
        ]
      },
      {
        "name": "wing1",
        "pivot": [ -1.5, 7.1, -2.8 ],
        "cubes": [
          {
            "origin": [ -2.0, 2.1, -4.3 ],
            "size": [ 1.0, 5.0, 3.0 ],
            "uv": [ 19, 8 ]
          }
        ]
      },
      {
        "name": "feather",
        "pivot": [ 0.0, 26.1, 0.2 ],
        "cubes": [
          {
            "origin": [ 0.0, 25.1, -1.9 ],
            "size": [ 0.0, 5.0, 4.0 ],
            "uv": [ 2, 18 ]
          }
        ]
      },
      {
        "name": "leg0",
        "pivot": [ 1.0, 2.0, -1.0 ],
        "cubes": [
          {
            "origin": [ 0.5, 0.0, -0.5 ],
            "size": [ 1.0, 2.0, 1.0 ],
            "uv": [ 14, 18 ]
          }
        ]
      },
      {
        "name": "leg1",
        "pivot": [ -1.0, 2.0, -1.0 ],
        "cubes": [
          {
            "origin": [ -1.5, 0.0, -0.5 ],
            "size": [ 1.0, 2.0, 1.0 ],
            "uv": [ 14, 18 ]
          }
        ]
      }
    ]
  },
  "geometry.bed": {
    "visible_bounds_width": 1,
    "visible_bounds_height": 1,
    "visible_bounds_offset": [ 0, 0.5, 0 ],
    "bones": [
      {
        "pivot": [ 0.0, 24.0, 0.0 ],
        "cubes": [
          {
            "origin": [ 0.0, 0.0, 0.0 ],
            "size": [ 16.0, 32.0, 6.0 ],
            "uv": [ 0.0, 0.0 ]
          },
          {
            "origin": [ 3.0, 31.0, 6.0 ],
            "size": [ 10.0, 1.0, 3.0 ],
            "uv": [ 38.0, 2.0 ]
          },
          {
            "origin": [ 3.0, 0.0, 6.0 ],
            "size": [ 10.0, 1.0, 3.0 ],
            "uv": [ 38.0, 38.0 ]
          },
          {
            "origin": [ 15.0, 3.0, 6.0 ],
            "size": [ 1.0, 26.0, 3.0 ],
            "uv": [ 52.0, 6.0 ]
          },
          {
            "origin": [ 0.0, 3.0, 6.0 ],
            "size": [ 1.0, 26.0, 3.0 ],
            "uv": [ 44.0, 6.0 ]
          }
        ],
        "name": "bed"
      },
      {
        "pivot": [ 5.0, 22.0, 0.0 ],
        "cubes": [
          {
            "origin": [ 13.0, 29.0, 6.0 ],
            "size": [ 3.0, 3.0, 3.0 ],
            "uv": [ 12.0, 38.0 ]
          }
        ],
        "name": "leg1"
      },
      {
        "pivot": [ -5.0, 22.0, 0.0 ],
        "cubes": [
          {
            "origin": [ 0.0, 29.0, 6.0 ],
            "size": [ 3.0, 3.0, 3.0 ],
            "uv": [ 0.0, 38.0 ]
          }
        ],
        "name": "leg0"
      },
      {
        "pivot": [ 2.0, 12.0, 0.0 ],
        "cubes": [
          {
            "origin": [ 13.0, 0.0, 6.0 ],
            "size": [ 3.0, 3.0, 3.0 ],
            "uv": [ 12.0, 44.0 ]
          }
        ],
        "name": "leg3"
      },
      {
        "pivot": [ -2.0, 12.0, 0.0 ],
        "cubes": [
          {
            "origin": [ 0.0, 0.0, 6.0 ],
            "size": [ 3.0, 3.0, 3.0 ],
            "uv": [ 0.0, 44.0 ]
          }
        ],
        "name": "leg2"
      }
    ],
    "texturewidth": 64,
    "textureheight": 64
  },
  "geometry.player_head": {
    "visible_bounds_width": 1,
    "visible_bounds_height": 1,
    "visible_bounds_offset": [ 0, 0.5, 0 ],
    "texturewidth": 64,
    "textureheight": 64,
    "bones": [
      {
        "name": "head",
        "pivot": [ 0.0, 24.0, 0.0 ],
        "cubes": [
          {
            "origin": [ -4.0, 24.0, -4.0 ],
            "size": [ 8, 8, 8 ],
            "uv": [ 0, 0 ]
          }
        ]
      }
    ]
  },
  "geometry.mob_head": {
    "visible_bounds_width": 1,
    "visible_bounds_height": 1,
    "visible_bounds_offset": [ 0, 0.5, 0 ],
    "texturewidth": 64,
    "textureheight": 32,
    "bones": [
      {
        "name": "head",
        "pivot": [ 0.0, 24.0, 0.0 ],
        "cubes": [
          {
            "origin": [ -4.0, 24.0, -4.0 ],
            "size": [ 8, 8, 8 ],
            "uv": [ 0, 0 ]
          }
        ]
      }
    ]
  },
  "geometry.dragon_head": {
    "visible_bounds_width": 1,
    "visible_bounds_height": 1,
    "visible_bounds_offset": [ 0, 0.5, 0 ],
    "texturewidth": 256,
    "textureheight": 256,
    "bones": [
      {
        "name": "head",
        "pivot": [ 0.0, 24.0, 0.0 ],
        "cubes": [
          {
            "origin": [ -8.0, 16.0, -10.0 ],
            "size": [ 16.0, 16.0, 16.0 ],
            "uv": [ 112, 30 ]
          },
          {
            "mirror": true,
            "origin": [ -5.0, 32.0, -4.0 ],
            "size": [ 2.0, 4.0, 6.0 ],
            "uv": [ 0, 0 ]
          },
          {
            "origin": [ 3.0, 32.0, -4.0 ],
            "size": [ 2.0, 4.0, 6.0 ],
            "uv": [ 0, 0 ]
          }
        ]
      },
      {
        "name": "snout",
        "pivot": [ 0.0, 24.0, 0.0 ],
        "cubes": [
          {
            "origin": [ -6.0, 20.0, -24.0 ],
            "size": [ 12.0, 5.0, 16.0 ],
            "uv": [ 176, 44 ]
          },
          {
            "mirror": true,
            "origin": [ -5.0, 25.0, -22.0 ],
            "size": [ 2.0, 2.0, 4.0 ],
            "uv": [ 112, 0 ]
          },
          {
            "origin": [ 3.0, 25.0, -22.0 ],
            "size": [ 2.0, 2.0, 4.0 ],
            "uv": [ 112, 0 ]
          }
        ]
      },
      {
        "name": "jaw",
        "pivot": [ 0.0, 20.0, -8.0 ],
        "cubes": [
          {
            "origin": [ -6.0, 16.0, -24.0 ],
            "size": [ 12.0, 4.0, 16.0 ],
            "uv": [ 176, 65 ]
          }
        ]
      }
    ]
  },
  "geometry.panda": {
    "texturewidth": 64,
    "textureheight": 64,
    "bones": [
      {
        "name": "head",
        "pivot": [ 0.0, 12.5, -17.0 ],
        "cubes": [
          {
            "origin": [ -6.5, 7.5, -21.0 ],
            "size": [ 13.0, 10.0, 9.0 ],
            "uv": [ 0, 6 ]
          },
          {
            "origin": [ -3.5, 7.5, -23.0 ],
            "size": [ 7.0, 5.0, 2.0 ],
            "uv": [ 45, 16 ]
          },
          {
            "origin": [ -8.5, 16.5, -18.0 ],
            "size": [ 5.0, 4.0, 1.0 ],
            "uv": [ 52, 25 ]
          },
          {
            "origin": [ 3.5, 16.5, -18.0 ],
            "size": [ 5.0, 4.0, 1.0 ],
            "uv": [ 52, 25 ]
          }
        ]
      },
      {
        "name": "body",
        "pivot": [ 0.0, 14.0, 0.0 ],
        "cubes": [
          {
            "origin": [ -9.5, 1.0, -6.5 ],
            "size": [ 19.0, 26.0, 13.0 ],
            "uv": [ 0, 25 ]
          }
        ]
      },
      {
        "name": "leg0",
        "pivot": [ -5.5, 9.0, 9.0 ],
        "cubes": [
          {
            "origin": [ -8.5, 0.0, 6.0 ],
            "size": [ 6.0, 9.0, 6.0 ],
            "uv": [ 40, 0 ]
          }
        ]
      },
      {
        "name": "leg1",
        "pivot": [ 5.5, 9.0, 9.0 ],
        "cubes": [
          {
            "origin": [ 2.5, 0.0, 6.0 ],
            "size": [ 6.0, 9.0, 6.0 ],
            "uv": [ 40, 0 ]
          }
        ]
      },
      {
        "name": "leg2",
        "pivot": [ -5.5, 9.0, -9.0 ],
        "cubes": [
          {
            "origin": [ -8.5, 0.0, -12.0 ],
            "size": [ 6.0, 9.0, 6.0 ],
            "uv": [ 40, 0 ]
          }
        ]
      },
      {
        "name": "leg3",
        "pivot": [ 5.5, 9.0, -9.0 ],
        "cubes": [
          {
            "origin": [ 2.5, 0.0, -12.0 ],
            "size": [ 6.0, 9.0, 6.0 ],
            "uv": [ 40, 0 ]
          }
        ]
      }
    ]
  }
}
