{
    "pools": [
        {
            "rolls": 1,
            "entries": [
                {
                    "type": "item",
                    "name": "minecraft:rotten_flesh",
                    "weight": 1,
                    "functions": [
                        {
                            "function": "set_count",
                            "count": {
                                "min": 0,
                                "max": 2
                            }
                        },
                        {
                            "function": "looting_enchant",
                            "count": {
                                "min": 0,
                                "max": 1
                            }
                        }
                    ]
                }
            ]
        },
        {
            "conditions": [
                {
                    "condition": "killed_by_player"
                },
                {
                    "condition": "random_chance_with_looting",
                    "chance": 0.11,
                    "looting_multiplier": 0.01
                }
            ],
            "rolls": 1,
            "entries": [
              {
                "type": "item",
                "name": "minecraft:trident",
                "weight": 5,
                "functions": [
                  {
                    "function": "set_damage",
                    "damage": {
                      "min": 0.2,
                      "max": 0.9
                    }
                  }
                ]
              },
              {
                "type": "item",
                "name": "minecraft:gold_ingot",
                "weight": 5
              },
              {
                "type": "item",
                "name": "minecraft:sponge",
                "weight": 1
              }
            ]
        }
    ]
}