{
  "geometry.chicken": {
    "texturewidth": 64,
    "textureheight": 32,
    "bones": [
      {
        "name": "head",
        "pivot": [ 0.0, 9.0, -4.0 ],
        "rotation": [ 0.0, 0.0, 0.0 ],
        "cubes": [
          {
            "origin": [ -2.0, 9.0, -6.0 ],
            "size": [ 4.0, 6.0, 3.0 ],
            "uv": [ 0, 0 ]
          }
        ]
      },
      {
        "name": "beak",
        "pivot": [ 0.0, 9.0, -4.0 ],
        "rotation": [ 0.0, 0.0, 0.0 ],
        "cubes": [
          {
            "origin": [ -2.0, 11.0, -8.0 ],
            "size": [ 4.0, 2.0, 2.0 ],
            "uv": [ 14, 0 ]
          }
        ]
      },
      {
        "name": "comb",
        "pivot": [ 0.0, 9.0, -4.0 ],
        "rotation": [ 0.0, 0.0, 0.0 ],
        "cubes": [
          {
            "origin": [ -1.0, 9.0, -7.0 ],
            "size": [ 2.0, 2.0, 2.0 ],
            "uv": [ 14, 4 ]
          }
        ]
      },
      {
        "name": "body",
        "pivot": [ 0.0, 8.0, 0.0 ],
        "rotation": [ 0.0, 0.0, 0.0 ],
        "cubes": [
          {
            "origin": [ -3.0, 4.0, -3.0 ],
            "size": [ 6.0, 8.0, 6.0 ],
            "uv": [ 0, 9 ]
          }
        ]
      },
      {
        "name": "leg0",
        "pivot": [ -2.0, 5.0, 1.0 ],
        "rotation": [ 0.0, 0.0, 0.0 ],
        "cubes": [
          {
            "origin": [ -3.0, 0.0, -2.0 ],
            "size": [ 3.0, 5.0, 3.0 ],
            "uv": [ 26, 0 ]
          }
        ]
      },
      {
        "name": "leg1",
        "pivot": [ 1.0, 5.0, 1.0 ],
        "rotation": [ 0.0, 0.0, 0.0 ],
        "cubes": [
          {
            "origin": [ 0.0, 0.0, -2.0 ],
            "size": [ 3.0, 5.0, 3.0 ],
            "uv": [ 26, 0 ]
          }
        ]
      },
      {
        "name": "wing0",
        "pivot": [ -4.0, 11.0, 0.0 ],
        "rotation": [ 0.0, 0.0, 0.0 ],
        "cubes": [
          {
            "origin": [ -4.0, 7.0, -3.0 ],
            "size": [ 1.0, 4.0, 6.0 ],
            "uv": [ 24, 13 ]
          }
        ]
      },
      {
        "name": "wing1",
        "pivot": [ 4.0, 11.0, 0.0 ],
        "rotation": [ 0.0, 0.0, 0.0 ],
        "cubes": [
          {
            "origin": [ 3.0, 7.0, -3.0 ],
            "size": [ 1.0, 4.0, 6.0 ],
            "uv": [ 24, 13 ]
          }
        ]
      }
    ]
  },
  "geometry.blaze": {
    "texturewidth": 64,
    "textureheight": 32,
    "bones": [
      {
        "name": "upperBodyParts0",
        "pivot": [ 0.0, 24.0, 0.0 ],
        "rotation": [ 0.0, 0.0, 0.0 ],
        "cubes": [
          {
            "origin": [ 0.0, 16.0, 0.0 ],
            "size": [ 2.0, 8.0, 2.0 ],
            "uv": [ 0, 16 ]
          }
        ]
      },
      {
        "name": "upperBodyParts1",
        "pivot": [ 0.0, 24.0, 0.0 ],
        "rotation": [ 0.0, 0.0, 0.0 ],
        "cubes": [
          {
            "origin": [ 0.0, 16.0, 0.0 ],
            "size": [ 2.0, 8.0, 2.0 ],
            "uv": [ 0, 16 ]
          }
        ]
      },
      {
        "name": "upperBodyParts2",
        "pivot": [ 0.0, 24.0, 0.0 ],
        "rotation": [ 0.0, 0.0, 0.0 ],
        "cubes": [
          {
            "origin": [ 0.0, 16.0, 0.0 ],
            "size": [ 2.0, 8.0, 2.0 ],
            "uv": [ 0, 16 ]
          }
        ]
      },
      {
        "name": "upperBodyParts3",
        "pivot": [ 0.0, 24.0, 0.0 ],
        "rotation": [ 0.0, 0.0, 0.0 ],
        "cubes": [
          {
            "origin": [ 0.0, 16.0, 0.0 ],
            "size": [ 2.0, 8.0, 2.0 ],
            "uv": [ 0, 16 ]
          }
        ]
      },
      {
        "name": "upperBodyParts4",
        "pivot": [ 0.0, 24.0, 0.0 ],
        "rotation": [ 0.0, 0.0, 0.0 ],
        "cubes": [
          {
            "origin": [ 0.0, 16.0, 0.0 ],
            "size": [ 2.0, 8.0, 2.0 ],
            "uv": [ 0, 16 ]
          }
        ]
      },
      {
        "name": "upperBodyParts5",
        "pivot": [ 0.0, 24.0, 0.0 ],
        "rotation": [ 0.0, 0.0, 0.0 ],
        "cubes": [
          {
            "origin": [ 0.0, 16.0, 0.0 ],
            "size": [ 2.0, 8.0, 2.0 ],
            "uv": [ 0, 16 ]
          }
        ]
      },
      {
        "name": "upperBodyParts6",
        "pivot": [ 0.0, 24.0, 0.0 ],
        "rotation": [ 0.0, 0.0, 0.0 ],
        "cubes": [
          {
            "origin": [ 0.0, 16.0, 0.0 ],
            "size": [ 2.0, 8.0, 2.0 ],
            "uv": [ 0, 16 ]
          }
        ]
      },
      {
        "name": "upperBodyParts7",
        "pivot": [ 0.0, 24.0, 0.0 ],
        "rotation": [ 0.0, 0.0, 0.0 ],
        "cubes": [
          {
            "origin": [ 0.0, 16.0, 0.0 ],
            "size": [ 2.0, 8.0, 2.0 ],
            "uv": [ 0, 16 ]
          }
        ]
      },
      {
        "name": "upperBodyParts8",
        "pivot": [ 0.0, 24.0, 0.0 ],
        "rotation": [ 0.0, 0.0, 0.0 ],
        "cubes": [
          {
            "origin": [ 0.0, 16.0, 0.0 ],
            "size": [ 2.0, 8.0, 2.0 ],
            "uv": [ 0, 16 ]
          }
        ]
      },
      {
        "name": "upperBodyParts9",
        "pivot": [ 0.0, 24.0, 0.0 ],
        "rotation": [ 0.0, 0.0, 0.0 ],
        "cubes": [
          {
            "origin": [ 0.0, 16.0, 0.0 ],
            "size": [ 2.0, 8.0, 2.0 ],
            "uv": [ 0, 16 ]
          }
        ]
      },
      {
        "name": "upperBodyParts10",
        "pivot": [ 0.0, 24.0, 0.0 ],
        "rotation": [ 0.0, 0.0, 0.0 ],
        "cubes": [
          {
            "origin": [ 0.0, 16.0, 0.0 ],
            "size": [ 2.0, 8.0, 2.0 ],
            "uv": [ 0, 16 ]
          }
        ]
      },
      {
        "name": "upperBodyParts11",
        "pivot": [ 0.0, 24.0, 0.0 ],
        "rotation": [ 0.0, 0.0, 0.0 ],
        "cubes": [
          {
            "origin": [ 0.0, 16.0, 0.0 ],
            "size": [ 2.0, 8.0, 2.0 ],
            "uv": [ 0, 16 ]
          }
        ]
      },
      {
        "name": "head",
        "pivot": [ 0.0, 24.0, 0.0 ],
        "rotation": [ 0.0, 0.0, 0.0 ],
        "cubes": [
          {
            "origin": [ -4.0, 20.0, -4.0 ],
            "size": [ 8.0, 8.0, 8.0 ],
            "uv": [ 0, 0 ]
          }
        ]
      }
    ]
  },
  "geometry.ghast": {
    "texturewidth": 64,
    "textureheight": 32,
    "bones": [
      {
        "name": "tentacles_0",
        "pivot": [ -3.8, 1.0, -5.0 ],
        "rotation": [ 0.0, 0.0, 0.0 ],
        "cubes": [
          {
            "origin": [ -4.8, -8.0, -6.0 ],
            "size": [ 2.0, 9.0, 2.0 ],
            "uv": [ 0, 0 ]
          }
        ]
      },
      {
        "name": "tentacles_1",
        "pivot": [ 1.3, 1.0, -5.0 ],
        "rotation": [ 0.0, 0.0, 0.0 ],
        "cubes": [
          {
            "origin": [ 0.3, -10.0, -6.0 ],
            "size": [ 2.0, 11.0, 2.0 ],
            "uv": [ 0, 0 ]
          }
        ]
      },
      {
        "name": "tentacles_2",
        "pivot": [ 6.3, 1.0, -5.0 ],
        "rotation": [ 0.0, 0.0, 0.0 ],
        "cubes": [
          {
            "origin": [ 5.3, -7.0, -6.0 ],
            "size": [ 2.0, 8.0, 2.0 ],
            "uv": [ 0, 0 ]
          }
        ]
      },
      {
        "name": "tentacles_3",
        "pivot": [ -6.3, 1.0, 0.0 ],
        "rotation": [ 0.0, 0.0, 0.0 ],
        "cubes": [
          {
            "origin": [ -7.3, -8.0, -1.0 ],
            "size": [ 2.0, 9.0, 2.0 ],
            "uv": [ 0, 0 ]
          }
        ]
      },
      {
        "name": "tentacles_4",
        "pivot": [ -1.3, 1.0, 0.0 ],
        "rotation": [ 0.0, 0.0, 0.0 ],
        "cubes": [
          {
            "origin": [ -2.3, -12.0, -1.0 ],
            "size": [ 2.0, 13.0, 2.0 ],
            "uv": [ 0, 0 ]
          }
        ]
      },
      {
        "name": "tentacles_5",
        "pivot": [ 3.8, 1.0, 0.0 ],
        "rotation": [ 0.0, 0.0, 0.0 ],
        "cubes": [
          {
            "origin": [ 2.8, -10.0, -1.0 ],
            "size": [ 2.0, 11.0, 2.0 ],
            "uv": [ 0, 0 ]
          }
        ]
      },
      {
        "name": "tentacles_6",
        "pivot": [ -3.8, 1.0, 5.0 ],
        "rotation": [ 0.0, 0.0, 0.0 ],
        "cubes": [
          {
            "origin": [ -4.8, -11.0, 4.0 ],
            "size": [ 2.0, 12.0, 2.0 ],
            "uv": [ 0, 0 ]
          }
        ]
      },
      {
        "name": "tentacles_7",
        "pivot": [ 1.3, 1.0, 5.0 ],
        "rotation": [ 0.0, 0.0, 0.0 ],
        "cubes": [
          {
            "origin": [ 0.3, -11.0, 4.0 ],
            "size": [ 2.0, 12.0, 2.0 ],
            "uv": [ 0, 0 ]
          }
        ]
      },
      {
        "name": "tentacles_8",
        "pivot": [ 6.3, 1.0, 5.0 ],
        "rotation": [ 0.0, 0.0, 0.0 ],
        "cubes": [
          {
            "origin": [ 5.3, -12.0, 4.0 ],
            "size": [ 2.0, 13.0, 2.0 ],
            "uv": [ 0, 0 ]
          }
        ]
      },
      {
        "name": "body",
        "pivot": [ 0.0, 8.0, 0.0 ],
        "rotation": [ 0.0, 0.0, 0.0 ],
        "cubes": [
          {
            "origin": [ -8.0, 0.0, -8.0 ],
            "size": [ 16.0, 16.0, 16.0 ],
            "uv": [ 0, 0 ]
          }
        ]
      }
    ]
  },
  "geometry.slime": {
    "texturewidth": 64,
    "textureheight": 32,
    "bones": [
      {
        "name": "cube",
        "pivot": [ 0.0, 24.0, 0.0 ],
        "rotation": [ 0.0, 0.0, 0.0 ],
        "cubes": [
          {
            "origin": [ -3.0, 1.0, -3.0 ],
            "size": [ 6.0, 6.0, 6.0 ],
            "uv": [ 0, 16 ]
          }
        ]
      },
      {
        "name": "eye0",
        "pivot": [ 0.0, 24.0, 0.0 ],
        "rotation": [ 0.0, 0.0, 0.0 ],
        "cubes": [
          {
            "origin": [ -3.3, 4.0, -3.5 ],
            "size": [ 2.0, 2.0, 2.0 ],
            "uv": [ 32, 0 ]
          }
        ]
      },
      {
        "name": "eye1",
        "pivot": [ 0.0, 24.0, 0.0 ],
        "rotation": [ 0.0, 0.0, 0.0 ],
        "cubes": [
          {
            "origin": [ 1.3, 4.0, -3.5 ],
            "size": [ 2.0, 2.0, 2.0 ],
            "uv": [ 32, 4 ]
          }
        ]
      },
      {
        "name": "mouth",
        "pivot": [ 0.0, 24.0, 0.0 ],
        "rotation": [ 0.0, 0.0, 0.0 ],
        "cubes": [
          {
            "origin": [ 0.0, 2.0, -3.5 ],
            "size": [ 1.0, 1.0, 1.0 ],
            "uv": [ 32, 8 ]
          }
        ]
      }
    ]
  },
  "geometry.slime.armor": {
    "texturewidth": 64,
    "textureheight": 32,
    "bones": [
      {
        "name": "cube",
        "pivot": [ 0.0, 24.0, 0.0 ],
        "rotation": [ 0.0, 0.0, 0.0 ],
        "cubes": [
          {
            "origin": [ -4.0, 0.0, -4.0 ],
            "size": [ 8.0, 8.0, 8.0 ],
            "uv": [ 0, 0 ]
          }
        ]
      },
      {
        "name": "eye0",
        "pivot": [ 0.0, 24.0, 0.0 ],
        "rotation": [ 0.0, 0.0, 0.0 ],
        "cubes": [
          {
            "origin": [ -3.3, 4.0, -3.5 ],
            "size": [ 2.0, 2.0, 2.0 ],
            "uv": [ 32, 0 ]
          }
        ]
      },
      {
        "name": "eye1",
        "pivot": [ 0.0, 24.0, 0.0 ],
        "rotation": [ 0.0, 0.0, 0.0 ],
        "cubes": [
          {
            "origin": [ 1.3, 4.0, -3.5 ],
            "size": [ 2.0, 2.0, 2.0 ],
            "uv": [ 32, 4 ]
          }
        ]
      },
      {
        "name": "mouth",
        "pivot": [ 0.0, 24.0, 0.0 ],
        "rotation": [ 0.0, 0.0, 0.0 ],
        "cubes": [
          {
            "origin": [ 0.0, 2.0, -3.5 ],
            "size": [ 1.0, 1.0, 1.0 ],
            "uv": [ 32, 8 ]
          }
        ]
      }
    ]
  },
  "geometry.lavaslime": {
    "texturewidth": 64,
    "textureheight": 32,
    "bones": [
      {
        "name": "bodyCube_0",
        "pivot": [ 0.0, 24.0, 0.0 ],
        "rotation": [ 0.0, 0.0, 0.0 ],
        "cubes": [
          {
            "origin": [ -4.0, 7.0, -4.0 ],
            "size": [ 8.0, 1.0, 8.0 ],
            "uv": [ 0, 0 ]
          }
        ]
      },
      {
        "name": "bodyCube_1",
        "pivot": [ 0.0, 24.0, 0.0 ],
        "rotation": [ 0.0, 0.0, 0.0 ],
        "cubes": [
          {
            "origin": [ -4.0, 6.0, -4.0 ],
            "size": [ 8.0, 1.0, 8.0 ],
            "uv": [ 0, 1 ]
          }
        ]
      },
      {
        "name": "bodyCube_2",
        "pivot": [ 0.0, 24.0, 0.0 ],
        "rotation": [ 0.0, 0.0, 0.0 ],
        "cubes": [
          {
            "origin": [ -4.0, 5.0, -4.0 ],
            "size": [ 8.0, 1.0, 8.0 ],
            "uv": [ 24, 10 ]
          }
        ]
      },
      {
        "name": "bodyCube_3",
        "pivot": [ 0.0, 24.0, 0.0 ],
        "rotation": [ 0.0, 0.0, 0.0 ],
        "cubes": [
          {
            "origin": [ -4.0, 4.0, -4.0 ],
            "size": [ 8.0, 1.0, 8.0 ],
            "uv": [ 24, 19 ]
          }
        ]
      },
      {
        "name": "bodyCube_4",
        "pivot": [ 0.0, 24.0, 0.0 ],
        "rotation": [ 0.0, 0.0, 0.0 ],
        "cubes": [
          {
            "origin": [ -4.0, 3.0, -4.0 ],
            "size": [ 8.0, 1.0, 8.0 ],
            "uv": [ 0, 4 ]
          }
        ]
      },
      {
        "name": "bodyCube_5",
        "pivot": [ 0.0, 24.0, 0.0 ],
        "rotation": [ 0.0, 0.0, 0.0 ],
        "cubes": [
          {
            "origin": [ -4.0, 2.0, -4.0 ],
            "size": [ 8.0, 1.0, 8.0 ],
            "uv": [ 0, 5 ]
          }
        ]
      },
      {
        "name": "bodyCube_6",
        "pivot": [ 0.0, 24.0, 0.0 ],
        "rotation": [ 0.0, 0.0, 0.0 ],
        "cubes": [
          {
            "origin": [ -4.0, 1.0, -4.0 ],
            "size": [ 8.0, 1.0, 8.0 ],
            "uv": [ 0, 6 ]
          }
        ]
      },
      {
        "name": "bodyCube_7",
        "pivot": [ 0.0, 24.0, 0.0 ],
        "rotation": [ 0.0, 0.0, 0.0 ],
        "cubes": [
          {
            "origin": [ -4.0, 0.0, -4.0 ],
            "size": [ 8.0, 1.0, 8.0 ],
            "uv": [ 0, 7 ]
          }
        ]
      },
      {
        "name": "insideCube",
        "pivot": [ 0.0, 24.0, 0.0 ],
        "rotation": [ 0.0, 0.0, 0.0 ],
        "cubes": [
          {
            "origin": [ -2.0, 2.0, -2.0 ],
            "size": [ 4.0, 4.0, 4.0 ],
            "uv": [ 0, 16 ]
          }
        ]
      }
    ]
  },
  "geometry.silverfish": {
    "texturewidth": 64,
    "textureheight": 32,
    "bones": [
      {
        "name": "bodyPart_0",
        "pivot": [ 0.0, 2.0, -3.5 ],
        "rotation": [ 0.0, 0.0, 0.0 ],
        "cubes": [
          {
            "origin": [ -1.5, 0.0, -4.5 ],
            "size": [ 3.0, 2.0, 2.0 ],
            "uv": [ 0, 0 ]
          }
        ]
      },
      {
        "name": "bodyPart_1",
        "pivot": [ 0.0, 3.0, -1.5 ],
        "rotation": [ 0.0, 0.0, 0.0 ],
        "cubes": [
          {
            "origin": [ -2.0, 0.0, -2.5 ],
            "size": [ 4.0, 3.0, 2.0 ],
            "uv": [ 0, 4 ]
          }
        ]
      },
      {
        "name": "bodyPart_2",
        "pivot": [ 0.0, 4.0, 1.0 ],
        "rotation": [ 0.0, 0.0, 0.0 ],
        "cubes": [
          {
            "origin": [ -3.0, 0.0, -0.5 ],
            "size": [ 6.0, 4.0, 3.0 ],
            "uv": [ 0, 9 ]
          }
        ]
      },
      {
        "name": "bodyPart_3",
        "pivot": [ 0.0, 3.0, 4.0 ],
        "rotation": [ 0.0, 0.0, 0.0 ],
        "cubes": [
          {
            "origin": [ -1.5, 0.0, 2.5 ],
            "size": [ 3.0, 3.0, 3.0 ],
            "uv": [ 0, 16 ]
          }
        ]
      },
      {
        "name": "bodyPart_4",
        "pivot": [ 0.0, 2.0, 7.0 ],
        "rotation": [ 0.0, 0.0, 0.0 ],
        "cubes": [
          {
            "origin": [ -1.0, 0.0, 5.5 ],
            "size": [ 2.0, 2.0, 3.0 ],
            "uv": [ 0, 22 ]
          }
        ]
      },
      {
        "name": "bodyPart_5",
        "pivot": [ 0.0, 1.0, 9.5 ],
        "rotation": [ 0.0, 0.0, 0.0 ],
        "cubes": [
          {
            "origin": [ -1.0, 0.0, 8.5 ],
            "size": [ 2.0, 1.0, 2.0 ],
            "uv": [ 11, 0 ]
          }
        ]
      },
      {
        "name": "bodyPart_6",
        "pivot": [ 0.0, 1.0, 11.5 ],
        "rotation": [ 0.0, 0.0, 0.0 ],
        "cubes": [
          {
            "origin": [ -0.5, 0.0, 10.5 ],
            "size": [ 1.0, 1.0, 2.0 ],
            "uv": [ 13, 4 ]
          }
        ]
      },
      {
        "name": "bodyLayer_0",
        "pivot": [ 0.0, 8.0, 1.0 ],
        "rotation": [ 0.0, 0.0, 0.0 ],
        "cubes": [
          {
            "origin": [ -5.0, 0.0, -0.5 ],
            "size": [ 10.0, 8.0, 3.0 ],
            "uv": [ 20, 0 ]
          }
        ]
      },
      {
        "name": "bodyLayer_1",
        "pivot": [ 0.0, 4.0, 7.0 ],
        "rotation": [ 0.0, 0.0, 0.0 ],
        "cubes": [
          {
            "origin": [ -3.0, 0.0, 5.5 ],
            "size": [ 6.0, 4.0, 3.0 ],
            "uv": [ 20, 11 ]
          }
        ]
      },
      {
        "name": "bodyLayer_2",
        "pivot": [ 0.0, 5.0, -1.5 ],
        "rotation": [ 0.0, 0.0, 0.0 ],
        "cubes": [
          {
            "origin": [ -3.0, 0.0, -3.0 ],
            "size": [ 6.0, 5.0, 2.0 ],
            "uv": [ 20, 18 ]
          }
        ]
      }
    ]
  },
  "geometry.rabbit": {
    "texturewidth": 64,
    "textureheight": 32,
    "bones": [
      {
        "name": "rearFootLeft",
        "pivot": [ 3.0, 6.5, 3.7 ],
        "rotation": [ 0.0, 0.0, 0.0 ],
        "mirror": true,
        "cubes": [
          {
            "origin": [ 2.0, 0.0, 0.0 ],
            "size": [ 2.0, 1.0, 7.0 ],
            "uv": [ 8, 24 ]
          }
        ]
      },
      {
        "name": "rearFootRight",
        "pivot": [ -3.0, 6.5, 3.7 ],
        "rotation": [ 0.0, 0.0, 0.0 ],
        "mirror": true,
        "cubes": [
          {
            "origin": [ -4.0, 0.0, 0.0 ],
            "size": [ 2.0, 1.0, 7.0 ],
            "uv": [ 26, 24 ]
          }
        ]
      },
      {
        "name": "haunchLeft",
        "pivot": [ 3.0, 6.5, 3.7 ],
        "rotation": [ -20.0, 0.0, 0.0 ],
        "mirror": true,
        "cubes": [
          {
            "origin": [ 2.0, 2.5, 3.7 ],
            "size": [ 2.0, 4.0, 5.0 ],
            "uv": [ 16, 15 ]
          }
        ]
      },
      {
        "name": "haunchRight",
        "pivot": [ -3.0, 6.5, 3.7 ],
        "rotation": [ -20.0, 0.0, 0.0 ],
        "mirror": true,
        "cubes": [
          {
            "origin": [ -4.0, 2.5, 3.7 ],
            "size": [ 2.0, 4.0, 5.0 ],
            "uv": [ 30, 15 ]
          }
        ]
      },
      {
        "name": "body",
        "pivot": [ 0.0, 5.0, 8.0 ],
        "rotation": [ -20.0, 0.0, 0.0 ],
        "mirror": true,
        "cubes": [
          {
            "origin": [ -3.0, 2.0, -2.0 ],
            "size": [ 6.0, 5.0, 10.0 ],
            "uv": [ 0, 0 ]
          }
        ]
      },
      {
        "name": "frontLegLeft",
        "pivot": [ 3.0, 7.0, -1.0 ],
        "rotation": [ -10.0, 0.0, 0.0 ],
        "mirror": true,
        "cubes": [
          {
            "origin": [ 2.0, 0.0, -2.0 ],
            "size": [ 2.0, 7.0, 2.0 ],
            "uv": [ 8, 15 ]
          }
        ]
      },
      {
        "name": "frontLegRight",
        "pivot": [ -3.0, 7.0, -1.0 ],
        "rotation": [ -10.0, 0.0, 0.0 ],
        "mirror": true,
        "cubes": [
          {
            "origin": [ -4.0, 0.0, -2.0 ],
            "size": [ 2.0, 7.0, 2.0 ],
            "uv": [ 0, 15 ]
          }
        ]
      },
      {
        "name": "head",
        "pivot": [ 0.0, 8.0, -1.0 ],
        "rotation": [ 0.0, 0.0, 0.0 ],
        "mirror": true,
        "cubes": [
          {
            "origin": [ -2.5, 8.0, -6.0 ],
            "size": [ 5.0, 4.0, 5.0 ],
            "uv": [ 32, 0 ]
          }
        ]
      },
      {
        "name": "earRight",
        "pivot": [ 0.0, 8.0, -1.0 ],
        "rotation": [ 0.0, -15.0, 0.0 ],
        "mirror": true,
        "cubes": [
          {
            "origin": [ -2.5, 12.0, -2.0 ],
            "size": [ 2.0, 5.0, 1.0 ],
            "uv": [ 52, 0 ]
          }
        ]
      },
      {
        "name": "earLeft",
        "pivot": [ 0.0, 8.0, -1.0 ],
        "rotation": [ 0.0, 15.0, 0.0 ],
        "mirror": true,
        "cubes": [
          {
            "origin": [ 0.5, 12.0, -2.0 ],
            "size": [ 2.0, 5.0, 1.0 ],
            "uv": [ 58, 0 ]
          }
        ]
      },
      {
        "name": "tail",
        "pivot": [ 0.0, 4.0, 7.0 ],
        "rotation": [ -20.0, 0.0, 0.0 ],
        "mirror": true,
        "cubes": [
          {
            "origin": [ -1.5, 2.5, 7.0 ],
            "size": [ 3.0, 3.0, 2.0 ],
            "uv": [ 52, 6 ]
          }
        ]
      },
      {
        "name": "nose",
        "pivot": [ 0.0, 8.0, -1.0 ],
        "rotation": [ 0.0, 0.0, 0.0 ],
        "mirror": true,
        "cubes": [
          {
            "origin": [ -0.5, 9.5, -6.5 ],
            "size": [ 1.0, 1.0, 1.0 ],
            "uv": [ 32, 9 ]
          }
        ]
      }
    ]
  },
  "geometry.horse": {
    "texturewidth": 128,
    "textureheight": 128,
    "bones": [
      {
        "name": "Body",
        "pivot": [ 0.00, 13.00, 9.00 ],
        "rotation": [ 0.00, 0.00, 0.00 ],
        "cubes": [
          {
            "origin": [ -5.00, 11.00, -10.00 ],
            "size": [ 10.00, 10.00, 24.00 ],
            "uv": [ 0, 34 ]
          }
        ]
      },
      {
        "name": "TailA",
        "pivot": [ 0.00, 21.00, 14.00 ],
        "rotation": [ -65.00, 0.00, 0.00 ],
        "cubes": [
          {
            "origin": [ -1.00, 20.00, 14.00 ],
            "size": [ 2.00, 2.00, 3.00 ],
            "uv": [ 44, 0 ]
          }
        ]
      },
      {
        "name": "TailB",
        "pivot": [ 0.00, 21.00, 14.00 ],
        "rotation": [ -65.00, 0.00, 0.00 ],
        "cubes": [
          {
            "origin": [ -1.50, 19.00, 17.00 ],
            "size": [ 3.00, 4.00, 7.00 ],
            "uv": [ 38, 7 ]
          }
        ]
      },
      {
        "name": "TailC",
        "pivot": [ 0.00, 21.00, 14.00 ],
        "rotation": [ -80.34, 0.00, 0.00 ],
        "cubes": [
          {
            "origin": [ -1.50, 21.50, 23.00 ],
            "size": [ 3.00, 4.00, 7.00 ],
            "uv": [ 24, 3 ]
          }
        ]
      },
      {
        "name": "Leg1A",
        "pivot": [ 4.00, 15.00, 11.00 ],
        "rotation": [ 0.00, 0.00, 0.00 ],
        "cubes": [
          {
            "origin": [ 1.50, 8.00, 8.50 ],
            "size": [ 4.00, 9.00, 5.00 ],
            "uv": [ 78, 29 ]
          }
        ]
      },
      {
        "name": "Leg1B",
        "pivot": [ 4.00, 8.00, 11.00 ],
        "rotation": [ 0.00, 0.00, 0.00 ],
        "cubes": [
          {
            "origin": [ 2.00, 3.00, 9.50 ],
            "size": [ 3.00, 5.00, 3.00 ],
            "uv": [ 78, 43 ]
          }
        ]
      },
      {
        "name": "Leg1C",
        "pivot": [ 4.00, 8.00, 11.00 ],
        "rotation": [ 0.00, 0.00, 0.00 ],
        "cubes": [
          {
            "origin": [ 1.50, -0.10, 9.00 ],
            "size": [ 4.00, 3.00, 4.00 ],
            "uv": [ 78, 51 ]
          }
        ]
      },
      {
        "name": "Leg2A",
        "pivot": [ -4.00, 15.00, 11.00 ],
        "rotation": [ 0.00, 0.00, 0.00 ],
        "cubes": [
          {
            "origin": [ -5.50, 8.00, 8.50 ],
            "size": [ 4.00, 9.00, 5.00 ],
            "uv": [ 96, 29 ]
          }
        ]
      },
      {
        "name": "Leg2B",
        "pivot": [ -4.00, 8.00, 11.00 ],
        "rotation": [ 0.00, 0.00, 0.00 ],
        "cubes": [
          {
            "origin": [ -5.00, 3.00, 9.50 ],
            "size": [ 3.00, 5.00, 3.00 ],
            "uv": [ 96, 43 ]
          }
        ]
      },
      {
        "name": "Leg2C",
        "pivot": [ -4.00, 8.00, 11.00 ],
        "rotation": [ 0.00, 0.00, 0.00 ],
        "cubes": [
          {
            "origin": [ -5.50, -0.10, 9.00 ],
            "size": [ 4.00, 3.00, 4.00 ],
            "uv": [ 96, 51 ]
          }
        ]
      },
      {
        "name": "Leg3A",
        "pivot": [ 4.00, 15.00, -8.00 ],
        "rotation": [ 0.00, 0.00, 0.00 ],
        "cubes": [
          {
            "origin": [ 2.10, 8.00, -10.10 ],
            "size": [ 3.00, 8.00, 4.00 ],
            "uv": [ 44, 29 ]
          }
        ]
      },
      {
        "name": "Leg3B",
        "pivot": [ 4.00, 8.00, -8.00 ],
        "rotation": [ 0.00, 0.00, 0.00 ],
        "cubes": [
          {
            "origin": [ 2.10, 3.00, -9.60 ],
            "size": [ 3.00, 5.00, 3.00 ],
            "uv": [ 44, 41 ]
          }
        ]
      },
      {
        "name": "Leg3C",
        "pivot": [ 4.00, 8.00, -8.00 ],
        "rotation": [ 0.00, 0.00, 0.00 ],
        "cubes": [
          {
            "origin": [ 1.60, -0.10, -10.10 ],
            "size": [ 4.00, 3.00, 4.00 ],
            "uv": [ 44, 51 ]
          }
        ]
      },
      {
        "name": "Leg4A",
        "pivot": [ -4.00, 15.00, -8.00 ],
        "rotation": [ 0.00, 0.00, 0.00 ],
        "cubes": [
          {
            "origin": [ -5.10, 8.00, -10.10 ],
            "size": [ 3.00, 8.00, 4.00 ],
            "uv": [ 60, 29 ]
          }
        ]
      },
      {
        "name": "Leg4B",
        "pivot": [ -4.00, 8.00, -8.00 ],
        "rotation": [ 0.00, 0.00, 0.00 ],
        "cubes": [
          {
            "origin": [ -5.10, 3.00, -9.60 ],
            "size": [ 3.00, 5.00, 3.00 ],
            "uv": [ 60, 41 ]
          }
        ]
      },
      {
        "name": "Leg4C",
        "pivot": [ -4.00, 8.00, -8.00 ],
        "rotation": [ 0.00, 0.00, 0.00 ],
        "cubes": [
          {
            "origin": [ -5.60, -0.10, -10.10 ],
            "size": [ 4.00, 3.00, 4.00 ],
            "uv": [ 60, 51 ]
          }
        ]
      },
      {
        "name": "Head",
        "pivot": [ 0.00, 20.00, -10.00 ],
        "rotation": [ 30.00, 0.00, 0.00 ],
        "cubes": [
          {
            "origin": [ -2.50, 25.00, -11.50 ],
            "size": [ 5.00, 5.00, 7.00 ],
            "uv": [ 0, 0 ]
          }
        ]
      },
      {
        "name": "UMouth",
        "pivot": [ 0.00, 20.05, -10.00 ],
        "rotation": [ 30.00, 0.00, 0.00 ],
        "cubes": [
          {
            "origin": [ -2.00, 27.05, -17.00 ],
            "size": [ 4.00, 3.00, 6.00 ],
            "uv": [ 24, 18 ]
          }
        ]
      },
      {
        "name": "LMouth",
        "pivot": [ 0.00, 20.00, -10.00 ],
        "rotation": [ 30.00, 0.00, 0.00 ],
        "cubes": [
          {
            "origin": [ -2.00, 25.00, -16.50 ],
            "size": [ 4.00, 2.00, 5.00 ],
            "uv": [ 24, 27 ]
          }
        ]
      },
      {
        "name": "Ear1",
        "pivot": [ 0.00, 20.00, -10.00 ],
        "rotation": [ 30.00, 0.00, 0.00 ],
        "cubes": [
          {
            "origin": [ 0.45, 29.00, -6.00 ],
            "size": [ 2.00, 3.00, 1.00 ],
            "uv": [ 0, 0 ]
          }
        ]
      },
      {
        "name": "Ear2",
        "pivot": [ 0.00, 20.00, -10.00 ],
        "rotation": [ 30.00, 0.00, 0.00 ],
        "cubes": [
          {
            "origin": [ -2.45, 29.00, -6.00 ],
            "size": [ 2.00, 3.00, 1.00 ],
            "uv": [ 0, 0 ]
          }
        ]
      },
      {
        "name": "MuleEarL",
        "pivot": [ 0.00, 20.00, -10.00 ],
        "rotation": [ 30.00, 0.00, 15.00 ],
        "cubes": [
          {
            "origin": [ -2.00, 29.00, -6.00 ],
            "size": [ 2.00, 7.00, 1.00 ],
            "uv": [ 0, 12 ]
          }
        ]
      },
      {
        "name": "MuleEarR",
        "pivot": [ 0.00, 20.00, -10.00 ],
        "rotation": [ 30.00, 0.00, -15.00 ],
        "cubes": [
          {
            "origin": [ 0.00, 29.00, -6.00 ],
            "size": [ 2.00, 7.00, 1.00 ],
            "uv": [ 0, 12 ]
          }
        ]
      },
      {
        "name": "Neck",
        "pivot": [ 0.00, 20.00, -10.00 ],
        "rotation": [ 30.00, 0.00, 0.00 ],
        "cubes": [
          {
            "origin": [ -2.05, 15.80, -12.00 ],
            "size": [ 4.00, 14.00, 8.00 ],
            "uv": [ 0, 12 ]
          }
        ]
      },
      {
        "name": "Bag1",
        "pivot": [ -7.50, 21.00, 10.00 ],
        "rotation": [ 0.00, 90.00, 0.00 ],
        "cubes": [
          {
            "origin": [ -10.50, 13.00, 10.00 ],
            "size": [ 8.00, 8.00, 3.00 ],
            "uv": [ 0, 34 ]
          }
        ]
      },
      {
        "name": "Bag2",
        "pivot": [ 4.50, 21.00, 10.00 ],
        "rotation": [ 0.00, 90.00, 0.00 ],
        "cubes": [
          {
            "origin": [ 1.50, 13.00, 10.00 ],
            "size": [ 8.00, 8.00, 3.00 ],
            "uv": [ 0, 47 ]
          }
        ]
      },
      {
        "name": "Saddle",
        "pivot": [ 0.00, 22.00, 2.00 ],
        "rotation": [ 0.00, 0.00, 0.00 ],
        "cubes": [
          {
            "origin": [ -5.00, 21.00, -1.00 ],
            "size": [ 10.00, 1.00, 8.00 ],
            "uv": [ 80, 0 ]
          }
        ]
      },
      {
        "name": "SaddleB",
        "pivot": [ 0.00, 22.00, 2.00 ],
        "rotation": [ 0.00, 0.00, 0.00 ],
        "cubes": [
          {
            "origin": [ -1.50, 22.00, -1.00 ],
            "size": [ 3.00, 1.00, 2.00 ],
            "uv": [ 106, 9 ]
          }
        ]
      },
      {
        "name": "SaddleC",
        "pivot": [ 0.00, 22.00, 2.00 ],
        "rotation": [ 0.00, 0.00, 0.00 ],
        "cubes": [
          {
            "origin": [ -4.00, 22.00, 5.00 ],
            "size": [ 8.00, 1.00, 2.00 ],
            "uv": [ 80, 9 ]
          }
        ]
      },
      {
        "name": "SaddleL2",
        "pivot": [ 5.00, 21.00, 2.00 ],
        "rotation": [ 0.00, 0.00, 0.00 ],
        "cubes": [
          {
            "origin": [ 4.50, 13.00, 1.00 ],
            "size": [ 1.00, 2.00, 2.00 ],
            "uv": [ 74, 0 ]
          }
        ]
      },
      {
        "name": "SaddleL",
        "pivot": [ 5.00, 21.00, 2.00 ],
        "rotation": [ 0.00, 0.00, 0.00 ],
        "cubes": [
          {
            "origin": [ 4.50, 15.00, 1.50 ],
            "size": [ 1.00, 6.00, 1.00 ],
            "uv": [ 70, 0 ]
          }
        ]
      },
      {
        "name": "SaddleR2",
        "pivot": [ -5.00, 21.00, 2.00 ],
        "rotation": [ 0.00, 0.00, 0.00 ],
        "cubes": [
          {
            "origin": [ -5.50, 13.00, 1.00 ],
            "size": [ 1.00, 2.00, 2.00 ],
            "uv": [ 74, 4 ]
          }
        ]
      },
      {
        "name": "SaddleR",
        "pivot": [ -5.00, 21.00, 2.00 ],
        "rotation": [ 0.00, 0.00, 0.00 ],
        "cubes": [
          {
            "origin": [ -5.50, 15.00, 1.50 ],
            "size": [ 1.00, 6.00, 1.00 ],
            "uv": [ 80, 0 ]
          }
        ]
      },
      {
        "name": "SaddleMouthL",
        "pivot": [ 0.00, 20.00, -10.00 ],
        "rotation": [ 30.00, 0.00, 0.00 ],
        "cubes": [
          {
            "origin": [ 1.50, 26.00, -14.00 ],
            "size": [ 1.00, 2.00, 2.00 ],
            "uv": [ 74, 13 ]
          }
        ]
      },
      {
        "name": "SaddleMouthR",
        "pivot": [ 0.00, 20.00, -10.00 ],
        "rotation": [ 30.00, 0.00, 0.00 ],
        "cubes": [
          {
            "origin": [ -2.50, 26.00, -14.00 ],
            "size": [ 1.00, 2.00, 2.00 ],
            "uv": [ 74, 13 ]
          }
        ]
      },
      {
        "name": "SaddleMouthLine",
        "pivot": [ 0.00, 20.00, -10.00 ],
        "rotation": [ 0.00, 0.00, 0.00 ],
        "cubes": [
          {
            "origin": [ 2.60, 23.00, -16.00 ],
            "size": [ 0.00, 3.00, 16.00 ],
            "uv": [ 44, 10 ]
          }
        ]
      },
      {
        "name": "SaddleMouthLineR",
        "pivot": [ 0.00, 20.00, -10.00 ],
        "rotation": [ 0.00, 0.00, 0.00 ],
        "cubes": [
          {
            "origin": [ -2.60, 23.00, -16.00 ],
            "size": [ 0.00, 3.00, 16.00 ],
            "uv": [ 44, 5 ]
          }
        ]
      },
      {
        "name": "Mane",
        "pivot": [ 0.00, 20.00, -10.00 ],
        "rotation": [ 30.00, 0.00, 0.00 ],
        "cubes": [
          {
            "origin": [ -1.00, 15.50, -5.00 ],
            "size": [ 2.00, 16.00, 4.00 ],
            "uv": [ 58, 0 ]
          }
        ]
      },
      {
        "name": "HeadSaddle",
        "pivot": [ 0.00, 20.00, -10.00 ],
        "rotation": [ 30.00, 0.00, 0.00 ],
        "cubes": [
          {
            "origin": [ -2.50, 25.10, -17.00 ],
            "size": [ 5.00, 5.00, 12.00 ],
            "uv": [ 80, 12 ],
            "inflate": 0.05
          }
        ]
      }
    ]
  },
  "geometry.humanoid": {
    "bones": [
      {
        "name": "body",
        "pivot": [ 0.0, 24.0, 0.0 ],
        "cubes": [
          {
            "origin": [ -4.0, 12.0, -2.0 ],
            "size": [ 8, 12, 4 ],
            "uv": [ 16, 16 ]
          }
        ]
      },

      {
        "name": "head",
        "pivot": [ 0.0, 24.0, 0.0 ],
        "cubes": [
          {
            "origin": [ -4.0, 24.0, -4.0 ],
            "size": [ 8, 8, 8 ],
            "uv": [ 0, 0 ]
          }
        ]
      },

      {
        "name": "hat",
        "pivot": [ 0.0, 24.0, 0.0 ],
        "cubes": [
          {
            "origin": [ -4.0, 24.0, -4.0 ],
            "size": [ 8, 8, 8 ],
            "uv": [ 32, 0 ],
            "inflate": 0.5
          }
        ],
        "neverRender": true
      },

      {
        "name": "rightArm",
        "pivot": [ -5.0, 22.0, 0.0 ],
        "cubes": [
          {
            "origin": [ -8.0, 12.0, -2.0 ],
            "size": [ 4, 12, 4 ],
            "uv": [ 40, 16 ]
          }
        ]
      },

      {
        "name": "leftArm",
        "pivot": [ 5.0, 22.0, 0.0 ],
        "cubes": [
          {
            "origin": [ 4.0, 12.0, -2.0 ],
            "size": [ 4, 12, 4 ],
            "uv": [ 40, 16 ]
          }
        ],
        "mirror": true
      },

      {
        "name": "rightLeg",
        "pivot": [ -1.9, 12.0, 0.0 ],
        "cubes": [
          {
            "origin": [ -3.9, 0.0, -2.0 ],
            "size": [ 4, 12, 4 ],
            "uv": [ 0, 16 ]
          }
        ]
      },

      {
        "name": "leftLeg",
        "pivot": [ 1.9, 12.0, 0.0 ],
        "cubes": [
          {
            "origin": [ -0.1, 0.0, -2.0 ],
            "size": [ 4, 12, 4 ],
            "uv": [ 0, 16 ]
          }
        ],
        "mirror": true
      }
    ]
  },
  "geometry.cape": {
    "texturewidth": 64,
    "textureheight": 32,

    "bones": [
      {
        "name": "cape",
        "pivot": [ 0.0, 24.0, -3.0 ],
        "cubes": [
          {
            "origin": [ -5.0, 8.0, -3.0 ],
            "size": [ 10, 16, 1 ],
            "uv": [ 0, 0 ]
          }
        ],
        "material": "alpha"
      }
    ]
  },

  "geometry.humanoid.custom:geometry.humanoid": {
    "bones": [
      {
        "name": "hat",
        "neverRender": false,
        "material": "alpha",
        "pivot": [ 0.0, 24.0, 0.0 ]
      },
      {
        "name": "leftArm",
        "reset": true,
        "mirror": false,
        "pivot": [ 5.0, 22.0, 0.0 ],
        "cubes": [
          {
            "origin": [ 4.0, 12.0, -2.0 ],
            "size": [ 4, 12, 4 ],
            "uv": [ 32, 48 ]
          }
        ]
      },

      {
        "name": "rightArm",
        "reset": true,
        "pivot": [ -5.0, 22.0, 0.0 ],
        "cubes": [
          {
            "origin": [ -8.0, 12.0, -2.0 ],
            "size": [ 4, 12, 4 ],
            "uv": [ 40, 16 ]
          }
        ]
      },

      {
        "name": "leftSleeve",
        "pivot": [ 5.0, 22.0, 0.0 ],
        "cubes": [
          {
            "origin": [ 4.0, 12.0, -2.0 ],
            "size": [ 4, 12, 4 ],
            "uv": [ 48, 48 ],
            "inflate": 0.25
          }
        ],
        "material": "alpha"
      },

      {
        "name": "rightSleeve",
        "pivot": [ -5.0, 22.0, 0.0 ],
        "cubes": [
          {
            "origin": [ -8.0, 12.0, -2.0 ],
            "size": [ 4, 12, 4 ],
            "uv": [ 40, 32 ],
            "inflate": 0.25
          }
        ],
        "material": "alpha"
      },

      {
        "name": "leftLeg",
        "reset": true,
        "mirror": false,
        "pivot": [ 1.9, 12.0, 0.0 ],
        "cubes": [
          {
            "origin": [ -0.1, 0.0, -2.0 ],
            "size": [ 4, 12, 4 ],
            "uv": [ 16, 48 ]
          }
        ]
      },

      {
        "name": "leftPants",
        "pivot": [ 1.9, 12.0, 0.0 ],
        "cubes": [
          {
            "origin": [ -0.1, 0.0, -2.0 ],
            "size": [ 4, 12, 4 ],
            "uv": [ 0, 48 ],
            "inflate": 0.25
          }
        ],
        "pos": [ 1.9, 12, 0 ],
        "material": "alpha"
      },

      {
        "name": "rightPants",
        "pivot": [ -1.9, 12.0, 0.0 ],
        "cubes": [
          {
            "origin": [ -3.9, 0.0, -2.0 ],
            "size": [ 4, 12, 4 ],
            "uv": [ 0, 32 ],
            "inflate": 0.25
          }
        ],
        "pos": [ -1.9, 12, 0 ],
        "material": "alpha"
      },

      {
        "name": "jacket",
        "pivot": [ 0.0, 24.0, 0.0 ],
        "cubes": [
          {
            "origin": [ -4.0, 12.0, -2.0 ],
            "size": [ 8, 12, 4 ],
            "uv": [ 16, 32 ],
            "inflate": 0.25
          }
        ],
        "material": "alpha"
      }
    ]
  },
  "geometry.humanoid.customSlim:geometry.humanoid": {

    "bones": [
      {
        "name": "hat",
        "neverRender": false,
        "material": "alpha"
      },
      {
        "name": "leftArm",
        "reset": true,
        "mirror": false,
        "pivot": [ 5.0, 21.5, 0.0 ],
        "cubes": [
          {
            "origin": [ 4.0, 11.5, -2.0 ],
            "size": [ 3, 12, 4 ],
            "uv": [ 32, 48 ]
          }
        ]
      },

      {
        "name": "rightArm",
        "reset": true,
        "pivot": [ -5.0, 21.5, 0.0 ],
        "cubes": [
          {
            "origin": [ -7.0, 11.5, -2.0 ],
            "size": [ 3, 12, 4 ],
            "uv": [ 40, 16 ]
          }
        ]
      },

      {
        "name": "leftSleeve",
        "pivot": [ 5.0, 21.5, 0.0 ],
        "cubes": [
          {
            "origin": [ 4.0, 11.5, -2.0 ],
            "size": [ 3, 12, 4 ],
            "uv": [ 48, 48 ],
            "inflate": 0.25
          }
        ],
        "material": "alpha"
      },

      {
        "name": "rightSleeve",
        "pivot": [ -5.0, 21.5, 0.0 ],
        "cubes": [
          {
            "origin": [ -7.0, 11.5, -2.0 ],
            "size": [ 3, 12, 4 ],
            "uv": [ 40, 32 ],
            "inflate": 0.25
          }
        ],
        "material": "alpha"
      },

      {
        "name": "leftLeg",
        "reset": true,
        "mirror": false,
        "pivot": [ 1.9, 12.0, 0.0 ],
        "cubes": [
          {
            "origin": [ -0.1, 0.0, -2.0 ],
            "size": [ 4, 12, 4 ],
            "uv": [ 16, 48 ]
          }
        ]
      },

      {
        "name": "leftPants",
        "pivot": [ 1.9, 12.0, 0.0 ],
        "cubes": [
          {
            "origin": [ -0.1, 0.0, -2.0 ],
            "size": [ 4, 12, 4 ],
            "uv": [ 0, 48 ],
            "inflate": 0.25
          }
        ],
        "material": "alpha"
      },

      {
        "name": "rightPants",
        "pivot": [ -1.9, 12.0, 0.0 ],
        "cubes": [
          {
            "origin": [ -3.9, 0.0, -2.0 ],
            "size": [ 4, 12, 4 ],
            "uv": [ 0, 32 ],
            "inflate": 0.25
          }
        ],
        "material": "alpha"
      },

      {
        "name": "jacket",
        "pivot": [ 0.0, 24.0, 0.0 ],
        "cubes": [
          {
            "origin": [ -4.0, 12.0, -2.0 ],
            "size": [ 8, 12, 4 ],
            "uv": [ 16, 32 ],
            "inflate": 0.25
          }
        ],
        "material": "alpha"
      }
    ]
  },
  "geometry.creeper": {
    "texturewidth": 64,
    "textureheight": 32,

    "bones": [
      {
        "name": "body",
        "cubes": [
          {
            "origin": [ -4.0, 6.0, -2.0 ],
            "size": [ 8, 12, 4 ],
            "uv": [ 16, 16 ]
          }
        ]
      },

      {
        "name": "head",
        "pivot": [ 0.0, 18.0, 0.0 ],
        "cubes": [
          {
            "origin": [ -4.0, 18.0, -4.0 ],
            "size": [ 8, 8, 8 ],
            "uv": [ 0, 0 ]
          }
        ]
      },

      {
        "name": "leg0",
        "pivot": [ -2.0, 6.0, 4.0 ],
        "cubes": [
          {
            "origin": [ -4.0, 0.0, 2.0 ],
            "size": [ 4, 6, 4 ],
            "uv": [ 0, 16 ]
          }
        ]
      },

      {
        "name": "leg1",
        "pivot": [ 2.0, 6.0, 4.0 ],
        "cubes": [
          {
            "origin": [ 0.0, 0.0, 2.0 ],
            "size": [ 4, 6, 4 ],
            "uv": [ 0, 16 ]
          }
        ]
      },

      {
        "name": "leg2",
        "pivot": [ -2.0, 6.0, -4.0 ],
        "cubes": [
          {
            "origin": [ -4.0, 0.0, -6.0 ],
            "size": [ 4, 6, 4 ],
            "uv": [ 0, 16 ]
          }
        ]
      },

      {
        "name": "leg3",
        "pivot": [ 2.0, 6.0, -4.0 ],
        "cubes": [
          {
            "origin": [ 0.0, 0.0, -6.0 ],
            "size": [ 4, 6, 4 ],
            "uv": [ 0, 16 ]
          }
        ]
      }
    ]
  },
  "geometry.creeper.charged:geometry.creeper": {
    "texturewidth": 64,
    "textureheight": 32,

    "bones": [
      {
        "name": "body",
        "inflate": 2.0,
        "material": "charged"
      },

      {
        "name": "head",
        "inflate": 2.0,
        "material": "charged"
      },

      {
        "name": "leg0",
        "inflate": 2.0,
        "material": "charged"
      },

      {
        "name": "leg1",
        "inflate": 2.0,
        "material": "charged"
      },

      {
        "name": "leg2",
        "inflate": 2.0,
        "material": "charged"
      },

      {
        "name": "leg3",
        "inflate": 2.0,
        "material": "charged"
      }
    ]
  },
  "geometry.enderman:geometry.humanoid": {
    "texturewidth": 64,
    "textureheight": 32,

    "bones": [
      {
        "name": "hat",
        "reset": "true",
        "pivot": [ 0.0, 38.0, 0.0 ],
        "cubes": [
          {
            "origin": [ -4.0, 38.0, -4.0 ],
            "size": [ 8, 8, 8 ],
            "uv": [ 0, 16 ],
            "inflate": -0.5
          }
        ],
        "material": "alpha"
      },

      {
        "name": "head",
        "pivot": [ 0.0, 24.0, 0.0 ],
        "material": "emissive"
      },

      {
        "name": "body",
        "reset": "true",
        "pivot": [ 0.0, 38.0, 0.0 ],
        "cubes": [
          {
            "origin": [ -4.0, 26.0, -2.0 ],
            "size": [ 8, 12, 4 ],
            "uv": [ 32, 16 ]
          }
        ]
      },

      {
        "name": "rightArm",
        "reset": "true",
        "mirror": "false",
        "pivot": [ -3.0, 36.0, 0.0 ],
        "cubes": [
          {
            "origin": [ -4.0, 8.0, -1.0 ],
            "size": [ 2, 30, 2 ],
            "uv": [ 56, 0 ]
          }
        ]
      },

      {
        "name": "leftArm",
        "reset": "true",
        "mirror": "true",
        "pivot": [ 5.0, 36.0, 0.0 ],
        "cubes": [
          {
            "origin": [ 4.0, 8.0, -1.0 ],
            "size": [ 2, 30, 2 ],
            "uv": [ 56, 0 ]
          }
        ]
      },

      {
        "name": "rightLeg",
        "reset": "true",
        "mirror": "false",
        "pivot": [ -2.0, 26.0, 0.0 ],
        "cubes": [
          {
            "origin": [ -3.0, -4.0, -1.0 ],
            "size": [ 2, 30, 2 ],
            "uv": [ 56, 0 ]
          }
        ]
      },

      {
        "name": "leftLeg",
        "reset": "true",
        "mirror": "true",
        "pivot": [ 2.0, 26.0, 0.0 ],
        "cubes": [
          {
            "origin": [ 1.0, -4.0, -1.0 ],
            "size": [ 2, 30, 2 ],
            "uv": [ 56, 0 ]
          }
        ]
      }
    ]
  },
  "geometry.zombie:geometry.humanoid": {
    "texturewidth": 64,
    "textureheight": 32
  },
  "geometry.zombie.husk:geometry.zombie": { },
  "geometry.humanoid.armor1:geometry.zombie": {
    "bones": [
      {
        "name": "head",
        "inflate": 1.0
      },

      {
        "name": "body",
        "inflate": 1.0
      },

      {
        "name": "rightArm",
        "inflate": 1.0
      },

      {
        "name": "leftArm",
        "inflate": 1.0
      },

      {
        "name": "rightLeg",
        "inflate": 1.0
      },

      {
        "name": "leftLeg",
        "inflate": 1.0
      }
    ]
  },
  "geometry.humanoid.armor2:geometry.zombie": {
    "bones": [
      {
        "name": "head",
        "inflate": 0.5
      },

      {
        "name": "body",
        "inflate": 0.5
      },

      {
        "name": "rightArm",
        "inflate": 0.5
      },

      {
        "name": "leftArm",
        "inflate": 0.5
      },

      {
        "name": "rightLeg",
        "inflate": 0.5
      },

      {
        "name": "leftLeg",
        "inflate": 0.5
      }
    ]
  },
  "geometry.pigzombie:geometry.humanoid": {
    "texturewidth": 64,
    "textureheight": 32,

    "bones": [
      {
        "name": "hat",
        "neverRender": false,
        "material": "alpha"
      }
    ]
  },
  "geometry.pigzombie.baby:geometry.pigzombie": {

    "bones": [
      {
        "name": "hat",
        "neverRender": true,
        "material": "alpha"
      }
    ]
  },
  "geometry.skeleton:geometry.zombie": {
    "bones": [
      {
        "name": "rightArm",
        "reset": "true",
        "pivot": [ -5.0, 22.0, 0.0 ],
        "cubes": [
          {
            "origin": [ -6.0, 12.0, -1.0 ],
            "size": [ 2, 12, 2 ],
            "uv": [ 40, 16 ]
          }
        ]
      },

      {
        "name": "leftArm",
        "reset": "true",
        "pivot": [ 5.0, 22.0, 0.0 ],
        "cubes": [
          {
            "origin": [ 4.0, 12.0, -1.0 ],
            "size": [ 2, 12, 2 ],
            "uv": [ 40, 16 ]
          }
        ],
        "mirror": "true"
      },

      {
        "name": "rightLeg",
        "reset": "true",
        "pivot": [ -2.0, 12.0, 0.0 ],
        "cubes": [
          {
            "origin": [ -3.0, 0.0, -1.0 ],
            "size": [ 2, 12, 2 ],
            "uv": [ 0, 16 ]
          }
        ]
      },

      {
        "name": "leftLeg",
        "reset": "true",
        "pivot": [ 2.0, 12.0, 0.0 ],
        "cubes": [
          {
            "origin": [ 1.0, 0.0, -1.0 ],
            "size": [ 2, 12, 2 ],
            "uv": [ 0, 16 ]
          }
        ],
        "mirror": "true"
      },

      {
        "name": "body",
        "material": "alpha"
      }
    ]
  },
  "geometry.stray.armor:geometry.zombie": {
    "bones": [
      {
        "name": "head",
        "inflate": 0.25
      },
      {
        "name": "rightArm",
        "inflate": 0.25
      },
      {
        "name": "leftArm",
        "inflate": 0.25
      },
      {
        "name": "rightLeg",
        "inflate": 0.25
      },
      {
        "name": "leftLeg",
        "inflate": 0.25
      },
      {
        "name": "body",
        "inflate": 0.25
      }
    ]
  },
  "geometry.skeleton.wither:geometry.skeleton": { },
  "geometry.skeleton.stray:geometry.skeleton": { },
  "geometry.squid": {
    "texturewidth": 64,
    "textureheight": 32,

    "bones": [
      {
        "name": "body",
        "cubes": [
          {
            "origin": [ -6, -8, -6 ],
            "size": [ 12, 16, 12 ],
            "uv": [ 0, 0 ]
          }
        ]
      },

      {
        "name": "tentacle1",
        "pivot": [ 5.0, -7.0, 0.0 ],
        "cubes": [
          {
            "origin": [ 4.0, -25.0, -1.0 ],
            "size": [ 2, 18, 2 ],
            "uv": [ 48, 0 ]
          }
        ],
        "rotation": [ 0, 90, 0 ]
      },

      {
        "name": "tentacle2",
        "pivot": [ 3.5, -7.0, 3.5 ],
        "cubes": [
          {
            "origin": [ 2.5, -25.0, 2.5 ],
            "size": [ 2, 18, 2 ],
            "uv": [ 48, 0 ]
          }
        ],
        "rotation": [ 0, 45, 0 ]
      },

      {
        "name": "tentacle3",
        "pivot": [ 0.0, -7.0, 5.0 ],
        "cubes": [
          {
            "origin": [ -1.0, -25.0, 4.0 ],
            "size": [ 2, 18, 2 ],
            "uv": [ 48, 0 ]
          }
        ],
        "rotation": [ 0, 0, 0 ]
      },

      {
        "name": "tentacle4",
        "pivot": [ -3.5, -7.0, 3.5 ],
        "cubes": [
          {
            "origin": [ -4.5, -25.0, 2.5 ],
            "size": [ 2, 18, 2 ],
            "uv": [ 48, 0 ]
          }
        ],
        "rotation": [ 0, -45, 0 ]
      },

      {
        "name": "tentacle5",
        "pivot": [ -5.0, -7.0, 0.0 ],
        "cubes": [
          {
            "origin": [ -6.0, -25.0, -1.0 ],
            "size": [ 2, 18, 2 ],
            "uv": [ 48, 0 ]
          }
        ],
        "rotation": [ 0, -90, 0 ]
      },

      {
        "name": "tentacle6",
        "pivot": [ -3.5, -7.0, -3.5 ],
        "cubes": [
          {
            "origin": [ -4.5, -25.0, -4.5 ],
            "size": [ 2, 18, 2 ],
            "uv": [ 48, 0 ]
          }
        ],
        "rotation": [ 0, -135, 0 ]
      },

      {
        "name": "tentacle7",
        "pivot": [ 0.0, -7.0, -5.0 ],
        "cubes": [
          {
            "origin": [ -1.0, -25.0, -6.0 ],
            "size": [ 2, 18, 2 ],
            "uv": [ 48, 0 ]
          }
        ],
        "rotation": [ 0, -180, 0 ]
      },

      {
        "name": "tentacle8",
        "pivot": [ 3.5, -7.0, -3.5 ],
        "cubes": [
          {
            "origin": [ 2.5, -25.0, -4.5 ],
            "size": [ 2, 18, 2 ],
            "uv": [ 48, 0, 0 ]
          }
        ],
        "rotation": [ 0, -225, 0 ]
      }
    ]
  },
  "geometry.spider": {
    "texturewidth": 64,
    "textureheight": 32,

    "bones": [
      {
        "name": "head",
        "pivot": [ 0.0, 9.0, -3.0 ],
        "cubes": [
          {
            "origin": [ -4.0, 5.0, -11.0 ],
            "size": [ 8, 8, 8 ],
            "uv": [ 32, 4 ]
          }
        ],
        "material": "emissive"
      },

      {
        "name": "body0",
        "pivot": [ 0.0, 9.0, 0.0 ],
        "cubes": [
          {
            "origin": [ -3.0, 6.0, -3.0 ],
            "size": [ 6, 6, 6 ],
            "uv": [ 0, 0 ]
          }
        ]
      },

      {
        "name": "body1",
        "pivot": [ 0.0, 9.0, 9.0 ],
        "cubes": [
          {
            "origin": [ -5.0, 5.0, 3.0 ],
            "size": [ 10, 8, 12 ],
            "uv": [ 0, 12 ]
          }
        ]
      },

      {
        "name": "leg0",
        "pivot": [ -4.0, 9.0, 2.0 ],
        "cubes": [
          {
            "origin": [ -19.0, 8.0, 1.0 ],
            "size": [ 16, 2, 2 ],
            "uv": [ 18, 0 ]
          }
        ]
      },

      {
        "name": "leg1",
        "pivot": [ 4.0, 9.0, 2.0 ],
        "cubes": [
          {
            "origin": [ 3.0, 8.0, 1.0 ],
            "size": [ 16, 2, 2 ],
            "uv": [ 18, 0 ]
          }
        ]
      },

      {
        "name": "leg2",
        "pivot": [ -4.0, 9.0, 1.0 ],
        "cubes": [
          {
            "origin": [ -19.0, 8.0, 0.0 ],
            "size": [ 16, 2, 2 ],
            "uv": [ 18, 0 ]
          }
        ]
      },

      {
        "name": "leg3",
        "pivot": [ 4.0, 9.0, 1.0 ],
        "cubes": [
          {
            "origin": [ 3.0, 8.0, 0.0 ],
            "size": [ 16, 2, 2 ],
            "uv": [ 18, 0 ]
          }
        ]
      },

      {
        "name": "leg4",
        "pivot": [ -4.0, 9.0, 0.0 ],
        "cubes": [
          {
            "origin": [ -19.0, 8.0, -1.0 ],
            "size": [ 16, 2, 2 ],
            "uv": [ 18, 0 ]
          }
        ]
      },

      {
        "name": "leg5",
        "pivot": [ 4.0, 9.0, 0.0 ],
        "cubes": [
          {
            "origin": [ 3.0, 8.0, -1.0 ],
            "size": [ 16, 2, 2 ],
            "uv": [ 18, 0 ]
          }
        ]
      },

      {
        "name": "leg6",
        "pivot": [ -4.0, 9.0, -1.0 ],
        "cubes": [
          {
            "origin": [ -19.0, 8.0, -2.0 ],
            "size": [ 16, 2, 2 ],
            "uv": [ 18, 0 ]
          }
        ]
      },

      {
        "name": "leg7",
        "pivot": [ 4.0, 9.0, -1.0 ],
        "cubes": [
          {
            "origin": [ 3.0, 8.0, -2.0 ],
            "size": [ 16, 2, 2 ],
            "uv": [ 18, 0 ]
          }
        ]
      }
    ]
  },
  "geometry.quadruped": {

    "bones": [
      {
        "name": "body",
        "pivot": [ 0.0, 19.0, 2.0 ],
        "cubes": [
          {
            "origin": [ -5.0, 13.0, -5.0 ],
            "size": [ 10, 16, 8 ],
            "uv": [ 28, 8 ]
          }
        ]
      },

      {
        "name": "head",
        "pivot": [ 0.0, 18.0, -6.0 ],
        "cubes": [
          {
            "origin": [ -4.0, 14.0, -14.0 ],
            "size": [ 8, 8, 8 ],
            "uv": [ 0, 0 ]
          }
        ]
      },

      {
        "name": "leg0",
        "pivot": [ -3.0, 12.0, 7.0 ],
        "cubes": [
          {
            "origin": [ -5.0, 0.0, 5.0 ],
            "size": [ 4, 12, 4 ],
            "uv": [ 0, 16 ]
          }
        ]
      },

      {
        "name": "leg1",
        "pivot": [ 3.0, 12.0, 7.0 ],
        "cubes": [
          {
            "origin": [ 1.0, 0.0, 5.0 ],
            "size": [ 4, 12, 4 ],
            "uv": [ 0, 16 ]
          }
        ]
      },

      {
        "name": "leg2",
        "pivot": [ -3.0, 12.0, -5.0 ],
        "cubes": [
          {
            "origin": [ -5.0, 0.0, -7.0 ],
            "size": [ 4, 12, 4 ],
            "uv": [ 0, 16 ]
          }
        ]
      },

      {
        "name": "leg3",
        "pivot": [ 3.0, 12.0, -5.0 ],
        "cubes": [
          {
            "origin": [ 1.0, 0.0, -7.0 ],
            "size": [ 4, 12, 4 ],
            "uv": [ 0, 16 ]
          }
        ]
      }
    ]
  },
  "geometry.cow:geometry.quadruped": {
    "texturewidth": 64,
    "textureheight": 32,
    "bones": [
      {
        "name": "body",
        "reset": true,
        "pivot": [ 0.0, 19.0, 2.0 ],
        "cubes": [
          {
            "origin": [ -6.0, 11.0, -5.0 ],
            "size": [ 12, 18, 10 ],
            "uv": [ 18, 4 ]
          },
          {
            "origin": [ -2.0, 11.0, -6.0 ],
            "size": [ 4, 6, 1 ],
            "uv": [ 52, 0 ]
          }
        ]
      },

      {
        "name": "head",
        "reset": true,
        "pivot": [ 0.0, 20.0, -8.0 ],
        "cubes": [
          {
            "origin": [ -4.0, 16.0, -14.0 ],
            "size": [ 8, 8, 6 ],
            "uv": [ 0, 0 ]
          },
          {
            "origin": [ -5.0, 22.0, -12.0 ],
            "size": [ 1, 3, 1 ],
            "uv": [ 22, 0 ]
          },
          {
            "origin": [ 4.0, 22.0, -12.0 ],
            "size": [ 1, 3, 1 ],
            "uv": [ 22, 0 ]
          }
        ]
      },

      {
        "name": "leg0",
        "pivot": [ -4.0, 12.0, 7.0 ]
      },

      {
        "name": "leg1",
        "pivot": [ 4.0, 12.0, 7.0 ]
      },

      {
        "name": "leg2",
        "pivot": [ -4.0, 12.0, -6.0 ]
      },

      {
        "name": "leg3",
        "pivot": [ 4.0, 12.0, -6.0 ]
      }
    ]
  },
  "geometry.sheep.sheared:geometry.quadruped": {

    "bones": [
      {
        "name": "body",
        "reset": true,
        "pivot": [ 0.0, 19.0, 2.0 ],
        "cubes": [
          {
            "origin": [ -4.0, 13.0, -5.0 ],
            "size": [ 8, 16, 6 ],
            "uv": [ 28, 8 ]
          }
        ],
        "material": "changecolor"
      },

      {
        "name": "head",
        "reset": true,
        "pivot": [ 0.0, 18.0, -8.0 ],
        "cubes": [
          {
            "origin": [ -3.0, 16.0, -14.0 ],
            "size": [ 6, 6, 8 ],
            "uv": [ 0, 0 ]
          }
        ],
        "material": "changecolor"
      },

      {
        "name": "leg0",
        "material": "changecolor"
      },

      {
        "name": "leg1",
        "material": "changecolor"
      },

      {
        "name": "leg2",
        "material": "changecolor"
      },

      {
        "name": "leg3",
        "material": "changecolor"
      }
    ]
  },
  "geometry.sheep:geometry.sheep.sheared": {

    "bones": [
      {
        "name": "body",
        "reset": true,
        "pivot": [ 0.0, 19.0, 2.0 ],
        "cubes": [
          {
            "origin": [ -4.0, 13.0, -5.0 ],
            "size": [ 8, 16, 6 ],
            "uv": [ 28, 40 ],
            "inflate": 1.75
          }
        ]
      },

      {
        "name": "head",
        "pivot": [ 0.0, 18.0, -8.0 ],
        "cubes": [
          {
            "origin": [ -3.0, 16.0, -12.0 ],
            "size": [ 6, 6, 6 ],
            "uv": [ 0, 32 ],
            "inflate": 0.6
          }
        ]
      },

      {
        "name": "leg0",
        "pivot": [ -3.0, 12.0, 7.0 ],
        "cubes": [
          {
            "origin": [ -5.0, 6.0, 5.0 ],
            "size": [ 4, 6, 4 ],
            "uv": [ 0, 48 ],
            "inflate": 0.5
          }
        ]
      },

      {
        "name": "leg1",
        "pivot": [ 3.0, 12.0, 7.0 ],
        "cubes": [
          {
            "origin": [ 1.0, 6.0, 5.0 ],
            "size": [ 4, 6, 4 ],
            "uv": [ 0, 48 ],
            "inflate": 0.5
          }
        ]
      },

      {
        "name": "leg2",
        "pivot": [ -3.0, 12.0, -5.0 ],
        "cubes": [
          {
            "origin": [ -5.0, 6.0, -7.0 ],
            "size": [ 4, 6, 4 ],
            "uv": [ 0, 48 ],
            "inflate": 0.5
          }
        ]
      },

      {
        "name": "leg3",
        "pivot": [ 3.0, 12.0, -5.0 ],
        "cubes": [
          {
            "origin": [ 1.0, 6.0, -7.0 ],
            "size": [ 4, 6, 4 ],
            "uv": [ 0, 48 ],
            "inflate": 0.5
          }
        ]
      }
    ]
  },
  "geometry.pig:geometry.quadruped": {
    "texturewidth": 64,
    "textureheight": 32,

    "bones": [
      {
        "name": "body",
        "reset": true,
        "pivot": [ 0.0, 13.0, 2.0 ],
        "cubes": [
          {
            "origin": [ -5.0, 7.0, -5.0 ],
            "size": [ 10, 16, 8 ],
            "uv": [ 28, 8 ]
          }
        ]
      },
      {
        "name": "head",
        "reset": true,
        "pivot": [ 0.0, 12.0, -6.0 ],
        "cubes": [
          {
            "origin": [ -4.0, 8.0, -14.0 ],
            "size": [ 8, 8, 8 ],
            "uv": [ 0, 0 ]
          },
          {
            "origin": [ -2.0, 9.0, -15.0 ],
            "size": [ 4, 3, 1 ],
            "uv": [ 16, 16 ]
          }
        ]
      },
      {
        "name": "leg0",
        "reset": true,
        "pivot": [ -3.0, 6.0, 7.0 ],
        "cubes": [
          {
            "origin": [ -5.0, 0.0, 5.0 ],
            "size": [ 4, 6, 4 ],
            "uv": [ 0, 16 ]
          }
        ]
      },
      {
        "name": "leg1",
        "reset": true,
        "pivot": [ 3.0, 6.0, 7.0 ],
        "cubes": [
          {
            "origin": [ 1.0, 0.0, 5.0 ],
            "size": [ 4, 6, 4 ],
            "uv": [ 0, 16 ]
          }
        ]
      },
      {
        "name": "leg2",
        "reset": true,
        "pivot": [ -3.0, 6.0, -5.0 ],
        "cubes": [
          {
            "origin": [ -5.0, 0.0, -7.0 ],
            "size": [ 4, 6, 4 ],
            "uv": [ 0, 16 ]
          }
        ]
      },
      {
        "name": "leg3",
        "reset": true,
        "pivot": [ 3.0, 6.0, -5.0 ],
        "cubes": [
          {
            "origin": [ 1.0, 0.0, -7.0 ],
            "size": [ 4, 6, 4 ],
            "uv": [ 0, 16 ]
          }
        ]
      }
    ]
  },
  "geometry.bat": {

    "bones": [
      {
        "name": "head",
        "pivot": [ 0.0, 24.0, 0.0 ],
        "cubes": [
          {
            "origin": [ -3.0, 21.0, -3.0 ],
            "size": [ 6, 6, 6 ],
            "uv": [ 0, 0 ]
          }
        ],
        "material": "alpha"
      },
      {
        "name": "rightEar",
        "pivot": [ 0.0, 24.0, 0.0 ],
        "cubes": [
          {
            "origin": [ -4.0, 26.0, -2.0 ],
            "size": [ 3, 4, 1 ],
            "uv": [ 24, 0 ]
          }
        ],
        "parent": "head",
        "material": "alpha"
      },
      {
        "name": "leftEar",
        "mirror": true,
        "pivot": [ 0.0, 24.0, 0.0 ],
        "cubes": [
          {
            "origin": [ 1.0, 26.0, -2.0 ],
            "size": [ 3, 4, 1 ],
            "uv": [ 24, 0 ]
          }
        ],
        "parent": "head",
        "material": "alpha"
      },
      {
        "name": "body",
        "pivot": [ 0.0, 24.0, 0.0 ],
        "cubes": [
          {
            "origin": [ -3.0, 8.0, -3.0 ],
            "size": [ 6, 12, 6 ],
            "uv": [ 0, 16 ]
          },
          {
            "origin": [ -5.0, -8.0, 0.0 ],
            "size": [ 10, 16, 1 ],
            "uv": [ 0, 34 ]
          }
        ],
        "material": "alpha"
      },
      {
        "name": "rightWing",
        "pivot": [ 0.0, 24.0, 0.0 ],
        "cubes": [
          {
            "origin": [ -12.0, 7.0, 1.5 ],
            "size": [ 10, 16, 1 ],
            "uv": [ 42, 0 ]
          }
        ],
        "parent": "body",
        "material": "alpha"
      },
      {
        "name": "rightWingTip",
        "pivot": [ -12.0, 23.0, 1.5 ],
        "cubes": [
          {
            "origin": [ -20.0, 10.0, 1.5 ],
            "size": [ 8, 12, 1 ],
            "uv": [ 24, 16 ]
          }
        ],
        "parent": "rightWing",
        "material": "alpha",
        "pos": [ -12, 1, 1.5 ]
      },
      {
        "name": "leftWing",
        "mirror": true,
        "pivot": [ 0.0, 24.0, 0.0 ],
        "cubes": [
          {
            "origin": [ 2.0, 7.0, 1.5 ],
            "size": [ 10, 16, 1 ],
            "uv": [ 42, 0 ]
          }
        ],
        "parent": "body",
        "material": "alpha"
      },
      {
        "name": "leftWingTip",
        "mirror": true,
        "pivot": [ 12.0, 23.0, 1.5 ],
        "cubes": [
          {
            "origin": [ 12.0, 10.0, 1.5 ],
            "size": [ 8, 12, 1 ],
            "uv": [ 24, 16 ]
          }
        ],
        "parent": "leftWing",
        "material": "alpha",
        "pos": [ 12, 1, 1.5 ]
      }
    ]
  },
  "geometry.irongolem": {
    "texturewidth": 128,
    "textureheight": 128,

    "bones": [
      {
        "name": "body",
        "pivot": [ 0.0, 31.0, 0.0 ],
        "cubes": [
          {
            "origin": [ -9.0, 21.0, -6.0 ],
            "size": [ 18, 12, 11 ],
            "uv": [ 0, 40 ]
          },
          {
            "origin": [ -4.5, 16.0, -3.0 ],
            "size": [ 9, 5, 6 ],
            "uv": [ 0, 70 ],
            "inflate": 0.5
          }
        ],
        "pos": [ 0, -7, 0 ]
      },
      {
        "name": "head",
        "pivot": [ 0.0, 31.0, -2.0 ],
        "cubes": [
          {
            "origin": [ -4.0, 33.0, -7.5 ],
            "size": [ 8, 10, 8 ],
            "uv": [ 0, 0 ]
          },
          {
            "origin": [ -1.0, 32.0, -9.5 ],
            "size": [ 2, 4, 2 ],
            "uv": [ 24, 0 ]
          }
        ]
      },
      {
        "name": "arm0",
        "pivot": [ 0.0, 31.0, 0.0 ],
        "cubes": [
          {
            "origin": [ -13.0, 3.5, -3.0 ],
            "size": [ 4, 30, 6 ],
            "uv": [ 60, 21 ]
          }
        ]
      },
      {
        "name": "arm1",
        "pivot": [ 0.0, 31.0, 0.0 ],
        "cubes": [
          {
            "origin": [ 9.0, 3.5, -3.0 ],
            "size": [ 4, 30, 6 ],
            "uv": [ 60, 58 ]
          }
        ]
      },
      {
        "name": "leg0",
        "pivot": [ -4.0, 13.0, 0.0 ],
        "cubes": [
          {
            "origin": [ -7.5, 0.0, -3.0 ],
            "size": [ 6, 16, 5 ],
            "uv": [ 37, 0 ]
          }
        ]
      },
      {
        "name": "leg1",
        "mirror": true,
        "pivot": [ 5.0, 13.0, 0.0 ],
        "cubes": [
          {
            "origin": [ 1.5, 0.0, -3.0 ],
            "size": [ 6, 16, 5 ],
            "uv": [ 60, 0 ]
          }
        ],
        "pos": [ 5, 11, 0 ]
      }
    ]
  },
  "geometry.snowgolem": {
    "bones": [
      {
        "name": "head",
        "pivot": [ 0.0, 20.0, 0.0 ],
        "cubes": [
          {
            "origin": [ -4.0, 20.0, -4.0 ],
            "size": [ 8, 8, 8 ],
            "uv": [ 0, 0 ],
            "inflate": -0.5
          }
        ]
      },
      {
        "name": "arm1",
        "pivot": [ 0.0, 18.0, 0.0 ],
        "cubes": [
          {
            "origin": [ -1.0, 16.0, -1.0 ],
            "size": [ 12, 2, 2 ],
            "uv": [ 32, 0 ],
            "inflate": -0.5
          }
        ]
      },
      {
        "name": "arm2",
        "pivot": [ 0.0, 18.0, 0.0 ],
        "cubes": [
          {
            "origin": [ -1.0, 16.0, -1.0 ],
            "size": [ 12, 2, 2 ],
            "uv": [ 32, 0 ],
            "inflate": -0.5
          }
        ]
      },
      {
        "name": "piece1",
        "pivot": [ 0.0, 11.0, 0.0 ],
        "cubes": [
          {
            "origin": [ -5.0, 11.0, -5.0 ],
            "size": [ 10, 10, 10 ],
            "uv": [ 0, 16 ],
            "inflate": -0.5
          }
        ]
      },
      {
        "name": "piece2",
        "pivot": [ 0.0, 0.0, 0.0 ],
        "cubes": [
          {
            "origin": [ -6.0, 0.0, -6.0 ],
            "size": [ 12, 12, 12 ],
            "uv": [ 0, 36 ],
            "inflate": -0.5
          }
        ]
      }
    ]
  },
  "geometry.zombie.villager:geometry.humanoid": {
    "texturewidth": 64,
    "textureheight": 64,

    "bones": [
      {
        "name": "head",
        "reset": true,
        "pivot": [ 0.0, 24.0, 0.0 ],
        "cubes": [
          {
            "origin": [ -4.0, 24.0, -4.0 ],
            "size": [ 8, 10, 8 ],
            "uv": [ 0, 0 ],
            "inflate": 0.25
          },
          {
            "origin": [ -1.0, 23.0, -6.0 ],
            "size": [ 2, 4, 2 ],
            "uv": [ 24, 0 ],
            "inflate": 0.25
          }
        ]
      },
      {
        "name": "body",
        "reset": true,
        "pivot": [ 0.0, 24.0, 0.0 ],
        "cubes": [
          {
            "origin": [ -4.0, 12.0, -3.0 ],
            "size": [ 8, 12, 6 ],
            "uv": [ 16, 20 ]
          },
          {
            "origin": [ -4.0, 6.0, -3.0 ],
            "size": [ 8, 18, 6 ],
            "uv": [ 0, 38 ],
            "inflate": 0.5
          }
        ],
        "material": "alpha"
      },
      {
        "name": "rightArm",
        "reset": true,
        "pivot": [ -5.0, 22.0, 0.0 ],
        "cubes": [
          {
            "origin": [ -8.0, 12.0, -2.0 ],
            "size": [ 4, 12, 4 ],
            "uv": [ 44, 38 ]
          }
        ]
      },
      {
        "name": "leftArm",
        "reset": true,
        "mirror": true,
        "pivot": [ 5.0, 22.0, 0.0 ],
        "cubes": [
          {
            "origin": [ 4.0, 12.0, -2.0 ],
            "size": [ 4, 12, 4 ],
            "uv": [ 44, 38 ]
          }
        ]
      },
      {
        "name": "rightLeg",
        "reset": true,
        "pivot": [ -2.0, 12.0, 0.0 ],
        "cubes": [
          {
            "origin": [ -4.0, 0.0, -2.0 ],
            "size": [ 4, 12, 4 ],
            "uv": [ 0, 22 ]
          }
        ]
      },
      {
        "name": "leftLeg",
        "reset": true,
        "mirror": true,
        "pivot": [ 2.0, 12.0, 0.0 ],
        "cubes": [
          {
            "origin": [ 0.0, 0.0, -2.0 ],
            "size": [ 4, 12, 4 ],
            "uv": [ 0, 22 ]
          }
        ]
      }
    ]
  },
  "geometry.wolf": {
    "texturewidth": 64,
    "textureheight": 32,

    "bones": [
      {
        "name": "head",
        "pivot": [ -1.0, 10.5, -7.0 ],
        "cubes": [
          {
            "origin": [ -4.0, 7.5, -9.0 ],
            "size": [ 6, 6, 4 ],
            "uv": [ 0, 0 ]
          },
          {
            "origin": [ -4.0, 13.5, -7.0 ],
            "size": [ 2, 2, 1 ],
            "uv": [ 16, 14 ]
          },
          {
            "origin": [ 0.0, 13.5, -7.0 ],
            "size": [ 2, 2, 1 ],
            "uv": [ 16, 14 ]
          },
          {
            "origin": [ -2.5, 7.515625, -12.0 ],
            "size": [ 3, 3, 4 ],
            "uv": [ 0, 10 ]
          }
        ]
      },
      {
        "name": "body",
        "pivot": [ 0.0, 10.0, 2.0 ],
        "cubes": [
          {
            "origin": [ -4.0, 3.0, -1.0 ],
            "size": [ 6, 9, 6 ],
            "uv": [ 18, 14 ]
          }
        ]
      },
      {
        "name": "upperBody",
        "pivot": [ -1.0, 10.0, 2.0 ],
        "cubes": [
          {
            "origin": [ -5.0, 7.0, -1.0 ],
            "size": [ 8, 6, 7 ],
            "uv": [ 21, 0 ]
          }
        ]
      },
      {
        "name": "leg0",
        "pivot": [ -2.5, 8.0, 7.0 ],
        "cubes": [
          {
            "origin": [ -3.5, 0.0, 6.0 ],
            "size": [ 2, 8, 2 ],
            "uv": [ 0, 18 ]
          }
        ]
      },
      {
        "name": "leg1",
        "pivot": [ 0.5, 8.0, 7.0 ],
        "cubes": [
          {
            "origin": [ -0.5, 0.0, 6.0 ],
            "size": [ 2, 8, 2 ],
            "uv": [ 0, 18 ]
          }
        ]
      },
      {
        "name": "leg2",
        "pivot": [ -2.5, 8.0, -4.0 ],
        "cubes": [
          {
            "origin": [ -3.5, 0.0, -5.0 ],
            "size": [ 2, 8, 2 ],
            "uv": [ 0, 18 ]
          }
        ]
      },
      {
        "name": "leg3",
        "pivot": [ 0.5, 8.0, -4.0 ],
        "cubes": [
          {
            "origin": [ -0.5, 0.0, -5.0 ],
            "size": [ 2, 8, 2 ],
            "uv": [ 0, 18 ]
          }
        ]
      },
      {
        "name": "tail",
        "pivot": [ -1.0, 12.0, 8.0 ],
        "cubes": [
          {
            "origin": [ -2.0, 4.0, 7.0 ],
            "size": [ 2, 8, 2 ],
            "uv": [ 9, 18 ]
          }
        ]
      }
    ]
  },
  "geometry.ocelot": {
    "texturewidth": 64,
    "textureheight": 32,

    "bones": [
      {
        "name": "head",
        "pivot": [ 0.0, 9.0, -9.0 ],
        "cubes": [
          {
            "origin": [ -2.5, 7.0, -12.0 ],
            "size": [ 5, 4, 5 ],
            "uv": [ 0, 0 ]
          },
          {
            "origin": [ -1.5, 7.015625, -13.0 ],
            "size": [ 3, 2, 2 ],
            "uv": [ 0, 24 ]
          },
          {
            "origin": [ -2.0, 11.0, -9.0 ],
            "size": [ 1, 1, 2 ],
            "uv": [ 0, 10 ]
          },
          {
            "origin": [ 1.0, 11.0, -9.0 ],
            "size": [ 1, 1, 2 ],
            "uv": [ 6, 10 ]
          }
        ]
      },
      {
        "name": "body",
        "pivot": [ 0.0, 12.0, -10.0 ],
        "cubes": [
          {
            "origin": [ -2.0, -7.0, -18.0 ],
            "size": [ 4, 16, 6 ],
            "uv": [ 20, 0 ]
          }
        ]
      },
      {
        "name": "tail1",
        "pivot": [ 0.0, 9.0, 8.0 ],
        "cubes": [
          {
            "origin": [ -0.5, 1.0, 8.0 ],
            "size": [ 1, 8, 1 ],
            "uv": [ 0, 15 ]
          }
        ],
        "rotation": [ 50, 0, 0 ]
      },
      {
        "name": "tail2",
        "pivot": [ 0.0, 4.0, 13.0 ],
        "cubes": [
          {
            "origin": [ -0.5, -4.0, 13.0 ],
            "size": [ 1, 8, 1 ],
            "uv": [ 4, 15 ]
          }
        ]
      },
      {
        "name": "backLegL",
        "pivot": [ 1.1, 6.0, 5.0 ],
        "cubes": [
          {
            "origin": [ 0.1, 0.0, 6.0 ],
            "size": [ 2, 6, 2 ],
            "uv": [ 8, 13 ]
          }
        ]
      },
      {
        "name": "backLegR",
        "pivot": [ -1.1, 6.0, 5.0 ],
        "cubes": [
          {
            "origin": [ -2.1, 0.0, 6.0 ],
            "size": [ 2, 6, 2 ],
            "uv": [ 8, 13 ]
          }
        ]
      },
      {
        "name": "frontLegL",
        "pivot": [ 1.2, 10.2, -5.0 ],
        "cubes": [
          {
            "origin": [ 0.2, 0.2, -5.0 ],
            "size": [ 2, 10, 2 ],
            "uv": [ 40, 0 ]
          }
        ]
      },
      {
        "name": "frontLegR",
        "pivot": [ -1.2, 10.2, -5.0 ],
        "cubes": [
          {
            "origin": [ -2.2, 0.2, -5.0 ],
            "size": [ 2, 10, 2 ],
            "uv": [ 40, 0 ]
          }
        ]
      }
    ]
  },
  "geometry.guardian": {
    "texturewidth": 64,
    "textureheight": 64,
    "bones": [
      {
        "name": "head",
        "pivot": [ 0.0, 24.0, 0.0 ],
        "rotation": [ 0.0, 0.0, 0.0 ],
        "mirror": true,
        "cubes": [
          {
            "mirror": false,
            "origin": [ -6.0, 2.0, -8.0 ],
            "size": [ 12.0, 12.0, 16.0 ],
            "uv": [ 0, 0 ]
          },
          {
            "mirror": false,
            "origin": [ -8.0, 2.0, -6.0 ],
            "size": [ 2.0, 12.0, 12.0 ],
            "uv": [ 0, 28 ]
          },
          {
            "origin": [ 6.0, 2.0, -6.0 ],
            "size": [ 2.0, 12.0, 12.0 ],
            "uv": [ 0, 28 ]
          },
          {
            "origin": [ -6.0, 14.0, -6.0 ],
            "size": [ 12.0, 2.0, 12.0 ],
            "uv": [ 16, 40 ]
          },
          {
            "origin": [ -6.0, 0.0, -6.0 ],
            "size": [ 12.0, 2.0, 12.0 ],
            "uv": [ 16, 40 ]
          }
        ]
      },
      {
        "name": "eye",
        "pivot": [ 0.0, 24.0, 0.0 ],
        "rotation": [ 0.0, 0.0, 0.0 ],
        "cubes": [
          {
            "origin": [ -1.0, 7.0, 0.0 ],
            "size": [ 2.0, 2.0, 1.0 ],
            "uv": [ 8, 0 ]
          }
        ]
      },
      {
        "name": "tailpart0",
        "pivot": [ 0.0, 24.0, 0.0 ],
        "rotation": [ 0.0, 0.0, 0.0 ],
        "cubes": [
          {
            "origin": [ -2.0, 6.0, 7.0 ],
            "size": [ 4.0, 4.0, 8.0 ],
            "uv": [ 40, 0 ]
          }
        ]
      },
      {
        "name": "tailpart1",
        "pivot": [ 0.0, 24.0, 0.0 ],
        "rotation": [ 0.0, 0.0, 0.0 ],
        "cubes": [
          {
            "origin": [ 0.0, 7.0, 0.0 ],
            "size": [ 3.0, 3.0, 7.0 ],
            "uv": [ 0, 54 ]
          }
        ]
      },
      {
        "name": "tailpart2",
        "pivot": [ 0.0, 24.0, 0.0 ],
        "rotation": [ 0.0, 0.0, 0.0 ],
        "cubes": [
          {
            "origin": [ 0.0, 8.0, 0.0 ],
            "size": [ 2.0, 2.0, 6.0 ],
            "uv": [ 41, 32 ]
          },
          {
            "origin": [ 1.0, 4.5, 3.0 ],
            "size": [ 1.0, 9.0, 9.0 ],
            "uv": [ 25, 19 ]
          }
        ]
      },
      {
        "name": "spikepart0",
        "pivot": [ 0.0, 24.0, 0.0 ],
        "rotation": [ 0.0, 0.0, 0.0 ],
        "cubes": [
          {
            "origin": [ -1.0, 19.5, -1.0 ],
            "size": [ 2.0, 9.0, 2.0 ],
            "uv": [ 0, 0 ]
          }
        ]
      },
      {
        "name": "spikepart1",
        "pivot": [ 0.0, 24.0, 0.0 ],
        "rotation": [ 0.0, 0.0, 0.0 ],
        "cubes": [
          {
            "origin": [ -1.0, 19.5, -1.0 ],
            "size": [ 2.0, 9.0, 2.0 ],
            "uv": [ 0, 0 ]
          }
        ]
      },
      {
        "name": "spikepart2",
        "pivot": [ 0.0, 24.0, 0.0 ],
        "rotation": [ 0.0, 0.0, 0.0 ],
        "cubes": [
          {
            "origin": [ -1.0, 19.5, -1.0 ],
            "size": [ 2.0, 9.0, 2.0 ],
            "uv": [ 0, 0 ]
          }
        ]
      },
      {
        "name": "spikepart3",
        "pivot": [ 0.0, 24.0, 0.0 ],
        "rotation": [ 0.0, 0.0, 0.0 ],
        "cubes": [
          {
            "origin": [ -1.0, 19.5, -1.0 ],
            "size": [ 2.0, 9.0, 2.0 ],
            "uv": [ 0, 0 ]
          }
        ]
      },
      {
        "name": "spikepart4",
        "pivot": [ 0.0, 24.0, 0.0 ],
        "rotation": [ 0.0, 0.0, 0.0 ],
        "cubes": [
          {
            "origin": [ -1.0, 19.5, -1.0 ],
            "size": [ 2.0, 9.0, 2.0 ],
            "uv": [ 0, 0 ]
          }
        ]
      },
      {
        "name": "spikepart5",
        "pivot": [ 0.0, 24.0, 0.0 ],
        "rotation": [ 0.0, 0.0, 0.0 ],
        "cubes": [
          {
            "origin": [ -1.0, 19.5, -1.0 ],
            "size": [ 2.0, 9.0, 2.0 ],
            "uv": [ 0, 0 ]
          }
        ]
      },
      {
        "name": "spikepart6",
        "pivot": [ 0.0, 24.0, 0.0 ],
        "rotation": [ 0.0, 0.0, 0.0 ],
        "cubes": [
          {
            "origin": [ -1.0, 19.5, -1.0 ],
            "size": [ 2.0, 9.0, 2.0 ],
            "uv": [ 0, 0 ]
          }
        ]
      },
      {
        "name": "spikepart7",
        "pivot": [ 0.0, 24.0, 0.0 ],
        "rotation": [ 0.0, 0.0, 0.0 ],
        "cubes": [
          {
            "origin": [ -1.0, 19.5, -1.0 ],
            "size": [ 2.0, 9.0, 2.0 ],
            "uv": [ 0, 0 ]
          }
        ]
      },
      {
        "name": "spikepart8",
        "pivot": [ 0.0, 24.0, 0.0 ],
        "rotation": [ 0.0, 0.0, 0.0 ],
        "cubes": [
          {
            "origin": [ -1.0, 19.5, -1.0 ],
            "size": [ 2.0, 9.0, 2.0 ],
            "uv": [ 0, 0 ]
          }
        ]
      },
      {
        "name": "spikepart9",
        "pivot": [ 0.0, 24.0, 0.0 ],
        "rotation": [ 0.0, 0.0, 0.0 ],
        "cubes": [
          {
            "origin": [ -1.0, 19.5, -1.0 ],
            "size": [ 2.0, 9.0, 2.0 ],
            "uv": [ 0, 0 ]
          }
        ]
      },
      {
        "name": "spikepart10",
        "pivot": [ 0.0, 24.0, 0.0 ],
        "rotation": [ 0.0, 0.0, 0.0 ],
        "cubes": [
          {
            "origin": [ -1.0, 19.5, -1.0 ],
            "size": [ 2.0, 9.0, 2.0 ],
            "uv": [ 0, 0 ]
          }
        ]
      },
      {
        "name": "spikepart11",
        "pivot": [ 0.0, 24.0, 0.0 ],
        "rotation": [ 0.0, 0.0, 0.0 ],
        "cubes": [
          {
            "origin": [ -1.0, 19.5, -1.0 ],
            "size": [ 2.0, 9.0, 2.0 ],
            "uv": [ 0, 0 ]
          }
        ]
      }
    ]
  },
  "geometry.polarbear": {
    "texturewidth": 128,
    "textureheight": 64,
    "bones": [
      {
        "name": "head",
        "pivot": [ 0.0, 14.0, -16.0 ],
        "rotation": [ 0.0, 0.0, 0.0 ],
        "mirror": true,
        "cubes": [
          {
            "mirror": false,
            "origin": [ -3.5, 10.0, -19.0 ],
            "size": [ 7.0, 7.0, 7.0 ],
            "uv": [ 0, 0 ]
          },
          {
            "mirror": false,
            "origin": [ -2.5, 10.0, -22.0 ],
            "size": [ 5.0, 3.0, 3.0 ],
            "uv": [ 0, 44 ]
          },
          {
            "mirror": false,
            "origin": [ -4.5, 16.0, -17.0 ],
            "size": [ 2.0, 2.0, 1.0 ],
            "uv": [ 26, 0 ]
          },
          {
            "origin": [ 2.5, 16.0, -17.0 ],
            "size": [ 2.0, 2.0, 1.0 ],
            "uv": [ 26, 0 ]
          }
        ]
      },
      {
        "name": "body",
        "pivot": [ -2.0, 15.0, 12.0 ],
        "rotation": [ 0.0, 0.0, 0.0 ],
        "cubes": [
          {
            "origin": [ -7.0, 14.0, 5.0 ],
            "size": [ 14.0, 14.0, 11.0 ],
            "uv": [ 0, 19 ]
          },
          {
            "origin": [ -6.0, 28.0, 5.0 ],
            "size": [ 12.0, 12.0, 10.0 ],
            "uv": [ 39, 0 ]
          }
        ]
      },
      {
        "name": "leg0",
        "pivot": [ -4.5, 10.0, 6.0 ],
        "rotation": [ 0.0, 0.0, 0.0 ],
        "cubes": [
          {
            "origin": [ -6.5, 0.0, 4.0 ],
            "size": [ 4.0, 10.0, 8.0 ],
            "uv": [ 50, 22 ]
          }
        ]
      },
      {
        "name": "leg1",
        "pivot": [ 4.5, 10.0, 6.0 ],
        "rotation": [ 0.0, 0.0, 0.0 ],
        "cubes": [
          {
            "origin": [ 2.5, 0.0, 4.0 ],
            "size": [ 4.0, 10.0, 8.0 ],
            "uv": [ 50, 22 ]
          }
        ]
      },
      {
        "name": "leg2",
        "pivot": [ -3.5, 10.0, -8.0 ],
        "rotation": [ 0.0, 0.0, 0.0 ],
        "cubes": [
          {
            "origin": [ -5.5, 0.0, -10.0 ],
            "size": [ 4.0, 10.0, 6.0 ],
            "uv": [ 50, 40 ]
          }
        ]
      },
      {
        "name": "leg3",
        "pivot": [ 3.5, 10.0, -8.0 ],
        "rotation": [ 0.0, 0.0, 0.0 ],
        "cubes": [
          {
            "origin": [ 1.5, 0.0, -10.0 ],
            "size": [ 4.0, 10.0, 6.0 ],
            "uv": [ 50, 40 ]
          }
        ]
      }
    ]
  },
  "geometry.villager": {
    "bones": [
      {
        "name": "head",
        "pivot": [ 0.0, 24.0, 0.0 ],
        "cubes": [
          {
            "origin": [ -4.0, 24.0, -4.0 ],
            "size": [ 8, 10, 8 ],
            "uv": [ 0, 0 ]
          }
        ]
      },
      {
        "name": "nose",
        "parent": "head",
        "pivot": [ 0.0, 26.0, 0.0 ],
        "cubes": [
          {
            "origin": [ -1.0, 23.0, -6.0 ],
            "size": [ 2, 4, 2 ],
            "uv": [ 24, 0 ]
          }
        ]
      },
      {
        "name": "body",
        "pivot": [ 0.0, 24.0, 0.0 ],
        "cubes": [
          {
            "origin": [ -4.0, 12.0, -3.0 ],
            "size": [ 8, 12, 6 ],
            "uv": [ 16, 20 ]
          },
          {
            "origin": [ -4.0, 6.0, -3.0 ],
            "size": [ 8, 18, 6 ],
            "uv": [ 0, 38 ],
            "inflate": 0.5
          }
        ],
        "material": "alpha"
      },
      {
        "name": "arms",
        "pivot": [ 0.0, 22.0, 0.0 ],
        "cubes": [
          {
            "origin": [ -4.0, 16.0, -2.0 ],
            "size": [ 8, 4, 4 ],
            "uv": [ 40, 38 ]
          },
          {
            "origin": [ -8.0, 16.0, -2.0 ],
            "size": [ 4, 8, 4 ],
            "uv": [ 44, 22 ]
          },
          {
            "origin": [ 4.0, 16.0, -2.0 ],
            "size": [ 4, 8, 4 ],
            "uv": [ 44, 22 ]
          }
        ]
      },
      {
        "name": "leg0",
        "pivot": [ -2.0, 12.0, 0.0 ],
        "cubes": [
          {
            "origin": [ -4.0, 0.0, -2.0 ],
            "size": [ 4, 12, 4 ],
            "uv": [ 0, 22 ]
          }
        ]
      },
      {
        "name": "leg1",
        "pivot": [ 2.0, 12.0, 0.0 ],
        "cubes": [
          {
            "origin": [ 0.0, 0.0, -2.0 ],
            "size": [ 4, 12, 4 ],
            "uv": [ 0, 22 ]
          }
        ]
      }
    ]
  },
  "geometry.villager.witch:geometry.villager": {
    "texturewidth": 64,
    "textureheight": 128,
    "bones": [
      {
        "name": "nose",
        "parent": "head",
        "cubes": [
          {
            "origin": [ 0.0, 25.0, -6.75 ],
            "size": [ 1, 1, 1 ],
            "uv": [ 0, 0 ],
            "inflate": -0.25
          }
        ]
      },
      {
        "name": "hat",
        "parent": "head",
        "pivot": [ -5, 32.03125, -5 ],
        "cubes": [
          {
            "origin": [ -5, 32.05, -5 ],
            "size": [ 10, 2, 10 ],
            "uv": [ 0, 64 ]
          }
        ]
      },
      {
        "name": "hat2",
        "parent": "hat",
        "pivot": [ 1.75, 32, 2 ],
        "cubes": [
          {
            "origin": [ -3.25, 33.5, -3 ],
            "size": [ 7, 4, 7 ],
            "uv": [ 0, 76 ]
          }
        ],
        "rotation": [ -3, 0, 1.5 ]
      },
      {
        "name": "hat3",
        "parent": "hat2",
        "pivot": [ 1.75, 35, 2 ],
        "cubes": [
          {
            "origin": [ -1.5, 36.5, -1 ],
            "size": [ 4, 4, 4 ],
            "uv": [ 0, 87 ]
          }
        ],
        "rotation": [ -6, 0, 3 ]
      },
      {
        "name": "hat4",
        "parent": "hat3",
        "pivot": [ 1.75, 38, 2 ],
        "cubes": [
          {
            "origin": [ 0.25, 40, 1 ],
            "size": [ 1, 2, 1 ],
            "uv": [ 0, 95 ],
            "inflate": 0.25
          }
        ],
        "rotation": [ -12, 0, 6 ]
      }
    ]
  },
  "geometry.chalkboard_small": {
    "texturewidth": 64,
    "textureheight": 32,
    "bones": [
      {
        "name": "body",
        "cubes": [
          {
            "origin": [ -8, 4, -1 ],
            "uv": [ 0, 0 ],
            "size": [ 16, 12, 2 ]
          }
        ],
        "pivot": [
          -8.881784e-18,
          0,
          7.105427e-17
        ]
      },
      {
        "name": "rightLeg",
        "cubes": [
          {
            "origin": [ -1, 0, -1 ],
            "uv": [ 0, 14 ],
            "size": [ 2, 4, 2 ]
          }
        ],
        "pivot": [
          0,
          2.842171e-16,
          7.105427e-17
        ]
      }
    ]
  },
  "geometry.chalkboard_medium": {
    "texturewidth": 128,
    "textureheight": 32,
    "bones": [
      {
        "name": "body",
        "cubes": [
          {
            "origin": [ -16, 4, -1 ],
            "uv": [ 0, 0 ],
            "size": [ 32, 12, 2 ]
          }
        ],
        "pivot": [
          0,
          0,
          1.421085e-16
        ]
      },
      {
        "name": "leftLeg",
        "cubes": [
          {
            "origin": [ 10, 0, -1 ],
            "uv": [ 0, 14 ],
            "size": [ 2, 4, 2 ]
          }
        ],
        "pivot": [
          2.273737e-15,
          -5.684342e-16,
          7.105427e-17
        ]
      },
      {
        "name": "rightLeg",
        "cubes": [
          {
            "origin": [ -12, 0, -1 ],
            "uv": [ 0, 14 ],
            "size": [ 2, 4, 2 ]
          }
        ],
        "pivot": [
          -4.547474e-15,
          -8.526513e-16,
          0
        ]
      }
    ]
  },
  "geometry.chalkboard_large": {
    "texturewidth": 128,
    "textureheight": 64,
    "bones": [
      {
        "name": "body",
        "cubes": [
          {
            "origin": [ -24, 4, -1 ],
            "uv": [ 0, 0 ],
            "size": [ 48, 28, 2 ]
          }
        ],
        "pivot": [
          0,
          -1.136868e-15,
          7.105427e-17
        ]
      },
      {
        "name": "leftLeg",
        "cubes": [
          {
            "origin": [ 16, 0, -1 ],
            "uv": [ 0, 30 ],
            "size": [ 2, 4, 2 ]
          }
        ],
        "pivot": [
          0,
          2.842171e-16,
          0
        ]
      },
      {
        "name": "rightLeg",
        "cubes": [
          {
            "origin": [ -18, 0, -1 ],
            "uv": [ 0, 30 ],
            "size": [ 2, 4, 2 ]
          }
        ],
        "pivot": [
          0,
          2.842171e-16,
          0
        ]
      }
    ]
  },
  "geometry.npc": {
    "texturewidth": 64,
    "textureheight": 64,
    "bones": [
      {
        "name": "head",
        "pivot": [ 0.0, 24.0, 0.0 ],
        "cubes": [
          {
            "origin": [ -4.0, 24.0, -4.0 ],
            "size": [ 8, 10, 8 ],
            "uv": [ 0, 0 ]
          }
        ]
      },
      {
        "name": "hat",
        "neverRender": false,
        "material": "alpha",
        "pivot": [ 0.0, 24.0, 0.0 ],
        "cubes": [
          {
            "origin": [ -4.0, 24.0, -4.0 ],
            "size": [ 8, 8, 8 ],
            "uv": [ 32, 0 ],
            "inflate": 0.5
          }
        ],
        "parent": "head"
      },
      {
        "name": "nose",
        "parent": "head",
        "pivot": [ 0.0, 26.0, 0.0 ],
        "cubes": [
          {
            "origin": [ -1.0, 23.0, -6.0 ],
            "size": [ 2, 4, 2 ],
            "uv": [ 24, 0 ]
          }
        ]
      },
      {
        "name": "body",
        "pivot": [ 0.0, 24.0, 0.0 ],
        "cubes": [
          {
            "origin": [ -4.0, 12.0, -3.0 ],
            "size": [ 8, 12, 6 ],
            "uv": [ 16, 20 ]
          },
          {
            "origin": [ -4.0, 6.0, -3.0 ],
            "size": [ 8, 18, 6 ],
            "uv": [ 0, 38 ],
            "inflate": 0.5
          }
        ],
        "material": "alpha"
      },
      {
        "name": "arms",
        "pivot": [ 0.0, 22.0, 0.0 ],
        "cubes": [
          {
            "origin": [ -4.0, 16.0, -2.0 ],
            "size": [ 8, 4, 4 ],
            "uv": [ 40, 38 ]
          },
          {
            "origin": [ -8.0, 16.0, -2.0 ],
            "size": [ 4, 8, 4 ],
            "uv": [ 44, 22 ]
          },
          {
            "origin": [ 4.0, 16.0, -2.0 ],
            "size": [ 4, 8, 4 ],
            "uv": [ 44, 46 ]
          }
        ],
        "parent": "body"
      },
      {
        "name": "leg0",
        "pivot": [ -2.0, 12.0, 0.0 ],
        "cubes": [
          {
            "origin": [ -4.0, 0.0, -2.0 ],
            "size": [ 4, 12, 4 ],
            "uv": [ 0, 22 ]
          }
        ]
      },
      {
        "name": "leg1",
        "pivot": [ 2.0, 12.0, 0.0 ],
        "cubes": [
          {
            "origin": [ 0.0, 0.0, -2.0 ],
            "size": [ 4, 12, 4 ],
            "uv": [ 0, 22 ]
          }
        ]
      },
      {
        "name": "leftPants",
        "pivot": [ 1.9, 12.0, 0.0 ],
        "cubes": [
          {
            "origin": [ -0.1, 0.0, -2.0 ],
            "size": [ 4, 12, 4 ],
            "uv": [ 0, 48 ],
            "inflate": 0.25
          }
        ],
        "pos": [ 1.9, 12, 0 ],
        "material": "alpha",
        "parent": "leg1"
      },

      {
        "name": "rightPants",
        "pivot": [ -1.9, 12.0, 0.0 ],
        "cubes": [
          {
            "origin": [ -3.9, 0.0, -2.0 ],
            "size": [ 4, 12, 4 ],
            "uv": [ 0, 32 ],
            "inflate": 0.25
          }
        ],
        "pos": [ -1.9, 12, 0 ],
        "material": "alpha",
        "parent": "leg0"
      },
      {
        "name": "jacket",
        "pivot": [ 0.0, 24.0, 0.0 ],
        "cubes": [
          {
            "origin": [ -4.0, 12.0, -2.0 ],
            "size": [ 8, 12, 4 ],
            "uv": [ 16, 32 ],
            "inflate": 0.25
          }
        ],
        "material": "alpha",
        "parent": "body"
      }
    ]
  },
  "geometry.witherBoss": {
    "texturewidth": 64,
    "textureheight": 64,

    "bones": [
      {
        "name": "upperBodyPart1",
        "pivot": [ 0, 24, 0 ],
        "cubes": [
          {
            "origin": [ -10, 17.1, -0.5 ],
            "size": [ 20, 3, 3 ],
            "uv": [ 0, 16 ]
          }
        ]
      },
      {
        "name": "upperBodyPart2",
        "pivot": [ -2, 17.1, -0.5 ],
        "cubes": [
          {
            "origin": [ -2, 7.1, -0.5 ],
            "size": [ 3, 10, 3 ],
            "uv": [ 0, 22 ]
          },
          {
            "origin": [ -6, 13.6, 0 ],
            "size": [ 11, 2, 2 ],
            "uv": [ 24, 22 ]
          },
          {
            "origin": [ -6, 11.1, 0 ],
            "size": [ 11, 2, 2 ],
            "uv": [ 24, 22 ]
          },
          {
            "origin": [ -6, 8.6, 0 ],
            "size": [ 11, 2, 2 ],
            "uv": [ 24, 22 ]
          }
        ]
      },
      {
        "name": "upperBodyPart3",
        "pivot": [ 0, 24, 0 ],
        "cubes": [
          {
            "origin": [ 0, 18, 0 ],
            "size": [ 3, 6, 3 ],
            "uv": [ 12, 22 ]
          }
        ]
      },
      {
        "name": "head1",
        "pivot": [ 0, 20, 0 ],
        "cubes": [
          {
            "origin": [ -4, 20, -4 ],
            "size": [ 8, 8, 8 ],
            "uv": [ 0, 0 ]
          }
        ]
      },
      {
        "name": "head2",
        "pivot": [ -9, 18, -1 ],
        "cubes": [
          {
            "origin": [ -12, 18, -4 ],
            "size": [ 6, 6, 6 ],
            "uv": [ 32, 0 ]
          }
        ]
      },
      {
        "name": "head3",
        "pivot": [ 9, 18, -1 ],
        "cubes": [
          {
            "origin": [ 6, 18, -4 ],
            "size": [ 6, 6, 6 ],
            "uv": [ 32, 0 ]
          }
        ]
      }
    ]
  },
  
  "geometry.witherBoss.armor:geometry.witherBoss": {
    "texturewidth": 64,
    "textureheight": 64,

    "bones": [
      {
        "name": "upperBodyPart1",
        "inflate": 2.0,
        "material": "charged"
      },

      {
        "name": "upperBodyPart2",
        "inflate": 2.0,
        "material": "charged"
      },

      {
        "name": "upperBodyPart3",
        "inflate": 2.0,
        "material": "charged"
      },

      {
        "name": "head1",
        "inflate": 2.0,
        "material": "charged"
      },

      {
        "name": "head2",
        "inflate": 2.0,
        "material": "charged"
      },

      {
        "name": "head3",
        "inflate": 2.0,
        "material": "charged"
      }
    ]
  },
  "geometry.agent": {
    "texturewidth": 32,
    "textureheight": 32,
    "bones": [
      {
        "pivot": [ 0.0, 24.0, 0.0 ],
        "rotation": [ 0.0, 0.0, 0.0 ],
        "cubes": [
          {
            "origin": [ -4.0, 5.0, -2.0 ],
            "size": [ 8.0, 4.0, 4.0 ],
            "uv": [ 0.0, 12.0 ]
          },
          {
            "origin": [ -3.0, 3.0, -2.0 ],
            "size": [ 6.0, 2.0, 4.0 ],
            "uv": [ 0.0, 20.0 ]
          }
        ],
        "name": "body"
      },
      {
        "pivot": [ 0.0, 9.0, -0.8 ],
        "rotation": [ 0.0, 0.0, 0.0 ],
        "cubes": [
          {
            "origin": [ -3.0, 9.0, -3.0 ],
            "size": [ 6.0, 7.0, 5.0 ],
            "uv": [ 0.0, 0.0 ]
          },
          {
            "origin": [ -1.0, 9.0, -4.0 ],
            "size": [ 2.0, 3.0, 1.0 ],
            "uv": [ 17.0, 1.0 ]
          }
        ],
        "name": "head"
      },
      {
        "pivot": [ 5.0, 9.0, 0.0 ],
        "rotation": [ 0.0, 0.0, 0.0 ],
        "cubes": [
          {
            "origin": [ 4.0, 0.0, -1.0 ],
            "size": [ 2.0, 9.0, 2.0 ],
            "uv": [ 24.0, 11.0 ]
          }
        ],
        "name": "leftArm"
      },
      {
        "pivot": [ -5.0, 9.0, 0.0 ],
        "rotation": [ 0.0, 0.0, 0.0 ],
        "cubes": [
          {
            "origin": [ -6.0, 0.0, -1.0 ],
            "size": [ 2.0, 9.0, 2.0 ],
            "uv": [ 24.0, 0.0 ]
          }
        ],
        "name": "rightArm"
      },
      {
        "pivot": [ 1.9, 3.0, 0.0 ],
        "rotation": [ 0.0, 0.0, 0.0 ],
        "cubes": [
          {
            "origin": [ 1.0, 0.0, -1.0 ],
            "size": [ 2.0, 3.0, 2.0 ],
            "uv": [ 8.0, 26.0 ]
          }
        ],
        "name": "leftLeg"
      },
      {
        "pivot": [ -1.9, 3.0, 0.0 ],
        "rotation": [ 0.0, 0.0, 0.0 ],
        "cubes": [
          {
            "origin": [ -3.0, 0.0, -1.0 ],
            "size": [ 2.0, 3.0, 2.0 ],
            "uv": [ 0.0, 26.0 ]
          }
        ],
        "name": "rightLeg"
      }
    ]
  }
}
